[33mPerforming SEARCH...[0m
[34mRunning...[0m
[32mFOUND: d:\Projects\Grep\Source\JSONConfig.pas[0m
[35md:\Projects\Grep\Source\JSONConfig.pas (1): unit JSONConfig;[0m
[35md:\Projects\Grep\Source\JSONConfig.pas (9):   System.JSON, System.Generics.Collections;[0m
[35md:\Projects\Grep\Source\JSONConfig.pas (12):   TJSONConfig = class[0m
[35md:\Projects\Grep\Source\JSONConfig.pas (15):     fJSONObject: TJSONObject;[0m
[35md:\Projects\Grep\Source\JSONConfig.pas (18):     function GetJsonValue(const aKey: string): TJsonValue;[0m
[35md:\Projects\Grep\Source\JSONConfig.pas (42):     procedure SetJSONArray(const aKey: string; aValue: TJSONArray);[0m
[35md:\Projects\Grep\Source\JSONConfig.pas (51):     function GetJSONArray(const aKey: string): TJSONArray;[0m
[35md:\Projects\Grep\Source\JSONConfig.pas (59): { TJSONConfig }[0m
[35md:\Projects\Grep\Source\JSONConfig.pas (61): constructor TJSONConfig.Create;[0m
[35md:\Projects\Grep\Source\JSONConfig.pas (64):   fJSONObject := TJSONObject.Create;[0m
[35md:\Projects\Grep\Source\JSONConfig.pas (68): destructor TJSONConfig.Destroy;[0m
[35md:\Projects\Grep\Source\JSONConfig.pas (70):   fJSONObject.Free;[0m
[35md:\Projects\Grep\Source\JSONConfig.pas (74): procedure TJSONConfig.Clear;[0m
[35md:\Projects\Grep\Source\JSONConfig.pas (76):   fJSONObject.Free;[0m
[35md:\Projects\Grep\Source\JSONConfig.pas (77):   fJSONObject := TJSONObject.Create;[0m
[35md:\Projects\Grep\Source\JSONConfig.pas (80): function TJSONConfig.GetJsonValue(const aKey: string): TJsonValue;[0m
[35md:\Projects\Grep\Source\JSONConfig.pas (82):   Result := fJSONObject.GetValue(aKey);[0m
[35md:\Projects\Grep\Source\JSONConfig.pas (85): function TJSONConfig.LoadFromFile(const aFilePath: string; aCreateIfNotExists: Boolean = False): Boolean;[0m
[35md:\Projects\Grep\Source\JSONConfig.pas (87):   jsonString: string;[0m
[35md:\Projects\Grep\Source\JSONConfig.pas (88):   jsonValue: TJsonValue;[0m
[35md:\Projects\Grep\Source\JSONConfig.pas (102):       raise Exception.CreateFmt('TJSONConfig.LoadFromFile: Configuration file not found: %s',[aFilePath]);[0m
[35md:\Projects\Grep\Source\JSONConfig.pas (107):     jsonString := TFile.ReadAllText(aFilePath);[0m
[35md:\Projects\Grep\Source\JSONConfig.pas (108):     jsonValue := TJSONObject.ParseJsonValue(jsonString);[0m
[35md:\Projects\Grep\Source\JSONConfig.pas (110):       if Assigned(jsonValue) and (jsonValue is TJSONObject) then[0m
[35md:\Projects\Grep\Source\JSONConfig.pas (112):         fJSONObject.Free; // Free existing object[0m
[35md:\Projects\Grep\Source\JSONConfig.pas (113):         fJSONObject := jsonValue as TJSONObject; // Assign new object[0m
[35md:\Projects\Grep\Source\JSONConfig.pas (118):         jsonValue.Free; // Free the non-object JSON value[0m
[35md:\Projects\Grep\Source\JSONConfig.pas (119):         raise Exception.CreateFmt('TJSONConfig.LoadFromFile: Invalid JSON structure in file: %s',[aFilePath]);[0m
[35md:\Projects\Grep\Source\JSONConfig.pas (124):         // Ensure jsonValue is freed if an error occurs during parsing or type checking[0m
[35md:\Projects\Grep\Source\JSONConfig.pas (125):         if Assigned(jsonValue) then jsonValue.Free;[0m
[35md:\Projects\Grep\Source\JSONConfig.pas (126):         raise Exception.CreateFmt('TJSONConfig.LoadFromFile: Error parsing JSON from file: %s',[aFilePath]);[0m
[35md:\Projects\Grep\Source\JSONConfig.pas (132):       raise Exception.CreateFmt('TJSONConfig.LoadFromFile: Error reading config file: %s',[aFilePath]);[0m
[35md:\Projects\Grep\Source\JSONConfig.pas (137): function TJSONConfig.SaveToFile(const aFilePath: string): Boolean;[0m
[35md:\Projects\Grep\Source\JSONConfig.pas (143):     TFile.WriteAllText(aFilePath, fJSONObject.ToJSON);[0m
[35md:\Projects\Grep\Source\JSONConfig.pas (148):       raise Exception.CreateFmt('TJSONConfig.SaveToFile: Error saving config file to: %s',[aFilePath]);[0m
[35md:\Projects\Grep\Source\JSONConfig.pas (153): function TJSONConfig.HasKey(const aKey: string): Boolean;[0m
[35md:\Projects\Grep\Source\JSONConfig.pas (155):   Result := GetJsonValue(aKey) <> nil;[0m
[35md:\Projects\Grep\Source\JSONConfig.pas (158): procedure TJSONConfig.DeleteKey(const aKey: string);[0m
[35md:\Projects\Grep\Source\JSONConfig.pas (160):   value: TJsonValue;[0m
[35md:\Projects\Grep\Source\JSONConfig.pas (162):   value := GetJsonValue(aKey);[0m
[35md:\Projects\Grep\Source\JSONConfig.pas (163):   if Assigned(value) then fJSONObject.RemovePair(aKey);[0m
[35md:\Projects\Grep\Source\JSONConfig.pas (166): procedure TJSONConfig.SetString(const aKey, aValue: string);[0m
[35md:\Projects\Grep\Source\JSONConfig.pas (168):   fJSONObject.AddPair(aKey, aValue);[0m
[35md:\Projects\Grep\Source\JSONConfig.pas (171): procedure TJSONConfig.SetInteger(const aKey: string; aValue: Integer);[0m
[35md:\Projects\Grep\Source\JSONConfig.pas (173):   fJSONObject.AddPair(aKey, TJSONNumber.Create(aValue));[0m
[35md:\Projects\Grep\Source\JSONConfig.pas (176): procedure TJSONConfig.SetFloat(const aKey: string; aValue: Double);[0m
[35md:\Projects\Grep\Source\JSONConfig.pas (178):   fJSONObject.AddPair(aKey, TJSONNumber.Create(aValue));[0m
[35md:\Projects\Grep\Source\JSONConfig.pas (181): procedure TJSONConfig.SetBoolean(const aKey: string; aValue: Boolean);[0m
[35md:\Projects\Grep\Source\JSONConfig.pas (183):   fJSONObject.AddPair(aKey, TJSONBool.Create(aValue));[0m
[35md:\Projects\Grep\Source\JSONConfig.pas (186): procedure TJSONConfig.SetDateTime(const aKey: string; aValue: TDateTime);[0m
[35md:\Projects\Grep\Source\JSONConfig.pas (190):   fJSONObject.AddPair(aKey, DateToISO8601(aValue));[0m
[35md:\Projects\Grep\Source\JSONConfig.pas (193): procedure TJSONConfig.SetTime(const aKey: string; aValue: TTime);[0m
[35md:\Projects\Grep\Source\JSONConfig.pas (195):   fJSONObject.AddPair(aKey, FormatDateTime('hh:nn', aValue));[0m
[35md:\Projects\Grep\Source\JSONConfig.pas (198): procedure TJSONConfig.SetJSONArray(const aKey: string; aValue: TJSONArray);[0m
[35md:\Projects\Grep\Source\JSONConfig.pas (202):   fJSONObject.AddPair(aKey, TJSONArray(aValue.Clone));[0m
[35md:\Projects\Grep\Source\JSONConfig.pas (205): function TJSONConfig.GetString(const aKey: string; const aDefault: string): string;[0m
[35md:\Projects\Grep\Source\JSONConfig.pas (207):   jsonValue: TJsonValue;[0m
[35md:\Projects\Grep\Source\JSONConfig.pas (209):   jsonValue := GetJsonValue(aKey);[0m
[35md:\Projects\Grep\Source\JSONConfig.pas (210):   if Assigned(jsonValue) and (jsonValue is TJSONString) then[0m
[35md:\Projects\Grep\Source\JSONConfig.pas (211):     Result := TJSONString(jsonValue).Value[0m
[35md:\Projects\Grep\Source\JSONConfig.pas (216): function TJSONConfig.GetInteger(const aKey: string; const aDefault: Integer): Integer;[0m
[35md:\Projects\Grep\Source\JSONConfig.pas (218):   jsonValue: TJsonValue;[0m
[35md:\Projects\Grep\Source\JSONConfig.pas (221):   jsonValue := GetJsonValue(aKey);[0m
[35md:\Projects\Grep\Source\JSONConfig.pas (222):   if Assigned(jsonValue) then[0m
[35md:\Projects\Grep\Source\JSONConfig.pas (224):     if (jsonValue is TJSONNumber) then[0m
[35md:\Projects\Grep\Source\JSONConfig.pas (227):         Result := TJSONNumber(jsonValue).AsInt;[0m
[35md:\Projects\Grep\Source\JSONConfig.pas (231):           raise Exception.CreateFmt('TJSONConfig.GetInteger: Error converting JSON number to Integer for Key: %s', [aKey]);[0m
[35md:\Projects\Grep\Source\JSONConfig.pas (237):       raise Exception.CreateFmt('TJSONConfig.GetInteger: Value for Key "%s" is not a JSON Number.', [aKey]);[0m
[35md:\Projects\Grep\Source\JSONConfig.pas (242): function TJSONConfig.GetFloat(const aKey: string; const aDefault: Double): Double;[0m
[35md:\Projects\Grep\Source\JSONConfig.pas (244):   jsonValue: TJsonValue;[0m
[35md:\Projects\Grep\Source\JSONConfig.pas (247):   jsonValue := GetJsonValue(aKey);[0m
[35md:\Projects\Grep\Source\JSONConfig.pas (248):   if Assigned(jsonValue) then[0m
[35md:\Projects\Grep\Source\JSONConfig.pas (250):     if (jsonValue is TJSONNumber) then[0m
[35md:\Projects\Grep\Source\JSONConfig.pas (253):         Result := TJSONNumber(jsonValue).AsDouble;[0m
[35md:\Projects\Grep\Source\JSONConfig.pas (257):           raise Exception.CreateFmt('TJSONConfig.GetFloat: Error converting JSON number to Float for Key: %s', [aKey]);[0m
[35md:\Projects\Grep\Source\JSONConfig.pas (263):       raise Exception.CreateFmt('TJSONConfig.GetFloat: Value for Key "%s" is not a JSON Number.', [aKey]);[0m
[35md:\Projects\Grep\Source\JSONConfig.pas (268): function TJSONConfig.GetBoolean(const aKey: string; const aDefault: Boolean): Boolean;[0m
[35md:\Projects\Grep\Source\JSONConfig.pas (270):   jsonValue: TJsonValue;[0m
[35md:\Projects\Grep\Source\JSONConfig.pas (272):   jsonValue := GetJsonValue(aKey);[0m
[35md:\Projects\Grep\Source\JSONConfig.pas (273):   if Assigned(jsonValue) and (jsonValue is TJSONBool) then[0m
[35md:\Projects\Grep\Source\JSONConfig.pas (274):     Result := TJSONBool(jsonValue).AsBoolean[0m
[35md:\Projects\Grep\Source\JSONConfig.pas (279): function TJSONConfig.GetDateTime(const aKey: string; const aDefault: TDateTime): TDateTime;[0m
[35md:\Projects\Grep\Source\JSONConfig.pas (281):   jsonValue: TJsonValue;[0m
[35md:\Projects\Grep\Source\JSONConfig.pas (285):   jsonValue := GetJsonValue(aKey);[0m
[35md:\Projects\Grep\Source\JSONConfig.pas (286):   if Assigned(jsonValue) then[0m
[35md:\Projects\Grep\Source\JSONConfig.pas (288):     if (jsonValue is TJSONString) then[0m
[35md:\Projects\Grep\Source\JSONConfig.pas (290):       datetimeStr := TJSONString(jsonValue).Value;[0m
[35md:\Projects\Grep\Source\JSONConfig.pas (297):           raise Exception.CreateFmt('TJSONConfig.GetDateTime: Error parsing DateTime string for key %s', [aKey]);[0m
[35md:\Projects\Grep\Source\JSONConfig.pas (303):       raise Exception.CreateFmt('TJSONConfig.GetDateTime: Value for Key "%s" is not a JSON String.', [aKey]);[0m
[35md:\Projects\Grep\Source\JSONConfig.pas (308): function TJSONConfig.GetTime(const aKey: string; const aDefault: TTime): TTime;[0m
[35md:\Projects\Grep\Source\JSONConfig.pas (310):   jsonValue: TJsonValue;[0m
[35md:\Projects\Grep\Source\JSONConfig.pas (314):   jsonValue := GetJsonValue(aKey);[0m
[35md:\Projects\Grep\Source\JSONConfig.pas (315):   if Assigned(jsonValue) then[0m
[35md:\Projects\Grep\Source\JSONConfig.pas (317):     if (jsonValue is TJSONString) then[0m
[35md:\Projects\Grep\Source\JSONConfig.pas (319):       timeStr := TJSONString(jsonValue).Value;[0m
[35md:\Projects\Grep\Source\JSONConfig.pas (325):           raise Exception.CreateFmt('TJSONConfig.GetTime: Error parsing Time string for key %s', [aKey]);[0m
[35md:\Projects\Grep\Source\JSONConfig.pas (331):       raise Exception.CreateFmt('TJSONConfig.GetTime: Value for Key "%s" is not a JSON String.', [aKey]);[0m
[35md:\Projects\Grep\Source\JSONConfig.pas (336): function TJSONConfig.GetJSONArray(const aKey: string): TJSONArray;[0m
[35md:\Projects\Grep\Source\JSONConfig.pas (338):   jsonValue: TJsonValue;[0m
[35md:\Projects\Grep\Source\JSONConfig.pas (341):   jsonValue := GetJsonValue(aKey);[0m
[35md:\Projects\Grep\Source\JSONConfig.pas (342):   if Assigned(jsonValue) and (jsonValue is TJSONArray) then[0m
[35md:\Projects\Grep\Source\JSONConfig.pas (344):     Result := TJSONArray(jsonValue.Clone)[0m
[35md:\Projects\Grep\Source\JSONConfig.pas (348): function TJSONConfig.GetValue: string;[0m
[35md:\Projects\Grep\Source\JSONConfig.pas (350):   Result := fJSONObject.ToJSON;[0m
[35md:\Projects\Grep\Source\JSONConfig.pas (353): procedure TJSONConfig.SetValue(const aValue: string);[0m
[35md:\Projects\Grep\Source\JSONConfig.pas (355):   newJSONObject: TJSONObject;[0m
[35md:\Projects\Grep\Source\JSONConfig.pas (356):   jsonValue: TJsonValue;[0m
[35md:\Projects\Grep\Source\JSONConfig.pas (358):   jsonValue := nil; // Initialize to nil[0m
[35md:\Projects\Grep\Source\JSONConfig.pas (360):     jsonValue := TJSONObject.ParseJsonValue(aValue); // Parse the input string[0m
[35md:\Projects\Grep\Source\JSONConfig.pas (361):     if Assigned(jsonValue) and (jsonValue is TJSONObject) then[0m
[35md:\Projects\Grep\Source\JSONConfig.pas (363):       newJSONObject := jsonValue as TJSONObject; // Cast to TJSONObject[0m
[35md:\Projects\Grep\Source\JSONConfig.pas (364):       fJSONObject.Free; // Free the old object to prevent memory leaks[0m
[35md:\Projects\Grep\Source\JSONConfig.pas (365):       fJSONObject := newJSONObject; // Assign the new object[0m
[35md:\Projects\Grep\Source\JSONConfig.pas (369):       // If parsing fails or the root is not a JSON object, raise an exception[0m
[35md:\Projects\Grep\Source\JSONConfig.pas (370):       raise Exception.Create('TJSONConfig.SetValue: Invalid JSON format or not a JSON Object.');[0m
[35md:\Projects\Grep\Source\JSONConfig.pas (373):     // Ensure JSONValue is freed only if it's not the one assigned to fJSONObject[0m
[35md:\Projects\Grep\Source\JSONConfig.pas (374):     if Assigned(jsonValue) and (jsonValue <> fJSONObject) then jsonValue.Free;[0m
[32mFOUND: d:\Projects\Grep\Source\Logger.pas[0m
[35md:\Projects\Grep\Source\Logger.pas (11):   System.JSON;[0m
[35md:\Projects\Grep\Source\Logger.pas (16):   TLogOutputFormat = (Text, CSV, JSON); // Enumerated type for output format[0m
[35md:\Projects\Grep\Source\Logger.pas (34):       fOutputFormat: TLogOutputFormat; // Output format (Text, CSV or JSON)[0m
[35md:\Projects\Grep\Source\Logger.pas (36):       fJSONFileInitialized: Boolean;  // Track if we need to start JSON array[0m
[35md:\Projects\Grep\Source\Logger.pas (42):     class function LogToJSON(const aLogEntry: TLogEntry): string;[0m
[35md:\Projects\Grep\Source\Logger.pas (45):     class procedure InitializeJSONFile;[0m
[35md:\Projects\Grep\Source\Logger.pas (46):     class procedure WriteJSONToFile(const aJSON: string);[0m
[35md:\Projects\Grep\Source\Logger.pas (73):   TLogger.fJSONFileInitialized := False;[0m
[35md:\Projects\Grep\Source\Logger.pas (88):     if fOutputFormat = TLogOutputFormat.JSON then maxLines := 3;[0m
[35md:\Projects\Grep\Source\Logger.pas (206):     TLogOutputFormat.JSON:[0m
[35md:\Projects\Grep\Source\Logger.pas (208):         logLine := TLogger.LogToJSON(aLogEntry);[0m
[35md:\Projects\Grep\Source\Logger.pas (209):         if not logLine.IsEmpty then WriteJSONToFile(logLine);[0m
[35md:\Projects\Grep\Source\Logger.pas (245): class function TLogger.LogToJSON(const aLogEntry: TLogEntry): string;[0m
[35md:\Projects\Grep\Source\Logger.pas (248):   jsonObj: TJSONObject;[0m
[35md:\Projects\Grep\Source\Logger.pas (254):     // Create a JSON object for the log entry[0m
[35md:\Projects\Grep\Source\Logger.pas (255):     jsonObj := TJSONObject.Create;[0m
[35md:\Projects\Grep\Source\Logger.pas (257):       jsonObj.AddPair('LogTime', FormatDateTime('yyyy-mm-dd hh:nn:ss', aLogEntry.LogTime));[0m
[35md:\Projects\Grep\Source\Logger.pas (258):       jsonObj.AddPair('UserID', aLogEntry.UserID);[0m
[35md:\Projects\Grep\Source\Logger.pas (259):       jsonObj.AddPair('LogObject', aLogEntry.LogObject);[0m
[35md:\Projects\Grep\Source\Logger.pas (260):       jsonObj.AddPair('Description', aLogEntry.Description);[0m
[35md:\Projects\Grep\Source\Logger.pas (261):       jsonObj.AddPair('LogStatus', StatusStr);[0m
[35md:\Projects\Grep\Source\Logger.pas (262):       Result := jsonObj.ToString;[0m
[35md:\Projects\Grep\Source\Logger.pas (264):       jsonObj.Free;[0m
[35md:\Projects\Grep\Source\Logger.pas (268): 	    raise Exception.CreateFmt('TLogger.LogToJSON,Error when creating the log entry: %s', [e.Message]);[0m
[35md:\Projects\Grep\Source\Logger.pas (273): class procedure TLogger.InitializeJSONFile;[0m
[35md:\Projects\Grep\Source\Logger.pas (285):       fJSONFileInitialized := True;[0m
[35md:\Projects\Grep\Source\Logger.pas (299):         fJSONFileInitialized := True;[0m
[35md:\Projects\Grep\Source\Logger.pas (308): class procedure TLogger.WriteJSONToFile(const aJSON: string);[0m
[35md:\Projects\Grep\Source\Logger.pas (325):   if ( (not fJSONFileInitialized) and (not logExists) ) then[0m
[35md:\Projects\Grep\Source\Logger.pas (326):     InitializeJSONFile;[0m
[35md:\Projects\Grep\Source\Logger.pas (345):         // Subsequent entry: prefix with comma, add new JSON, and re-add closing ']'[0m
[35md:\Projects\Grep\Source\Logger.pas (346):         buffer := TEncoding.UTF8.GetBytes(',' + sLineBreak + aJSON + sLineBreak + ']')[0m
[35md:\Projects\Grep\Source\Logger.pas (348):         // First entry: just add new JSON, and add the closing ']'[0m
[35md:\Projects\Grep\Source\Logger.pas (350):         buffer := TEncoding.UTF8.GetBytes(aJSON + sLineBreak + ']');[0m
[35md:\Projects\Grep\Source\Logger.pas (364):       fJSONFileInitialized := True;[0m
[32mFOUND: d:\Projects\Grep - Copy\Source\JSONConfig.pas[0m
[35md:\Projects\Grep - Copy\Source\JSONConfig.pas (1): unit JSONConfig;[0m
[35md:\Projects\Grep - Copy\Source\JSONConfig.pas (9):   System.JSON, System.Generics.Collections;[0m
[35md:\Projects\Grep - Copy\Source\JSONConfig.pas (12):   TJSONConfig = class[0m
[35md:\Projects\Grep - Copy\Source\JSONConfig.pas (15):     fJSONObject: TJSONObject;[0m
[35md:\Projects\Grep - Copy\Source\JSONConfig.pas (18):     function GetJsonValue(const aKey: string): TJsonValue;[0m
[35md:\Projects\Grep - Copy\Source\JSONConfig.pas (42):     procedure SetJSONArray(const aKey: string; aValue: TJSONArray);[0m
[35md:\Projects\Grep - Copy\Source\JSONConfig.pas (51):     function GetJSONArray(const aKey: string): TJSONArray;[0m
[35md:\Projects\Grep - Copy\Source\JSONConfig.pas (59): { TJSONConfig }[0m
[35md:\Projects\Grep - Copy\Source\JSONConfig.pas (61): constructor TJSONConfig.Create;[0m
[35md:\Projects\Grep - Copy\Source\JSONConfig.pas (64):   fJSONObject := TJSONObject.Create;[0m
[35md:\Projects\Grep - Copy\Source\JSONConfig.pas (68): destructor TJSONConfig.Destroy;[0m
[35md:\Projects\Grep - Copy\Source\JSONConfig.pas (70):   fJSONObject.Free;[0m
[35md:\Projects\Grep - Copy\Source\JSONConfig.pas (74): procedure TJSONConfig.Clear;[0m
[35md:\Projects\Grep - Copy\Source\JSONConfig.pas (76):   fJSONObject.Free;[0m
[35md:\Projects\Grep - Copy\Source\JSONConfig.pas (77):   fJSONObject := TJSONObject.Create;[0m
[35md:\Projects\Grep - Copy\Source\JSONConfig.pas (80): function TJSONConfig.GetJsonValue(const aKey: string): TJsonValue;[0m
[35md:\Projects\Grep - Copy\Source\JSONConfig.pas (82):   Result := fJSONObject.GetValue(aKey);[0m
[35md:\Projects\Grep - Copy\Source\JSONConfig.pas (85): function TJSONConfig.LoadFromFile(const aFilePath: string; aCreateIfNotExists: Boolean = False): Boolean;[0m
[35md:\Projects\Grep - Copy\Source\JSONConfig.pas (87):   jsonString: string;[0m
[35md:\Projects\Grep - Copy\Source\JSONConfig.pas (88):   jsonValue: TJsonValue;[0m
[35md:\Projects\Grep - Copy\Source\JSONConfig.pas (102):       raise Exception.CreateFmt('TJSONConfig.LoadFromFile: Configuration file not found: %s',[aFilePath]);[0m
[35md:\Projects\Grep - Copy\Source\JSONConfig.pas (107):     jsonString := TFile.ReadAllText(aFilePath);[0m
[35md:\Projects\Grep - Copy\Source\JSONConfig.pas (108):     jsonValue := TJSONObject.ParseJsonValue(jsonString);[0m
[35md:\Projects\Grep - Copy\Source\JSONConfig.pas (110):       if Assigned(jsonValue) and (jsonValue is TJSONObject) then[0m
[35md:\Projects\Grep - Copy\Source\JSONConfig.pas (112):         fJSONObject.Free; // Free existing object[0m
[35md:\Projects\Grep - Copy\Source\JSONConfig.pas (113):         fJSONObject := jsonValue as TJSONObject; // Assign new object[0m
[35md:\Projects\Grep - Copy\Source\JSONConfig.pas (118):         jsonValue.Free; // Free the non-object JSON value[0m
[35md:\Projects\Grep - Copy\Source\JSONConfig.pas (119):         raise Exception.CreateFmt('TJSONConfig.LoadFromFile: Invalid JSON structure in file: %s',[aFilePath]);[0m
[35md:\Projects\Grep - Copy\Source\JSONConfig.pas (124):         // Ensure jsonValue is freed if an error occurs during parsing or type checking[0m
[35md:\Projects\Grep - Copy\Source\JSONConfig.pas (125):         if Assigned(jsonValue) then jsonValue.Free;[0m
[35md:\Projects\Grep - Copy\Source\JSONConfig.pas (126):         raise Exception.CreateFmt('TJSONConfig.LoadFromFile: Error parsing JSON from file: %s',[aFilePath]);[0m
[35md:\Projects\Grep - Copy\Source\JSONConfig.pas (132):       raise Exception.CreateFmt('TJSONConfig.LoadFromFile: Error reading config file: %s',[aFilePath]);[0m
[35md:\Projects\Grep - Copy\Source\JSONConfig.pas (137): function TJSONConfig.SaveToFile(const aFilePath: string): Boolean;[0m
[35md:\Projects\Grep - Copy\Source\JSONConfig.pas (143):     TFile.WriteAllText(aFilePath, fJSONObject.ToJSON);[0m
[35md:\Projects\Grep - Copy\Source\JSONConfig.pas (148):       raise Exception.CreateFmt('TJSONConfig.SaveToFile: Error saving config file to: %s',[aFilePath]);[0m
[35md:\Projects\Grep - Copy\Source\JSONConfig.pas (153): function TJSONConfig.HasKey(const aKey: string): Boolean;[0m
[35md:\Projects\Grep - Copy\Source\JSONConfig.pas (155):   Result := GetJsonValue(aKey) <> nil;[0m
[35md:\Projects\Grep - Copy\Source\JSONConfig.pas (158): procedure TJSONConfig.DeleteKey(const aKey: string);[0m
[35md:\Projects\Grep - Copy\Source\JSONConfig.pas (160):   value: TJsonValue;[0m
[35md:\Projects\Grep - Copy\Source\JSONConfig.pas (162):   value := GetJsonValue(aKey);[0m
[35md:\Projects\Grep - Copy\Source\JSONConfig.pas (163):   if Assigned(value) then fJSONObject.RemovePair(aKey);[0m
[35md:\Projects\Grep - Copy\Source\JSONConfig.pas (166): procedure TJSONConfig.SetString(const aKey, aValue: string);[0m
[35md:\Projects\Grep - Copy\Source\JSONConfig.pas (168):   fJSONObject.AddPair(aKey, aValue);[0m
[35md:\Projects\Grep - Copy\Source\JSONConfig.pas (171): procedure TJSONConfig.SetInteger(const aKey: string; aValue: Integer);[0m
[35md:\Projects\Grep - Copy\Source\JSONConfig.pas (173):   fJSONObject.AddPair(aKey, TJSONNumber.Create(aValue));[0m
[35md:\Projects\Grep - Copy\Source\JSONConfig.pas (176): procedure TJSONConfig.SetFloat(const aKey: string; aValue: Double);[0m
[35md:\Projects\Grep - Copy\Source\JSONConfig.pas (178):   fJSONObject.AddPair(aKey, TJSONNumber.Create(aValue));[0m
[35md:\Projects\Grep - Copy\Source\JSONConfig.pas (181): procedure TJSONConfig.SetBoolean(const aKey: string; aValue: Boolean);[0m
[35md:\Projects\Grep - Copy\Source\JSONConfig.pas (183):   fJSONObject.AddPair(aKey, TJSONBool.Create(aValue));[0m
[35md:\Projects\Grep - Copy\Source\JSONConfig.pas (186): procedure TJSONConfig.SetDateTime(const aKey: string; aValue: TDateTime);[0m
[35md:\Projects\Grep - Copy\Source\JSONConfig.pas (190):   fJSONObject.AddPair(aKey, DateToISO8601(aValue));[0m
[35md:\Projects\Grep - Copy\Source\JSONConfig.pas (193): procedure TJSONConfig.SetTime(const aKey: string; aValue: TTime);[0m
[35md:\Projects\Grep - Copy\Source\JSONConfig.pas (195):   fJSONObject.AddPair(aKey, FormatDateTime('hh:nn', aValue));[0m
[35md:\Projects\Grep - Copy\Source\JSONConfig.pas (198): procedure TJSONConfig.SetJSONArray(const aKey: string; aValue: TJSONArray);[0m
[35md:\Projects\Grep - Copy\Source\JSONConfig.pas (202):   fJSONObject.AddPair(aKey, TJSONArray(aValue.Clone));[0m
[35md:\Projects\Grep - Copy\Source\JSONConfig.pas (205): function TJSONConfig.GetString(const aKey: string; const aDefault: string): string;[0m
[35md:\Projects\Grep - Copy\Source\JSONConfig.pas (207):   jsonValue: TJsonValue;[0m
[35md:\Projects\Grep - Copy\Source\JSONConfig.pas (209):   jsonValue := GetJsonValue(aKey);[0m
[35md:\Projects\Grep - Copy\Source\JSONConfig.pas (210):   if Assigned(jsonValue) and (jsonValue is TJSONString) then[0m
[35md:\Projects\Grep - Copy\Source\JSONConfig.pas (211):     Result := TJSONString(jsonValue).Value[0m
[35md:\Projects\Grep - Copy\Source\JSONConfig.pas (216): function TJSONConfig.GetInteger(const aKey: string; const aDefault: Integer): Integer;[0m
[35md:\Projects\Grep - Copy\Source\JSONConfig.pas (218):   jsonValue: TJsonValue;[0m
[35md:\Projects\Grep - Copy\Source\JSONConfig.pas (221):   jsonValue := GetJsonValue(aKey);[0m
[35md:\Projects\Grep - Copy\Source\JSONConfig.pas (222):   if Assigned(jsonValue) then[0m
[35md:\Projects\Grep - Copy\Source\JSONConfig.pas (224):     if (jsonValue is TJSONNumber) then[0m
[35md:\Projects\Grep - Copy\Source\JSONConfig.pas (227):         Result := TJSONNumber(jsonValue).AsInt;[0m
[35md:\Projects\Grep - Copy\Source\JSONConfig.pas (231):           raise Exception.CreateFmt('TJSONConfig.GetInteger: Error converting JSON number to Integer for Key: %s', [aKey]);[0m
[35md:\Projects\Grep - Copy\Source\JSONConfig.pas (237):       raise Exception.CreateFmt('TJSONConfig.GetInteger: Value for Key "%s" is not a JSON Number.', [aKey]);[0m
[35md:\Projects\Grep - Copy\Source\JSONConfig.pas (242): function TJSONConfig.GetFloat(const aKey: string; const aDefault: Double): Double;[0m
[35md:\Projects\Grep - Copy\Source\JSONConfig.pas (244):   jsonValue: TJsonValue;[0m
[35md:\Projects\Grep - Copy\Source\JSONConfig.pas (247):   jsonValue := GetJsonValue(aKey);[0m
[35md:\Projects\Grep - Copy\Source\JSONConfig.pas (248):   if Assigned(jsonValue) then[0m
[35md:\Projects\Grep - Copy\Source\JSONConfig.pas (250):     if (jsonValue is TJSONNumber) then[0m
[35md:\Projects\Grep - Copy\Source\JSONConfig.pas (253):         Result := TJSONNumber(jsonValue).AsDouble;[0m
[35md:\Projects\Grep - Copy\Source\JSONConfig.pas (257):           raise Exception.CreateFmt('TJSONConfig.GetFloat: Error converting JSON number to Float for Key: %s', [aKey]);[0m
[35md:\Projects\Grep - Copy\Source\JSONConfig.pas (263):       raise Exception.CreateFmt('TJSONConfig.GetFloat: Value for Key "%s" is not a JSON Number.', [aKey]);[0m
[35md:\Projects\Grep - Copy\Source\JSONConfig.pas (268): function TJSONConfig.GetBoolean(const aKey: string; const aDefault: Boolean): Boolean;[0m
[35md:\Projects\Grep - Copy\Source\JSONConfig.pas (270):   jsonValue: TJsonValue;[0m
[35md:\Projects\Grep - Copy\Source\JSONConfig.pas (272):   jsonValue := GetJsonValue(aKey);[0m
[35md:\Projects\Grep - Copy\Source\JSONConfig.pas (273):   if Assigned(jsonValue) and (jsonValue is TJSONBool) then[0m
[35md:\Projects\Grep - Copy\Source\JSONConfig.pas (274):     Result := TJSONBool(jsonValue).AsBoolean[0m
[35md:\Projects\Grep - Copy\Source\JSONConfig.pas (279): function TJSONConfig.GetDateTime(const aKey: string; const aDefault: TDateTime): TDateTime;[0m
[35md:\Projects\Grep - Copy\Source\JSONConfig.pas (281):   jsonValue: TJsonValue;[0m
[35md:\Projects\Grep - Copy\Source\JSONConfig.pas (285):   jsonValue := GetJsonValue(aKey);[0m
[35md:\Projects\Grep - Copy\Source\JSONConfig.pas (286):   if Assigned(jsonValue) then[0m
[35md:\Projects\Grep - Copy\Source\JSONConfig.pas (288):     if (jsonValue is TJSONString) then[0m
[35md:\Projects\Grep - Copy\Source\JSONConfig.pas (290):       datetimeStr := TJSONString(jsonValue).Value;[0m
[35md:\Projects\Grep - Copy\Source\JSONConfig.pas (297):           raise Exception.CreateFmt('TJSONConfig.GetDateTime: Error parsing DateTime string for key %s', [aKey]);[0m
[35md:\Projects\Grep - Copy\Source\JSONConfig.pas (303):       raise Exception.CreateFmt('TJSONConfig.GetDateTime: Value for Key "%s" is not a JSON String.', [aKey]);[0m
[35md:\Projects\Grep - Copy\Source\JSONConfig.pas (308): function TJSONConfig.GetTime(const aKey: string; const aDefault: TTime): TTime;[0m
[35md:\Projects\Grep - Copy\Source\JSONConfig.pas (310):   jsonValue: TJsonValue;[0m
[35md:\Projects\Grep - Copy\Source\JSONConfig.pas (314):   jsonValue := GetJsonValue(aKey);[0m
[35md:\Projects\Grep - Copy\Source\JSONConfig.pas (315):   if Assigned(jsonValue) then[0m
[35md:\Projects\Grep - Copy\Source\JSONConfig.pas (317):     if (jsonValue is TJSONString) then[0m
[35md:\Projects\Grep - Copy\Source\JSONConfig.pas (319):       timeStr := TJSONString(jsonValue).Value;[0m
[35md:\Projects\Grep - Copy\Source\JSONConfig.pas (325):           raise Exception.CreateFmt('TJSONConfig.GetTime: Error parsing Time string for key %s', [aKey]);[0m
[35md:\Projects\Grep - Copy\Source\JSONConfig.pas (331):       raise Exception.CreateFmt('TJSONConfig.GetTime: Value for Key "%s" is not a JSON String.', [aKey]);[0m
[35md:\Projects\Grep - Copy\Source\JSONConfig.pas (336): function TJSONConfig.GetJSONArray(const aKey: string): TJSONArray;[0m
[35md:\Projects\Grep - Copy\Source\JSONConfig.pas (338):   jsonValue: TJsonValue;[0m
[35md:\Projects\Grep - Copy\Source\JSONConfig.pas (341):   jsonValue := GetJsonValue(aKey);[0m
[35md:\Projects\Grep - Copy\Source\JSONConfig.pas (342):   if Assigned(jsonValue) and (jsonValue is TJSONArray) then[0m
[35md:\Projects\Grep - Copy\Source\JSONConfig.pas (344):     Result := TJSONArray(jsonValue.Clone)[0m
[35md:\Projects\Grep - Copy\Source\JSONConfig.pas (348): function TJSONConfig.GetValue: string;[0m
[35md:\Projects\Grep - Copy\Source\JSONConfig.pas (350):   Result := fJSONObject.ToJSON;[0m
[35md:\Projects\Grep - Copy\Source\JSONConfig.pas (353): procedure TJSONConfig.SetValue(const aValue: string);[0m
[35md:\Projects\Grep - Copy\Source\JSONConfig.pas (355):   newJSONObject: TJSONObject;[0m
[35md:\Projects\Grep - Copy\Source\JSONConfig.pas (356):   jsonValue: TJsonValue;[0m
[35md:\Projects\Grep - Copy\Source\JSONConfig.pas (358):   jsonValue := nil; // Initialize to nil[0m
[35md:\Projects\Grep - Copy\Source\JSONConfig.pas (360):     jsonValue := TJSONObject.ParseJsonValue(aValue); // Parse the input string[0m
[35md:\Projects\Grep - Copy\Source\JSONConfig.pas (361):     if Assigned(jsonValue) and (jsonValue is TJSONObject) then[0m
[35md:\Projects\Grep - Copy\Source\JSONConfig.pas (363):       newJSONObject := jsonValue as TJSONObject; // Cast to TJSONObject[0m
[35md:\Projects\Grep - Copy\Source\JSONConfig.pas (364):       fJSONObject.Free; // Free the old object to prevent memory leaks[0m
[35md:\Projects\Grep - Copy\Source\JSONConfig.pas (365):       fJSONObject := newJSONObject; // Assign the new object[0m
[35md:\Projects\Grep - Copy\Source\JSONConfig.pas (369):       // If parsing fails or the root is not a JSON object, raise an exception[0m
[35md:\Projects\Grep - Copy\Source\JSONConfig.pas (370):       raise Exception.Create('TJSONConfig.SetValue: Invalid JSON format or not a JSON Object.');[0m
[35md:\Projects\Grep - Copy\Source\JSONConfig.pas (373):     // Ensure JSONValue is freed only if it's not the one assigned to fJSONObject[0m
[35md:\Projects\Grep - Copy\Source\JSONConfig.pas (374):     if Assigned(jsonValue) and (jsonValue <> fJSONObject) then jsonValue.Free;[0m
[32mFOUND: d:\Projects\Grep - Copy\Source\Logger.pas[0m
[35md:\Projects\Grep - Copy\Source\Logger.pas (11):   System.JSON;[0m
[35md:\Projects\Grep - Copy\Source\Logger.pas (16):   TLogOutputFormat = (Text, CSV, JSON); // Enumerated type for output format[0m
[35md:\Projects\Grep - Copy\Source\Logger.pas (34):       fOutputFormat: TLogOutputFormat; // Output format (Text, CSV or JSON)[0m
[35md:\Projects\Grep - Copy\Source\Logger.pas (36):       fJSONFileInitialized: Boolean;  // Track if we need to start JSON array[0m
[35md:\Projects\Grep - Copy\Source\Logger.pas (42):     class function LogToJSON(const aLogEntry: TLogEntry): string;[0m
[35md:\Projects\Grep - Copy\Source\Logger.pas (45):     class procedure InitializeJSONFile;[0m
[35md:\Projects\Grep - Copy\Source\Logger.pas (46):     class procedure WriteJSONToFile(const aJSON: string);[0m
[35md:\Projects\Grep - Copy\Source\Logger.pas (73):   TLogger.fJSONFileInitialized := False;[0m
[35md:\Projects\Grep - Copy\Source\Logger.pas (88):     if fOutputFormat = TLogOutputFormat.JSON then maxLines := 3;[0m
[35md:\Projects\Grep - Copy\Source\Logger.pas (206):     TLogOutputFormat.JSON:[0m
[35md:\Projects\Grep - Copy\Source\Logger.pas (208):         logLine := TLogger.LogToJSON(aLogEntry);[0m
[35md:\Projects\Grep - Copy\Source\Logger.pas (209):         if not logLine.IsEmpty then WriteJSONToFile(logLine);[0m
[35md:\Projects\Grep - Copy\Source\Logger.pas (245): class function TLogger.LogToJSON(const aLogEntry: TLogEntry): string;[0m
[35md:\Projects\Grep - Copy\Source\Logger.pas (248):   jsonObj: TJSONObject;[0m
[35md:\Projects\Grep - Copy\Source\Logger.pas (254):     // Create a JSON object for the log entry[0m
[35md:\Projects\Grep - Copy\Source\Logger.pas (255):     jsonObj := TJSONObject.Create;[0m
[35md:\Projects\Grep - Copy\Source\Logger.pas (257):       jsonObj.AddPair('LogTime', FormatDateTime('yyyy-mm-dd hh:nn:ss', aLogEntry.LogTime));[0m
[35md:\Projects\Grep - Copy\Source\Logger.pas (258):       jsonObj.AddPair('UserID', aLogEntry.UserID);[0m
[35md:\Projects\Grep - Copy\Source\Logger.pas (259):       jsonObj.AddPair('LogObject', aLogEntry.LogObject);[0m
[35md:\Projects\Grep - Copy\Source\Logger.pas (260):       jsonObj.AddPair('Description', aLogEntry.Description);[0m
[35md:\Projects\Grep - Copy\Source\Logger.pas (261):       jsonObj.AddPair('LogStatus', StatusStr);[0m
[35md:\Projects\Grep - Copy\Source\Logger.pas (262):       Result := jsonObj.ToString;[0m
[35md:\Projects\Grep - Copy\Source\Logger.pas (264):       jsonObj.Free;[0m
[35md:\Projects\Grep - Copy\Source\Logger.pas (268): 	    raise Exception.CreateFmt('TLogger.LogToJSON,Error when creating the log entry: %s', [e.Message]);[0m
[35md:\Projects\Grep - Copy\Source\Logger.pas (273): class procedure TLogger.InitializeJSONFile;[0m
[35md:\Projects\Grep - Copy\Source\Logger.pas (285):       fJSONFileInitialized := True;[0m
[35md:\Projects\Grep - Copy\Source\Logger.pas (299):         fJSONFileInitialized := True;[0m
[35md:\Projects\Grep - Copy\Source\Logger.pas (308): class procedure TLogger.WriteJSONToFile(const aJSON: string);[0m
[35md:\Projects\Grep - Copy\Source\Logger.pas (325):   if ( (not fJSONFileInitialized) and (not logExists) ) then[0m
[35md:\Projects\Grep - Copy\Source\Logger.pas (326):     InitializeJSONFile;[0m
[35md:\Projects\Grep - Copy\Source\Logger.pas (345):         // Subsequent entry: prefix with comma, add new JSON, and re-add closing ']'[0m
[35md:\Projects\Grep - Copy\Source\Logger.pas (346):         buffer := TEncoding.UTF8.GetBytes(',' + sLineBreak + aJSON + sLineBreak + ']')[0m
[35md:\Projects\Grep - Copy\Source\Logger.pas (348):         // First entry: just add new JSON, and add the closing ']'[0m
[35md:\Projects\Grep - Copy\Source\Logger.pas (350):         buffer := TEncoding.UTF8.GetBytes(aJSON + sLineBreak + ']');[0m
[35md:\Projects\Grep - Copy\Source\Logger.pas (364):       fJSONFileInitialized := True;[0m
[32mFOUND: d:\Projects\Notifier\Source\JSONConfig.pas[0m
[35md:\Projects\Notifier\Source\JSONConfig.pas (1): unit JSONConfig;[0m
[35md:\Projects\Notifier\Source\JSONConfig.pas (9):   System.JSON, System.Generics.Collections;[0m
[35md:\Projects\Notifier\Source\JSONConfig.pas (12):   TJSONConfig = class[0m
[35md:\Projects\Notifier\Source\JSONConfig.pas (15):     fJSONObject: TJSONObject;[0m
[35md:\Projects\Notifier\Source\JSONConfig.pas (18):     function GetJsonValue(const aKey: string): TJsonValue;[0m
[35md:\Projects\Notifier\Source\JSONConfig.pas (42):     procedure SetJSONArray(const aKey: string; aValue: TJSONArray);[0m
[35md:\Projects\Notifier\Source\JSONConfig.pas (51):     function GetJSONArray(const aKey: string): TJSONArray;[0m
[35md:\Projects\Notifier\Source\JSONConfig.pas (59): { TJSONConfig }[0m
[35md:\Projects\Notifier\Source\JSONConfig.pas (61): constructor TJSONConfig.Create;[0m
[35md:\Projects\Notifier\Source\JSONConfig.pas (64):   fJSONObject := TJSONObject.Create;[0m
[35md:\Projects\Notifier\Source\JSONConfig.pas (68): destructor TJSONConfig.Destroy;[0m
[35md:\Projects\Notifier\Source\JSONConfig.pas (70):   fJSONObject.Free;[0m
[35md:\Projects\Notifier\Source\JSONConfig.pas (74): procedure TJSONConfig.Clear;[0m
[35md:\Projects\Notifier\Source\JSONConfig.pas (76):   fJSONObject.Free;[0m
[35md:\Projects\Notifier\Source\JSONConfig.pas (77):   fJSONObject := TJSONObject.Create;[0m
[35md:\Projects\Notifier\Source\JSONConfig.pas (80): function TJSONConfig.GetJsonValue(const aKey: string): TJsonValue;[0m
[35md:\Projects\Notifier\Source\JSONConfig.pas (82):   Result := fJSONObject.GetValue(aKey);[0m
[35md:\Projects\Notifier\Source\JSONConfig.pas (85): function TJSONConfig.LoadFromFile(const aFilePath: string; aCreateIfNotExists: Boolean = False): Boolean;[0m
[35md:\Projects\Notifier\Source\JSONConfig.pas (87):   jsonString: string;[0m
[35md:\Projects\Notifier\Source\JSONConfig.pas (88):   jsonValue: TJsonValue;[0m
[35md:\Projects\Notifier\Source\JSONConfig.pas (102):       raise Exception.CreateFmt('TJSONConfig.LoadFromFile: Configuration file not found: %s',[aFilePath]);[0m
[35md:\Projects\Notifier\Source\JSONConfig.pas (107):     jsonString := TFile.ReadAllText(aFilePath);[0m
[35md:\Projects\Notifier\Source\JSONConfig.pas (108):     jsonValue := TJSONObject.ParseJsonValue(jsonString);[0m
[35md:\Projects\Notifier\Source\JSONConfig.pas (110):       if Assigned(jsonValue) and (jsonValue is TJSONObject) then[0m
[35md:\Projects\Notifier\Source\JSONConfig.pas (112):         fJSONObject.Free; // Free existing object[0m
[35md:\Projects\Notifier\Source\JSONConfig.pas (113):         fJSONObject := jsonValue as TJSONObject; // Assign new object[0m
[35md:\Projects\Notifier\Source\JSONConfig.pas (118):         jsonValue.Free; // Free the non-object JSON value[0m
[35md:\Projects\Notifier\Source\JSONConfig.pas (119):         raise Exception.CreateFmt('TJSONConfig.LoadFromFile: Invalid JSON structure in file: %s',[aFilePath]);[0m
[35md:\Projects\Notifier\Source\JSONConfig.pas (124):         // Ensure jsonValue is freed if an error occurs during parsing or type checking[0m
[35md:\Projects\Notifier\Source\JSONConfig.pas (125):         if Assigned(jsonValue) then jsonValue.Free;[0m
[35md:\Projects\Notifier\Source\JSONConfig.pas (126):         raise Exception.CreateFmt('TJSONConfig.LoadFromFile: Error parsing JSON from file: %s',[aFilePath]);[0m
[35md:\Projects\Notifier\Source\JSONConfig.pas (132):       raise Exception.CreateFmt('TJSONConfig.LoadFromFile: Error reading config file: %s',[aFilePath]);[0m
[35md:\Projects\Notifier\Source\JSONConfig.pas (137): function TJSONConfig.SaveToFile(const aFilePath: string): Boolean;[0m
[35md:\Projects\Notifier\Source\JSONConfig.pas (143):     TFile.WriteAllText(aFilePath, fJSONObject.ToJSON);[0m
[35md:\Projects\Notifier\Source\JSONConfig.pas (148):       raise Exception.CreateFmt('TJSONConfig.SaveToFile: Error saving config file to: %s',[aFilePath]);[0m
[35md:\Projects\Notifier\Source\JSONConfig.pas (153): function TJSONConfig.HasKey(const aKey: string): Boolean;[0m
[35md:\Projects\Notifier\Source\JSONConfig.pas (155):   Result := GetJsonValue(aKey) <> nil;[0m
[35md:\Projects\Notifier\Source\JSONConfig.pas (158): procedure TJSONConfig.DeleteKey(const aKey: string);[0m
[35md:\Projects\Notifier\Source\JSONConfig.pas (160):   value: TJsonValue;[0m
[35md:\Projects\Notifier\Source\JSONConfig.pas (162):   value := GetJsonValue(aKey);[0m
[35md:\Projects\Notifier\Source\JSONConfig.pas (163):   if Assigned(value) then fJSONObject.RemovePair(aKey);[0m
[35md:\Projects\Notifier\Source\JSONConfig.pas (166): procedure TJSONConfig.SetString(const aKey, aValue: string);[0m
[35md:\Projects\Notifier\Source\JSONConfig.pas (168):   fJSONObject.AddPair(aKey, aValue);[0m
[35md:\Projects\Notifier\Source\JSONConfig.pas (171): procedure TJSONConfig.SetInteger(const aKey: string; aValue: Integer);[0m
[35md:\Projects\Notifier\Source\JSONConfig.pas (173):   fJSONObject.AddPair(aKey, TJSONNumber.Create(aValue));[0m
[35md:\Projects\Notifier\Source\JSONConfig.pas (176): procedure TJSONConfig.SetFloat(const aKey: string; aValue: Double);[0m
[35md:\Projects\Notifier\Source\JSONConfig.pas (178):   fJSONObject.AddPair(aKey, TJSONNumber.Create(aValue));[0m
[35md:\Projects\Notifier\Source\JSONConfig.pas (181): procedure TJSONConfig.SetBoolean(const aKey: string; aValue: Boolean);[0m
[35md:\Projects\Notifier\Source\JSONConfig.pas (183):   fJSONObject.AddPair(aKey, TJSONBool.Create(aValue));[0m
[35md:\Projects\Notifier\Source\JSONConfig.pas (186): procedure TJSONConfig.SetDateTime(const aKey: string; aValue: TDateTime);[0m
[35md:\Projects\Notifier\Source\JSONConfig.pas (190):   fJSONObject.AddPair(aKey, DateToISO8601(aValue));[0m
[35md:\Projects\Notifier\Source\JSONConfig.pas (193): procedure TJSONConfig.SetTime(const aKey: string; aValue: TTime);[0m
[35md:\Projects\Notifier\Source\JSONConfig.pas (195):   fJSONObject.AddPair(aKey, FormatDateTime('hh:nn', aValue));[0m
[35md:\Projects\Notifier\Source\JSONConfig.pas (198): procedure TJSONConfig.SetJSONArray(const aKey: string; aValue: TJSONArray);[0m
[35md:\Projects\Notifier\Source\JSONConfig.pas (202):   fJSONObject.AddPair(aKey, TJSONArray(aValue.Clone));[0m
[35md:\Projects\Notifier\Source\JSONConfig.pas (205): function TJSONConfig.GetString(const aKey: string; const aDefault: string): string;[0m
[35md:\Projects\Notifier\Source\JSONConfig.pas (207):   jsonValue: TJsonValue;[0m
[35md:\Projects\Notifier\Source\JSONConfig.pas (209):   jsonValue := GetJsonValue(aKey);[0m
[35md:\Projects\Notifier\Source\JSONConfig.pas (210):   if Assigned(jsonValue) and (jsonValue is TJSONString) then[0m
[35md:\Projects\Notifier\Source\JSONConfig.pas (211):     Result := TJSONString(jsonValue).Value[0m
[35md:\Projects\Notifier\Source\JSONConfig.pas (216): function TJSONConfig.GetInteger(const aKey: string; const aDefault: Integer): Integer;[0m
[35md:\Projects\Notifier\Source\JSONConfig.pas (218):   jsonValue: TJsonValue;[0m
[35md:\Projects\Notifier\Source\JSONConfig.pas (221):   jsonValue := GetJsonValue(aKey);[0m
[35md:\Projects\Notifier\Source\JSONConfig.pas (222):   if Assigned(jsonValue) then[0m
[35md:\Projects\Notifier\Source\JSONConfig.pas (224):     if (jsonValue is TJSONNumber) then[0m
[35md:\Projects\Notifier\Source\JSONConfig.pas (227):         Result := TJSONNumber(jsonValue).AsInt;[0m
[35md:\Projects\Notifier\Source\JSONConfig.pas (231):           raise Exception.CreateFmt('TJSONConfig.GetInteger: Error converting JSON number to Integer for Key: %s', [aKey]);[0m
[35md:\Projects\Notifier\Source\JSONConfig.pas (237):       raise Exception.CreateFmt('TJSONConfig.GetInteger: Value for Key "%s" is not a JSON Number.', [aKey]);[0m
[35md:\Projects\Notifier\Source\JSONConfig.pas (242): function TJSONConfig.GetFloat(const aKey: string; const aDefault: Double): Double;[0m
[35md:\Projects\Notifier\Source\JSONConfig.pas (244):   jsonValue: TJsonValue;[0m
[35md:\Projects\Notifier\Source\JSONConfig.pas (247):   jsonValue := GetJsonValue(aKey);[0m
[35md:\Projects\Notifier\Source\JSONConfig.pas (248):   if Assigned(jsonValue) then[0m
[35md:\Projects\Notifier\Source\JSONConfig.pas (250):     if (jsonValue is TJSONNumber) then[0m
[35md:\Projects\Notifier\Source\JSONConfig.pas (253):         Result := TJSONNumber(jsonValue).AsDouble;[0m
[35md:\Projects\Notifier\Source\JSONConfig.pas (257):           raise Exception.CreateFmt('TJSONConfig.GetFloat: Error converting JSON number to Float for Key: %s', [aKey]);[0m
[35md:\Projects\Notifier\Source\JSONConfig.pas (263):       raise Exception.CreateFmt('TJSONConfig.GetFloat: Value for Key "%s" is not a JSON Number.', [aKey]);[0m
[35md:\Projects\Notifier\Source\JSONConfig.pas (268): function TJSONConfig.GetBoolean(const aKey: string; const aDefault: Boolean): Boolean;[0m
[35md:\Projects\Notifier\Source\JSONConfig.pas (270):   jsonValue: TJsonValue;[0m
[35md:\Projects\Notifier\Source\JSONConfig.pas (272):   jsonValue := GetJsonValue(aKey);[0m
[35md:\Projects\Notifier\Source\JSONConfig.pas (273):   if Assigned(jsonValue) and (jsonValue is TJSONBool) then[0m
[35md:\Projects\Notifier\Source\JSONConfig.pas (274):     Result := TJSONBool(jsonValue).AsBoolean[0m
[35md:\Projects\Notifier\Source\JSONConfig.pas (279): function TJSONConfig.GetDateTime(const aKey: string; const aDefault: TDateTime): TDateTime;[0m
[35md:\Projects\Notifier\Source\JSONConfig.pas (281):   jsonValue: TJsonValue;[0m
[35md:\Projects\Notifier\Source\JSONConfig.pas (285):   jsonValue := GetJsonValue(aKey);[0m
[35md:\Projects\Notifier\Source\JSONConfig.pas (286):   if Assigned(jsonValue) then[0m
[35md:\Projects\Notifier\Source\JSONConfig.pas (288):     if (jsonValue is TJSONString) then[0m
[35md:\Projects\Notifier\Source\JSONConfig.pas (290):       datetimeStr := TJSONString(jsonValue).Value;[0m
[35md:\Projects\Notifier\Source\JSONConfig.pas (297):           raise Exception.CreateFmt('TJSONConfig.GetDateTime: Error parsing DateTime string for key %s', [aKey]);[0m
[35md:\Projects\Notifier\Source\JSONConfig.pas (303):       raise Exception.CreateFmt('TJSONConfig.GetDateTime: Value for Key "%s" is not a JSON String.', [aKey]);[0m
[35md:\Projects\Notifier\Source\JSONConfig.pas (308): function TJSONConfig.GetTime(const aKey: string; const aDefault: TTime): TTime;[0m
[35md:\Projects\Notifier\Source\JSONConfig.pas (310):   jsonValue: TJsonValue;[0m
[35md:\Projects\Notifier\Source\JSONConfig.pas (314):   jsonValue := GetJsonValue(aKey);[0m
[35md:\Projects\Notifier\Source\JSONConfig.pas (315):   if Assigned(jsonValue) then[0m
[35md:\Projects\Notifier\Source\JSONConfig.pas (317):     if (jsonValue is TJSONString) then[0m
[35md:\Projects\Notifier\Source\JSONConfig.pas (319):       timeStr := TJSONString(jsonValue).Value;[0m
[35md:\Projects\Notifier\Source\JSONConfig.pas (325):           raise Exception.CreateFmt('TJSONConfig.GetTime: Error parsing Time string for key %s', [aKey]);[0m
[35md:\Projects\Notifier\Source\JSONConfig.pas (331):       raise Exception.CreateFmt('TJSONConfig.GetTime: Value for Key "%s" is not a JSON String.', [aKey]);[0m
[35md:\Projects\Notifier\Source\JSONConfig.pas (336): function TJSONConfig.GetJSONArray(const aKey: string): TJSONArray;[0m
[35md:\Projects\Notifier\Source\JSONConfig.pas (338):   jsonValue: TJsonValue;[0m
[35md:\Projects\Notifier\Source\JSONConfig.pas (341):   jsonValue := GetJsonValue(aKey);[0m
[35md:\Projects\Notifier\Source\JSONConfig.pas (342):   if Assigned(jsonValue) and (jsonValue is TJSONArray) then[0m
[35md:\Projects\Notifier\Source\JSONConfig.pas (344):     Result := TJSONArray(jsonValue.Clone)[0m
[35md:\Projects\Notifier\Source\JSONConfig.pas (348): function TJSONConfig.GetValue: string;[0m
[35md:\Projects\Notifier\Source\JSONConfig.pas (350):   Result := fJSONObject.ToJSON;[0m
[35md:\Projects\Notifier\Source\JSONConfig.pas (353): procedure TJSONConfig.SetValue(const aValue: string);[0m
[35md:\Projects\Notifier\Source\JSONConfig.pas (355):   newJSONObject: TJSONObject;[0m
[35md:\Projects\Notifier\Source\JSONConfig.pas (356):   jsonValue: TJsonValue;[0m
[35md:\Projects\Notifier\Source\JSONConfig.pas (358):   jsonValue := nil; // Initialize to nil[0m
[35md:\Projects\Notifier\Source\JSONConfig.pas (360):     jsonValue := TJSONObject.ParseJsonValue(aValue); // Parse the input string[0m
[35md:\Projects\Notifier\Source\JSONConfig.pas (361):     if Assigned(jsonValue) and (jsonValue is TJSONObject) then[0m
[35md:\Projects\Notifier\Source\JSONConfig.pas (363):       newJSONObject := jsonValue as TJSONObject; // Cast to TJSONObject[0m
[35md:\Projects\Notifier\Source\JSONConfig.pas (364):       fJSONObject.Free; // Free the old object to prevent memory leaks[0m
[35md:\Projects\Notifier\Source\JSONConfig.pas (365):       fJSONObject := newJSONObject; // Assign the new object[0m
[35md:\Projects\Notifier\Source\JSONConfig.pas (369):       // If parsing fails or the root is not a JSON object, raise an exception[0m
[35md:\Projects\Notifier\Source\JSONConfig.pas (370):       raise Exception.Create('TJSONConfig.SetValue: Invalid JSON format or not a JSON Object.');[0m
[35md:\Projects\Notifier\Source\JSONConfig.pas (373):     // Ensure JSONValue is freed only if it's not the one assigned to fJSONObject[0m
[35md:\Projects\Notifier\Source\JSONConfig.pas (374):     if Assigned(jsonValue) and (jsonValue <> fJSONObject) then jsonValue.Free;[0m
[32mFOUND: d:\Projects\Notifier\Source\Main.pas[0m
[35md:\Projects\Notifier\Source\Main.pas (7):   System.SysUtils, System.Variants, System.Classes, System.IOUtils, System.JSON, System.DateUtils,[0m
[35md:\Projects\Notifier\Source\Main.pas (12):   NtfyClient, JSONConfig, NotifierSettings;[0m
[35md:\Projects\Notifier\Source\Main.pas (61):     FConfig: TJSONConfig;[0m
[35md:\Projects\Notifier\Source\Main.pas (96):   CONFIG_FILE = 'ntfy_settings.json';[0m
[35md:\Projects\Notifier\Source\Main.pas (105):   FConfig := TJSONConfig.Create;[0m
[32mFOUND: d:\Projects\Notifier\Source\MainReceive.pas[0m
[35md:\Projects\Notifier\Source\MainReceive.pas (7):   System.SysUtils, System.Variants, System.Classes, System.IOUtils, System.JSON, System.DateUtils,[0m
[35md:\Projects\Notifier\Source\MainReceive.pas (11):   NtfyClient, JSONConfig, NotifierSettings, NtfyEmoji, MessageDisplay,[0m
[35md:\Projects\Notifier\Source\MainReceive.pas (51):     FConfig: TJSONConfig;[0m
[35md:\Projects\Notifier\Source\MainReceive.pas (82):   CONFIG_FILE = 'NtfyConfig.json';[0m
[35md:\Projects\Notifier\Source\MainReceive.pas (91):   FConfig := TJSONConfig.Create;[0m
[32mFOUND: d:\Projects\Notifier\Source\MainSend.pas[0m
[35md:\Projects\Notifier\Source\MainSend.pas (7):   System.SysUtils, System.Variants, System.Classes, System.IOUtils, System.JSON, System.DateUtils,[0m
[35md:\Projects\Notifier\Source\MainSend.pas (10):   NtfyClient, JSONConfig, NotifierSettings;[0m
[35md:\Projects\Notifier\Source\MainSend.pas (46):     FConfig: TJSONConfig;[0m
[35md:\Projects\Notifier\Source\MainSend.pas (75):   CONFIG_FILE = 'NtfyConfig.json';[0m
[35md:\Projects\Notifier\Source\MainSend.pas (85):   FConfig := TJSONConfig.Create;[0m
[32mFOUND: d:\Projects\Notifier\Source\NotifierSettings.pas[0m
[35md:\Projects\Notifier\Source\NotifierSettings.pas (7):   System.SysUtils, System.Variants, System.Classes, System.JSON, Vcl.Graphics,[0m
[35md:\Projects\Notifier\Source\NotifierSettings.pas (12):   JSONConfig, NtfyClient;[0m
[35md:\Projects\Notifier\Source\NotifierSettings.pas (56):     procedure Read(aConfig: TJSONConfig);[0m
[35md:\Projects\Notifier\Source\NotifierSettings.pas (57):     procedure Write(aConfig: TJSONConfig);[0m
[35md:\Projects\Notifier\Source\NotifierSettings.pas (103):     FConfig: TJSONConfig;[0m
[35md:\Projects\Notifier\Source\NotifierSettings.pas (241): procedure TSettings.Read(aConfig: TJSONConfig);[0m
[35md:\Projects\Notifier\Source\NotifierSettings.pas (244):   tagsArray: TJSONArray;[0m
[35md:\Projects\Notifier\Source\NotifierSettings.pas (245):   attachmentHistoryArray: TJSONArray;[0m
[35md:\Projects\Notifier\Source\NotifierSettings.pas (267):   tagsArray := aConfig.GetJSONArray('TagsList');[0m
[35md:\Projects\Notifier\Source\NotifierSettings.pas (273):         if tagsArray.Items[I] is TJSONString then[0m
[35md:\Projects\Notifier\Source\NotifierSettings.pas (274):           FTagsList.Add(TJSONString(tagsArray.Items[I]).Value);[0m
[35md:\Projects\Notifier\Source\NotifierSettings.pas (282):   attachmentHistoryArray := aConfig.GetJSONArray('AttachmentHistory');[0m
[35md:\Projects\Notifier\Source\NotifierSettings.pas (288):         if attachmentHistoryArray.Items[I] is TJSONString then[0m
[35md:\Projects\Notifier\Source\NotifierSettings.pas (289):           FAttachmentHistory.Add(TJSONString(attachmentHistoryArray.Items[I]).Value);[0m
[35md:\Projects\Notifier\Source\NotifierSettings.pas (297): procedure TSettings.Write(aConfig: TJSONConfig);[0m
[35md:\Projects\Notifier\Source\NotifierSettings.pas (299):   tagsArray: TJSONArray;[0m
[35md:\Projects\Notifier\Source\NotifierSettings.pas (300):   attachmentHistoryArray: TJSONArray;[0m
[35md:\Projects\Notifier\Source\NotifierSettings.pas (320):   tagsArray := TJSONArray.Create;[0m
[35md:\Projects\Notifier\Source\NotifierSettings.pas (324):     aConfig.SetJSONArray('TagsList', tagsArray);[0m
[35md:\Projects\Notifier\Source\NotifierSettings.pas (329):   attachmentHistoryArray := TJSONArray.Create;[0m
[35md:\Projects\Notifier\Source\NotifierSettings.pas (333):     aConfig.SetJSONArray('AttachmentHistory', attachmentHistoryArray);[0m
[35md:\Projects\Notifier\Source\NotifierSettings.pas (344):   FConfig := TJSONConfig.Create;[0m
[32mFOUND: d:\Projects\Notifier\Source\NtfyClient.pas[0m
[35md:\Projects\Notifier\Source\NtfyClient.pas (6):   System.SysUtils, System.Classes, System.JSON, System.IOUtils,[0m
[35md:\Projects\Notifier\Source\NtfyClient.pas (214):   cJSON: TJSONValue;[0m
[35md:\Projects\Notifier\Source\NtfyClient.pas (228):   cTagsValue: TJSONValue;[0m
[35md:\Projects\Notifier\Source\NtfyClient.pas (229):   cAttachmentValue: TJSONValue;[0m
[35md:\Projects\Notifier\Source\NtfyClient.pas (230):   cAttachmentObject: TJSONObject;[0m
[35md:\Projects\Notifier\Source\NtfyClient.pas (231):   cTagsArray: TJSONArray;[0m
[35md:\Projects\Notifier\Source\NtfyClient.pas (239):     cRequest.Resource := FTopic + '/json';[0m
[35md:\Projects\Notifier\Source\NtfyClient.pas (261):             cJSON := TJSONObject.ParseJSONValue(cLine);[0m
[35md:\Projects\Notifier\Source\NtfyClient.pas (262):             if Assigned(cJSON) then[0m
[35md:\Projects\Notifier\Source\NtfyClient.pas (264):               if cJSON.TryGetValue<string>('event', cEvent) and (cEvent = cEventMessage) then[0m
[35md:\Projects\Notifier\Source\NtfyClient.pas (266):                 if not cJSON.TryGetValue<string>('id', cID) then[0m
[35md:\Projects\Notifier\Source\NtfyClient.pas (268):                 if not cJSON.TryGetValue<string>('message', cMessage) then[0m
[35md:\Projects\Notifier\Source\NtfyClient.pas (270):                 if not cJSON.TryGetValue<string>('title', cTitle) then[0m
[35md:\Projects\Notifier\Source\NtfyClient.pas (272):                 if not cJSON.TryGetValue<Int64>('time', cTime) then[0m
[35md:\Projects\Notifier\Source\NtfyClient.pas (277):                 if cJSON.TryGetValue<TJSONValue>('tags', cTagsValue) and (cTagsValue is TJSONArray) then[0m
[35md:\Projects\Notifier\Source\NtfyClient.pas (279):                   cTagsArray := TJSONArray(cTagsValue);[0m
[35md:\Projects\Notifier\Source\NtfyClient.pas (291):                 if not cJSON.TryGetValue<Integer>('priority', cPriority) then[0m
[35md:\Projects\Notifier\Source\NtfyClient.pas (293):                   if cJSON.TryGetValue<string>('priority', cPriorityText) then[0m
[35md:\Projects\Notifier\Source\NtfyClient.pas (303):                 if cJSON.TryGetValue<TJSONValue>('attachment', cAttachmentValue) and (cAttachmentValue is TJSONObject) then[0m
[35md:\Projects\Notifier\Source\NtfyClient.pas (305):                   cAttachmentObject := TJSONObject(cAttachmentValue);[0m
[35md:\Projects\Notifier\Source\NtfyClient.pas (319):               cJSON.Free;[0m
[32mFOUND: d:\Projects\Notifier\_Saved\NtfyClient-NET-method.pas[0m
[35md:\Projects\Notifier\_Saved\NtfyClient-NET-method.pas (6):   System.SysUtils, System.Classes, System.Net.HttpClient, System.Net.URLClient, System.JSON;[0m
[35md:\Projects\Notifier\_Saved\NtfyClient-NET-method.pas (128):   cJSON: TJSONValue;[0m
[35md:\Projects\Notifier\_Saved\NtfyClient-NET-method.pas (134):   cURL := FServerURL + '/' + FTopic + '/json?poll=1';[0m
[35md:\Projects\Notifier\_Saved\NtfyClient-NET-method.pas (147):         { The poll endpoint returns NDJSON (Newline Delimited JSON). [0m
[35md:\Projects\Notifier\_Saved\NtfyClient-NET-method.pas (148):           We split by line and parse each JSON object independently. }[0m
[35md:\Projects\Notifier\_Saved\NtfyClient-NET-method.pas (157):           cJSON := TJSONObject.ParseJSONValue(cLine);[0m
[35md:\Projects\Notifier\_Saved\NtfyClient-NET-method.pas (158):           if Assigned(cJSON) then[0m
[35md:\Projects\Notifier\_Saved\NtfyClient-NET-method.pas (161):             if cJSON.TryGetValue<string>('event', cEvent) and (cEvent = cEventMessage) then[0m
[35md:\Projects\Notifier\_Saved\NtfyClient-NET-method.pas (163):               cJSON.TryGetValue<string>('id', cID);[0m
[35md:\Projects\Notifier\_Saved\NtfyClient-NET-method.pas (164):               cJSON.TryGetValue<string>('message', cMessage);[0m
[35md:\Projects\Notifier\_Saved\NtfyClient-NET-method.pas (166):               if not cJSON.TryGetValue<string>('title', cTitle) then cTitle := '';[0m
[35md:\Projects\Notifier\_Saved\NtfyClient-NET-method.pas (167):               if not cJSON.TryGetValue<string>('tags', cTags) then cTags := '';[0m
[35md:\Projects\Notifier\_Saved\NtfyClient-NET-method.pas (168):               if not cJSON.TryGetValue<Int64>('time', cTime) then cTime := 0;[0m
[35md:\Projects\Notifier\_Saved\NtfyClient-NET-method.pas (177):             cJSON.Free;[0m
[32mFOUND: d:\Projects\_Archives\JSONDatasetConvertor.pas[0m
[35md:\Projects\_Archives\JSONDatasetConvertor.pas (1): unit JsonDatasetConverter;[0m
[35md:\Projects\_Archives\JSONDatasetConvertor.pas (6):   System.Classes, System.SysUtils, System.JSON, System.Variants, [0m
[35md:\Projects\_Archives\JSONDatasetConvertor.pas (11):   TJsonFieldType = (jftString, jftInteger, jftFloat, jftBoolean, jftDateTime, [0m
[35md:\Projects\_Archives\JSONDatasetConvertor.pas (16):     FieldType: TJsonFieldType;[0m
[35md:\Projects\_Archives\JSONDatasetConvertor.pas (21):   TJsonToDatasetConverter = class[0m
[35md:\Projects\_Archives\JSONDatasetConvertor.pas (31):     function DetectFieldType(const AValue: TJSONValue; var AMaxLength: Integer): TJsonFieldType;[0m
[35md:\Projects\_Archives\JSONDatasetConvertor.pas (35):     procedure AnalyzeJsonStructure(const AJson: TJSONValue; const APrefix: string = '');[0m
[35md:\Projects\_Archives\JSONDatasetConvertor.pas (37):     procedure PopulateDatasetFromJson(const AJson: TJSONValue);[0m
[35md:\Projects\_Archives\JSONDatasetConvertor.pas (38):     procedure ProcessJsonObject(const AJsonObj: TJSONObject; const ARecord: TClientDataSet);[0m
[35md:\Projects\_Archives\JSONDatasetConvertor.pas (39):     procedure ProcessJsonObjectFlattened(const AJsonObj: TJSONObject; const ARecord: TClientDataSet; const APrefix: string = '');[0m
[35md:\Projects\_Archives\JSONDatasetConvertor.pas (40):     procedure ProcessJsonArray(const AJsonArray: TJSONArray; const AFieldName: string; const ARecord: TClientDataSet);[0m
[35md:\Projects\_Archives\JSONDatasetConvertor.pas (41):     function JsonValueToVariant(const AValue: TJSONValue; AFieldType: TJsonFieldType): Variant;[0m
[35md:\Projects\_Archives\JSONDatasetConvertor.pas (50):     function JsonStringToDataset(const AJsonString: string): TClientDataSet;[0m
[35md:\Projects\_Archives\JSONDatasetConvertor.pas (51):     function JsonObjectToDataset(const AJsonObject: TJSONObject): TClientDataSet;[0m
[35md:\Projects\_Archives\JSONDatasetConvertor.pas (52):     function JsonArrayToDataset(const AJsonArray: TJSONArray): TClientDataSet;[0m
[35md:\Projects\_Archives\JSONDatasetConvertor.pas (68): constructor TJsonToDatasetConverter.Create;[0m
[35md:\Projects\_Archives\JSONDatasetConvertor.pas (90): destructor TJsonToDatasetConverter.Destroy;[0m
[35md:\Projects\_Archives\JSONDatasetConvertor.pas (97): function TJsonToDatasetConverter.SanitizeFieldName(const AName: string): string;[0m
[35md:\Projects\_Archives\JSONDatasetConvertor.pas (118): function TJsonToDatasetConverter.TryParseDateTime(const AValue: string; out ADateTime: TDateTime): Boolean;[0m
[35md:\Projects\_Archives\JSONDatasetConvertor.pas (163): function TJsonToDatasetConverter.TryParseDate(const AValue: string; out ADate: TDateTime): Boolean;[0m
[35md:\Projects\_Archives\JSONDatasetConvertor.pas (170): function TJsonToDatasetConverter.TryParseTime(const AValue: string; out ATime: TDateTime): Boolean;[0m
[35md:\Projects\_Archives\JSONDatasetConvertor.pas (177): function TJsonToDatasetConverter.DetectFieldType(const AValue: TJSONValue; var AMaxLength: Integer): TJsonFieldType;[0m
[35md:\Projects\_Archives\JSONDatasetConvertor.pas (184):   if AValue is TJSONNull then[0m
[35md:\Projects\_Archives\JSONDatasetConvertor.pas (190):   if AValue is TJSONBool then[0m
[35md:\Projects\_Archives\JSONDatasetConvertor.pas (196):   if AValue is TJSONNumber then[0m
[35md:\Projects\_Archives\JSONDatasetConvertor.pas (198):     if TJSONNumber(AValue).AsDouble = Trunc(TJSONNumber(AValue).AsDouble) then[0m
[35md:\Projects\_Archives\JSONDatasetConvertor.pas (205):   if AValue is TJSONArray then[0m
[35md:\Projects\_Archives\JSONDatasetConvertor.pas (211):   if AValue is TJSONObject then[0m
[35md:\Projects\_Archives\JSONDatasetConvertor.pas (218):   if AValue is TJSONString then[0m
[35md:\Projects\_Archives\JSONDatasetConvertor.pas (255): procedure TJsonToDatasetConverter.AnalyzeJsonStructure(const AJson: TJSONValue; const APrefix: string);[0m
[35md:\Projects\_Archives\JSONDatasetConvertor.pas (257):   JsonObj: TJSONObject;[0m
[35md:\Projects\_Archives\JSONDatasetConvertor.pas (258):   JsonArray: TJSONArray;[0m
[35md:\Projects\_Archives\JSONDatasetConvertor.pas (259):   Pair: TJSONPair;[0m
[35md:\Projects\_Archives\JSONDatasetConvertor.pas (266):   if AJson is TJSONObject then[0m
[35md:\Projects\_Archives\JSONDatasetConvertor.pas (268):     JsonObj := TJSONObject(AJson);[0m
[35md:\Projects\_Archives\JSONDatasetConvertor.pas (269):     for Pair in JsonObj do[0m
[35md:\Projects\_Archives\JSONDatasetConvertor.pas (271):       FieldName := SanitizeFieldName(APrefix + Pair.JsonString.Value);[0m
[35md:\Projects\_Archives\JSONDatasetConvertor.pas (275):       FieldInfo.FieldType := DetectFieldType(Pair.JsonValue, MaxLen);[0m
[35md:\Projects\_Archives\JSONDatasetConvertor.pas (302):       if Pair.JsonValue is TJSONObject then[0m
[35md:\Projects\_Archives\JSONDatasetConvertor.pas (303):         AnalyzeJsonStructure(Pair.JsonValue, APrefix + Pair.JsonString.Value + '_')[0m
[35md:\Projects\_Archives\JSONDatasetConvertor.pas (304):       else if Pair.JsonValue is TJSONArray then[0m
[35md:\Projects\_Archives\JSONDatasetConvertor.pas (306):         JsonArray := TJSONArray(Pair.JsonValue);[0m
[35md:\Projects\_Archives\JSONDatasetConvertor.pas (307):         if JsonArray.Count > 0 then[0m
[35md:\Projects\_Archives\JSONDatasetConvertor.pas (310):           if JsonArray.Items[0] is TJSONObject then[0m
[35md:\Projects\_Archives\JSONDatasetConvertor.pas (311):             AnalyzeJsonStructure(JsonArray.Items[0], APrefix + Pair.JsonString.Value + '_');[0m
[35md:\Projects\_Archives\JSONDatasetConvertor.pas (316):   else if AJson is TJSONArray then[0m
[35md:\Projects\_Archives\JSONDatasetConvertor.pas (318):     JsonArray := TJSONArray(AJson);[0m
[35md:\Projects\_Archives\JSONDatasetConvertor.pas (319):     for i := 0 to JsonArray.Count - 1 do[0m
[35md:\Projects\_Archives\JSONDatasetConvertor.pas (321):       AnalyzeJsonStructure(JsonArray.Items[i], APrefix);[0m
[35md:\Projects\_Archives\JSONDatasetConvertor.pas (326): procedure TJsonToDatasetConverter.CreateDatasetFields;[0m
[35md:\Projects\_Archives\JSONDatasetConvertor.pas (370): function TJsonToDatasetConverter.GetFieldInfo(const AFieldName: string): TFieldInfo;[0m
[35md:\Projects\_Archives\JSONDatasetConvertor.pas (390): function TJsonToDatasetConverter.JsonValueToVariant(const AValue: TJSONValue; AFieldType: TJsonFieldType): Variant;[0m
[35md:\Projects\_Archives\JSONDatasetConvertor.pas (395):   if AValue is TJSONNull then[0m
[35md:\Projects\_Archives\JSONDatasetConvertor.pas (405):       if AValue is TJSONNumber then[0m
[35md:\Projects\_Archives\JSONDatasetConvertor.pas (406):         Result := TJSONNumber(AValue).AsInt64[0m
[35md:\Projects\_Archives\JSONDatasetConvertor.pas (410):       if AValue is TJSONNumber then[0m
[35md:\Projects\_Archives\JSONDatasetConvertor.pas (411):         Result := TJSONNumber(AValue).AsDouble[0m
[35md:\Projects\_Archives\JSONDatasetConvertor.pas (415):       if AValue is TJSONBool then[0m
[35md:\Projects\_Archives\JSONDatasetConvertor.pas (416):         Result := TJSONBool(AValue).AsBoolean[0m
[35md:\Projects\_Archives\JSONDatasetConvertor.pas (428):       Result := AValue.ToJSON;[0m
[35md:\Projects\_Archives\JSONDatasetConvertor.pas (436): procedure TJsonToDatasetConverter.SetFieldValue(const ARecord: TClientDataSet; const AFieldName: string; const AValue: Variant);[0m
[35md:\Projects\_Archives\JSONDatasetConvertor.pas (457): procedure TJsonToDatasetConverter.ProcessJsonObjectFlattened(const AJsonObj: TJSONObject; const ARecord: TClientDataSet; const APrefix: string);[0m
[35md:\Projects\_Archives\JSONDatasetConvertor.pas (459):   Pair: TJSONPair;[0m
[35md:\Projects\_Archives\JSONDatasetConvertor.pas (464):   for Pair in AJsonObj do[0m
[35md:\Projects\_Archives\JSONDatasetConvertor.pas (466):     FieldName := SanitizeFieldName(APrefix + Pair.JsonString.Value);[0m
[35md:\Projects\_Archives\JSONDatasetConvertor.pas (469):     if Pair.JsonValue is TJSONObject then[0m
[35md:\Projects\_Archives\JSONDatasetConvertor.pas (472):       ProcessJsonObjectFlattened(TJSONObject(Pair.JsonValue), ARecord, APrefix + Pair.JsonString.Value + '_');[0m
[35md:\Projects\_Archives\JSONDatasetConvertor.pas (474):     else if Pair.JsonValue is TJSONArray then[0m
[35md:\Projects\_Archives\JSONDatasetConvertor.pas (476):       // Store array as JSON string[0m
[35md:\Projects\_Archives\JSONDatasetConvertor.pas (477):       SetFieldValue(ARecord, FieldName, Pair.JsonValue.ToJSON);[0m
[35md:\Projects\_Archives\JSONDatasetConvertor.pas (481):       Value := JsonValueToVariant(Pair.JsonValue, FieldInfo.FieldType);[0m
[35md:\Projects\_Archives\JSONDatasetConvertor.pas (487): procedure TJsonToDatasetConverter.ProcessJsonObject(const AJsonObj: TJSONObject; const ARecord: TClientDataSet);[0m
[35md:\Projects\_Archives\JSONDatasetConvertor.pas (489):   ProcessJsonObjectFlattened(AJsonObj, ARecord, '');[0m
[35md:\Projects\_Archives\JSONDatasetConvertor.pas (492): procedure TJsonToDatasetConverter.ProcessJsonArray(const AJsonArray: TJSONArray; const AFieldName: string; const ARecord: TClientDataSet);[0m
[35md:\Projects\_Archives\JSONDatasetConvertor.pas (494):   // Store entire array as JSON string[0m
[35md:\Projects\_Archives\JSONDatasetConvertor.pas (495):   SetFieldValue(ARecord, AFieldName, AJsonArray.ToJSON);[0m
[35md:\Projects\_Archives\JSONDatasetConvertor.pas (498): procedure TJsonToDatasetConverter.PopulateDatasetFromJson(const AJson: TJSONValue);[0m
[35md:\Projects\_Archives\JSONDatasetConvertor.pas (500):   JsonObj: TJSONObject;[0m
[35md:\Projects\_Archives\JSONDatasetConvertor.pas (501):   JsonArray: TJSONArray;[0m
[35md:\Projects\_Archives\JSONDatasetConvertor.pas (504):   if AJson is TJSONObject then[0m
[35md:\Projects\_Archives\JSONDatasetConvertor.pas (507):     ProcessJsonObject(TJSONObject(AJson), FDataset);[0m
[35md:\Projects\_Archives\JSONDatasetConvertor.pas (510):   else if AJson is TJSONArray then[0m
[35md:\Projects\_Archives\JSONDatasetConvertor.pas (512):     JsonArray := TJSONArray(AJson);[0m
[35md:\Projects\_Archives\JSONDatasetConvertor.pas (513):     for i := 0 to JsonArray.Count - 1 do[0m
[35md:\Projects\_Archives\JSONDatasetConvertor.pas (515):       if JsonArray.Items[i] is TJSONObject then[0m
[35md:\Projects\_Archives\JSONDatasetConvertor.pas (518):         ProcessJsonObject(TJSONObject(JsonArray.Items[i]), FDataset);[0m
[35md:\Projects\_Archives\JSONDatasetConvertor.pas (525): function TJsonToDatasetConverter.JsonStringToDataset(const AJsonString: string): TClientDataSet;[0m
[35md:\Projects\_Archives\JSONDatasetConvertor.pas (527):   JsonValue: TJSONValue;[0m
[35md:\Projects\_Archives\JSONDatasetConvertor.pas (533):     JsonValue := TJSONObject.ParseJSONValue(AJsonString);[0m
[35md:\Projects\_Archives\JSONDatasetConvertor.pas (534):     if JsonValue = nil then[0m
[35md:\Projects\_Archives\JSONDatasetConvertor.pas (535):       raise Exception.Create('Invalid JSON string');[0m
[35md:\Projects\_Archives\JSONDatasetConvertor.pas (539):       AnalyzeJsonStructure(JsonValue);[0m
[35md:\Projects\_Archives\JSONDatasetConvertor.pas (545):       PopulateDatasetFromJson(JsonValue);[0m
[35md:\Projects\_Archives\JSONDatasetConvertor.pas (549):       JsonValue.Free;[0m
[35md:\Projects\_Archives\JSONDatasetConvertor.pas (557): function TJsonToDatasetConverter.JsonObjectToDataset(const AJsonObject: TJSONObject): TClientDataSet;[0m
[35md:\Projects\_Archives\JSONDatasetConvertor.pas (564):     AnalyzeJsonStructure(AJsonObject);[0m
[35md:\Projects\_Archives\JSONDatasetConvertor.pas (570):     PopulateDatasetFromJson(AJsonObject);[0m
[35md:\Projects\_Archives\JSONDatasetConvertor.pas (579): function TJsonToDatasetConverter.JsonArrayToDataset(const AJsonArray: TJSONArray): TClientDataSet;[0m
[35md:\Projects\_Archives\JSONDatasetConvertor.pas (586):     AnalyzeJsonStructure(AJsonArray);[0m
[35md:\Projects\_Archives\JSONDatasetConvertor.pas (592):     PopulateDatasetFromJson(AJsonArray);[0m
[35md:\Projects\_Archives\JSONDatasetConvertor.pas (601): procedure TJsonToDatasetConverter.AddDateTimeFormat(const AFormat: string);[0m
[35md:\Projects\_Archives\JSONDatasetConvertor.pas (607): procedure TJsonToDatasetConverter.ClearDateTimeFormats;[0m
[32mFOUND: d:\Projects\_Archives\Logger.pas[0m
[35md:\Projects\_Archives\Logger.pas (11):   System.JSON;[0m
[35md:\Projects\_Archives\Logger.pas (16):   TLogOutputFormat = (Text, CSV, JSON); // Enumerated type for output format[0m
[35md:\Projects\_Archives\Logger.pas (34):       fOutputFormat: TLogOutputFormat; // Output format (Text, CSV or JSON)[0m
[35md:\Projects\_Archives\Logger.pas (36):       fJSONFileInitialized: Boolean;  // Track if we need to start JSON array[0m
[35md:\Projects\_Archives\Logger.pas (42):     class function LogToJSON(const aLogEntry: TLogEntry): string;[0m
[35md:\Projects\_Archives\Logger.pas (45):     class procedure InitializeJSONFile;[0m
[35md:\Projects\_Archives\Logger.pas (46):     class procedure WriteJSONToFile(const aJSON: string);[0m
[35md:\Projects\_Archives\Logger.pas (73):   TLogger.fJSONFileInitialized := False;[0m
[35md:\Projects\_Archives\Logger.pas (88):     if fOutputFormat = TLogOutputFormat.JSON then maxLines := 3;[0m
[35md:\Projects\_Archives\Logger.pas (206):     TLogOutputFormat.JSON:[0m
[35md:\Projects\_Archives\Logger.pas (208):         logLine := TLogger.LogToJSON(aLogEntry);[0m
[35md:\Projects\_Archives\Logger.pas (209):         if not logLine.IsEmpty then WriteJSONToFile(logLine);[0m
[35md:\Projects\_Archives\Logger.pas (245): class function TLogger.LogToJSON(const aLogEntry: TLogEntry): string;[0m
[35md:\Projects\_Archives\Logger.pas (248):   jsonObj: TJSONObject;[0m
[35md:\Projects\_Archives\Logger.pas (254):     // Create a JSON object for the log entry[0m
[35md:\Projects\_Archives\Logger.pas (255):     jsonObj := TJSONObject.Create;[0m
[35md:\Projects\_Archives\Logger.pas (257):       jsonObj.AddPair('LogTime', FormatDateTime('yyyy-mm-dd hh:nn:ss', aLogEntry.LogTime));[0m
[35md:\Projects\_Archives\Logger.pas (258):       jsonObj.AddPair('UserID', aLogEntry.UserID);[0m
[35md:\Projects\_Archives\Logger.pas (259):       jsonObj.AddPair('LogObject', aLogEntry.LogObject);[0m
[35md:\Projects\_Archives\Logger.pas (260):       jsonObj.AddPair('Description', aLogEntry.Description);[0m
[35md:\Projects\_Archives\Logger.pas (261):       jsonObj.AddPair('LogStatus', StatusStr);[0m
[35md:\Projects\_Archives\Logger.pas (262):       Result := jsonObj.ToString;[0m
[35md:\Projects\_Archives\Logger.pas (264):       jsonObj.Free;[0m
[35md:\Projects\_Archives\Logger.pas (268): 	    raise Exception.CreateFmt('TLogger.LogToJSON,Error when creating the log entry: %s', [e.Message]);[0m
[35md:\Projects\_Archives\Logger.pas (273): class procedure TLogger.InitializeJSONFile;[0m
[35md:\Projects\_Archives\Logger.pas (285):       fJSONFileInitialized := True;[0m
[35md:\Projects\_Archives\Logger.pas (299):         fJSONFileInitialized := True;[0m
[35md:\Projects\_Archives\Logger.pas (308): class procedure TLogger.WriteJSONToFile(const aJSON: string);[0m
[35md:\Projects\_Archives\Logger.pas (325):   if ( (not fJSONFileInitialized) and (not logExists) ) then[0m
[35md:\Projects\_Archives\Logger.pas (326):     InitializeJSONFile;[0m
[35md:\Projects\_Archives\Logger.pas (345):         // Subsequent entry: prefix with comma, add new JSON, and re-add closing ']'[0m
[35md:\Projects\_Archives\Logger.pas (346):         buffer := TEncoding.UTF8.GetBytes(',' + sLineBreak + aJSON + sLineBreak + ']')[0m
[35md:\Projects\_Archives\Logger.pas (348):         // First entry: just add new JSON, and add the closing ']'[0m
[35md:\Projects\_Archives\Logger.pas (350):         buffer := TEncoding.UTF8.GetBytes(aJSON + sLineBreak + ']');[0m
[35md:\Projects\_Archives\Logger.pas (364):       fJSONFileInitialized := True;[0m
[35md:\Projects\_Archives\Logger.pas (375): class procedure TLogger.WriteJSONToFile(const aJSON: string);[0m
[35md:\Projects\_Archives\Logger.pas (387):   if ( (not fJSONFileInitialized) and (not logExists) ) then InitializeJSONFile;[0m
[35md:\Projects\_Archives\Logger.pas (395):       if fJSONFileInitialized or logExists then[0m
[35md:\Projects\_Archives\Logger.pas (407):           buffer := TEncoding.UTF8.GetBytes(',' + sLineBreak + aJSON + sLineBreak + ']')[0m
[35md:\Projects\_Archives\Logger.pas (409):           buffer := TEncoding.UTF8.GetBytes(aJSON + sLineBreak + ']');[0m
[35md:\Projects\_Archives\Logger.pas (418):       fJSONFileInitialized := True;[0m
[35md:\Projects\_Archives\Logger.pas (428): class procedure TLogger.WriteJSONToFile(const aJSON: string);[0m
[35md:\Projects\_Archives\Logger.pas (438):   //    *** Make sure InitializeJSONFile writes: '[' + sLineBreak + ']' ***[0m
[35md:\Projects\_Archives\Logger.pas (439):   if ( (not fJSONFileInitialized) and (not FileExists(fLogFileName)) ) then[0m
[35md:\Projects\_Archives\Logger.pas (440):     InitializeJSONFile;[0m
[35md:\Projects\_Archives\Logger.pas (451):       // Assuming InitializeJSONFile writes an opening array: '['[0m
[35md:\Projects\_Archives\Logger.pas (456):       // For simplicity, we rely on InitializeJSONFile to handle the first entry.[0m
[35md:\Projects\_Archives\Logger.pas (467):           // Insert comma, line break, new JSON object, line break, and the closing ']'[0m
[35md:\Projects\_Archives\Logger.pas (468):           buffer := TEncoding.UTF8.GetBytes(',' + sLineBreak + aJSON + sLineBreak + ']')[0m
[35md:\Projects\_Archives\Logger.pas (470):           // Insert new JSON object, line break, and the closing ']'[0m
[35md:\Projects\_Archives\Logger.pas (472):           buffer := TEncoding.UTF8.GetBytes(aJSON + sLineBreak + ']');[0m
[35md:\Projects\_Archives\Logger.pas (478):         fJSONFileInitialized := True;[0m
[32mFOUND: d:\Projects\_Archives\Development_Folder\CD-212.pas[0m
[35md:\Projects\_Archives\Development_Folder\CD-212.pas (2): feature/CD/CD-212-Change-Financial-History-to-use-JSON[0m
[35md:\Projects\_Archives\Development_Folder\CD-212.pas (7): Hi Folks, I've just pushed CD-212 ( feature/CD/CD-212-Change-Financial-History-to-use-JSON  )[0m
[35md:\Projects\_Archives\Development_Folder\CD-212.pas (22): CD-212: Change Financial History form to use JSON[0m
[35md:\Projects\_Archives\Development_Folder\CD-212.pas (23): Released Financial History changes to use JSON for the data source.[0m
[35md:\Projects\_Archives\Development_Folder\CD-212.pas (57): Change this to returns _json_ variants:[0m
[35md:\Projects\_Archives\Development_Folder\CD-212.pas (177):   jsonString : string;[0m
[35md:\Projects\_Archives\Development_Folder\CD-212.pas (182):   // This function uses the first record of the returned json (in the CLOB) as it is ordered by the date (desc)[0m
[35md:\Projects\_Archives\Development_Folder\CD-212.pas (187):   jsonString := VarToStr(returned);[0m
[35md:\Projects\_Archives\Development_Folder\CD-212.pas (188):   if not jsonString.IsEmpty then[0m
[35md:\Projects\_Archives\Development_Folder\CD-212.pas (191):       TJsonToMemTable.PopulateMemTableFromJSON(jsonString,memTable,True);[0m
[35md:\Projects\_Archives\Development_Folder\CD-212.pas (223):   jsonString : string;[0m
[35md:\Projects\_Archives\Development_Folder\CD-212.pas (228):   // This function uses the first record of the returned json (in the CLOB) as it is ordered by the date (desc)[0m
[35md:\Projects\_Archives\Development_Folder\CD-212.pas (230):   gSqlUtil.ExecProc( GetTransQueryJSONSpName, TRANSACTION_NO,[0m
[35md:\Projects\_Archives\Development_Folder\CD-212.pas (234):   jsonString := VarToStr(returned);[0m
[35md:\Projects\_Archives\Development_Folder\CD-212.pas (236):   if not jsonString.IsEmpty then[0m
[35md:\Projects\_Archives\Development_Folder\CD-212.pas (239):       TJsonToMemTable.PopulateMemTableFromJSON(jsonString,memTable,True);[0m
[35md:\Projects\_Archives\Development_Folder\CD-212.pas (298): So as you Know I am changing this to use JSON instead of the dataset. The gSqlUtil.SelectCursorDouble gets[0m
[32mFOUND: d:\Projects\_Archives\Development_Folder\CRMX-256.pas[0m
[35md:\Projects\_Archives\Development_Folder\CRMX-256.pas (2): feature/CRMX/CRMX-256-Logger-must-write-to-JSON-array[0m
[35md:\Projects\_Archives\Development_Folder\CRMX-256.pas (7): Hi Folks, I've just pushed CRMX-256 ( feature/CRMX/CRMX-256-Logger-must-write-to-JSON-array )[0m
[35md:\Projects\_Archives\Development_Folder\CRMX-256.pas (19): CRMX-256: Logger must write to a JSON array[0m
[35md:\Projects\_Archives\Development_Folder\CRMX-256.pas (20): Logger is now capable of JSON, CSV and Text output formats. The default is JSON.[0m
[35md:\Projects\_Archives\Development_Folder\CRMX-256.pas (21): The JSON output is an array of objects, each object representing a log entry. [0m
[32mFOUND: d:\Projects\_Archives\Development_Folder\CRMX-267.pas[0m
[35md:\Projects\_Archives\Development_Folder\CRMX-267.pas (214): class function TLogger.LogToJSON(const aLogEntry: TLogEntry): string;[0m
[35md:\Projects\_Archives\Development_Folder\CRMX-267.pas (217):   jsonObj: TJSONObject;[0m
[35md:\Projects\_Archives\Development_Folder\CRMX-267.pas (223):     // Create a JSON object for the log entry[0m
[35md:\Projects\_Archives\Development_Folder\CRMX-267.pas (224):     jsonObj := TJSONObject.Create;[0m
[35md:\Projects\_Archives\Development_Folder\CRMX-267.pas (226):       jsonObj.AddPair('LogTime', FormatDateTime('yyyy-mm-dd hh:nn:ss', aLogEntry.LogTime));[0m
[35md:\Projects\_Archives\Development_Folder\CRMX-267.pas (227):       jsonObj.AddPair('UserID', aLogEntry.UserID);[0m
[35md:\Projects\_Archives\Development_Folder\CRMX-267.pas (228):       jsonObj.AddPair('LogObject', aLogEntry.LogObject);[0m
[35md:\Projects\_Archives\Development_Folder\CRMX-267.pas (229):       jsonObj.AddPair('Description', aLogEntry.Description);[0m
[35md:\Projects\_Archives\Development_Folder\CRMX-267.pas (230):       jsonObj.AddPair('LogStatus', StatusStr);[0m
[35md:\Projects\_Archives\Development_Folder\CRMX-267.pas (231):       Result := jsonObj.ToString;[0m
[35md:\Projects\_Archives\Development_Folder\CRMX-267.pas (233):       jsonObj.Free;[0m
[35md:\Projects\_Archives\Development_Folder\CRMX-267.pas (237): 	    raise Exception.CreateFmt('TLogger.LogToJSON,Error when creating the log entry: %s', [e.Message]);[0m
[32mFOUND: d:\Projects\_Archives\Development_Folder\crmx-268.pas[0m
[35md:\Projects\_Archives\Development_Folder\crmx-268.pas (206): class function TLogger.LogToJSON(const aLogEntry: TLogEntry): string;[0m
[35md:\Projects\_Archives\Development_Folder\crmx-268.pas (209):   jsonObj: TJSONObject;[0m
[35md:\Projects\_Archives\Development_Folder\crmx-268.pas (215):     // Create a JSON object for the log entry[0m
[35md:\Projects\_Archives\Development_Folder\crmx-268.pas (216):     jsonObj := TJSONObject.Create;[0m
[35md:\Projects\_Archives\Development_Folder\crmx-268.pas (218):       jsonObj.AddPair('LogTime', FormatDateTime('yyyy-mm-dd hh:nn:ss', aLogEntry.LogTime));[0m
[35md:\Projects\_Archives\Development_Folder\crmx-268.pas (219):       jsonObj.AddPair('UserID', aLogEntry.UserID);[0m
[35md:\Projects\_Archives\Development_Folder\crmx-268.pas (220):       jsonObj.AddPair('LogObject', aLogEntry.LogObject);[0m
[35md:\Projects\_Archives\Development_Folder\crmx-268.pas (221):       jsonObj.AddPair('Description', aLogEntry.Description);[0m
[35md:\Projects\_Archives\Development_Folder\crmx-268.pas (222):       jsonObj.AddPair('LogStatus', StatusStr);[0m
[35md:\Projects\_Archives\Development_Folder\crmx-268.pas (223):       Result := jsonObj.ToString;[0m
[35md:\Projects\_Archives\Development_Folder\crmx-268.pas (225):       jsonObj.Free;[0m
[35md:\Projects\_Archives\Development_Folder\crmx-268.pas (229): 	    raise Exception.CreateFmt('TLogger.LogToJSON,Error when creating the log entry: %s', [e.Message]);[0m
[32mFOUND: d:\Projects\_Archives\Development_Folder\CRMX-269.pas[0m
[35md:\Projects\_Archives\Development_Folder\CRMX-269.pas (207): class function TLogger.LogToJSON(const aLogEntry: TLogEntry): string;[0m
[35md:\Projects\_Archives\Development_Folder\CRMX-269.pas (210):   jsonObj: TJSONObject;[0m
[35md:\Projects\_Archives\Development_Folder\CRMX-269.pas (216):     // Create a JSON object for the log entry[0m
[35md:\Projects\_Archives\Development_Folder\CRMX-269.pas (217):     jsonObj := TJSONObject.Create;[0m
[35md:\Projects\_Archives\Development_Folder\CRMX-269.pas (219):       jsonObj.AddPair('LogTime', FormatDateTime('yyyy-mm-dd hh:nn:ss', aLogEntry.LogTime));[0m
[35md:\Projects\_Archives\Development_Folder\CRMX-269.pas (220):       jsonObj.AddPair('UserID', aLogEntry.UserID);[0m
[35md:\Projects\_Archives\Development_Folder\CRMX-269.pas (221):       jsonObj.AddPair('LogObject', aLogEntry.LogObject);[0m
[35md:\Projects\_Archives\Development_Folder\CRMX-269.pas (222):       jsonObj.AddPair('Description', aLogEntry.Description);[0m
[35md:\Projects\_Archives\Development_Folder\CRMX-269.pas (223):       jsonObj.AddPair('LogStatus', StatusStr);[0m
[35md:\Projects\_Archives\Development_Folder\CRMX-269.pas (224):       Result := jsonObj.ToString;[0m
[35md:\Projects\_Archives\Development_Folder\CRMX-269.pas (226):       jsonObj.Free;[0m
[35md:\Projects\_Archives\Development_Folder\CRMX-269.pas (230): 	    raise Exception.CreateFmt('TLogger.LogToJSON,Error when creating the log entry: %s', [e.Message]);[0m
[32mFOUND: d:\Projects\_Archives\Development_Folder\CRMX-290.pas[0m
[35md:\Projects\_Archives\Development_Folder\CRMX-290.pas (205): class function TLogger.LogToJSON(const aLogEntry: TLogEntry): string;[0m
[35md:\Projects\_Archives\Development_Folder\CRMX-290.pas (208):   jsonObj: TJSONObject;[0m
[35md:\Projects\_Archives\Development_Folder\CRMX-290.pas (214):     // Create a JSON object for the log entry[0m
[35md:\Projects\_Archives\Development_Folder\CRMX-290.pas (215):     jsonObj := TJSONObject.Create;[0m
[35md:\Projects\_Archives\Development_Folder\CRMX-290.pas (217):       jsonObj.AddPair('LogTime', FormatDateTime('yyyy-mm-dd hh:nn:ss', aLogEntry.LogTime));[0m
[35md:\Projects\_Archives\Development_Folder\CRMX-290.pas (218):       jsonObj.AddPair('UserID', aLogEntry.UserID);[0m
[35md:\Projects\_Archives\Development_Folder\CRMX-290.pas (219):       jsonObj.AddPair('LogObject', aLogEntry.LogObject);[0m
[35md:\Projects\_Archives\Development_Folder\CRMX-290.pas (220):       jsonObj.AddPair('Description', aLogEntry.Description);[0m
[35md:\Projects\_Archives\Development_Folder\CRMX-290.pas (221):       jsonObj.AddPair('LogStatus', StatusStr);[0m
[35md:\Projects\_Archives\Development_Folder\CRMX-290.pas (222):       Result := jsonObj.ToString;[0m
[35md:\Projects\_Archives\Development_Folder\CRMX-290.pas (224):       jsonObj.Free;[0m
[35md:\Projects\_Archives\Development_Folder\CRMX-290.pas (228): 	    raise Exception.CreateFmt('TLogger.LogToJSON,Error when creating the log entry: %s', [e.Message]);[0m
[32mFOUND: d:\Projects\_Archives\Development_Folder\CRMX-292.pas[0m
[35md:\Projects\_Archives\Development_Folder\CRMX-292.pas (205): class function TLogger.LogToJSON(const aLogEntry: TLogEntry): string;[0m
[35md:\Projects\_Archives\Development_Folder\CRMX-292.pas (208):   jsonObj: TJSONObject;[0m
[35md:\Projects\_Archives\Development_Folder\CRMX-292.pas (214):     // Create a JSON object for the log entry[0m
[35md:\Projects\_Archives\Development_Folder\CRMX-292.pas (215):     jsonObj := TJSONObject.Create;[0m
[35md:\Projects\_Archives\Development_Folder\CRMX-292.pas (217):       jsonObj.AddPair('LogTime', FormatDateTime('yyyy-mm-dd hh:nn:ss', aLogEntry.LogTime));[0m
[35md:\Projects\_Archives\Development_Folder\CRMX-292.pas (218):       jsonObj.AddPair('UserID', aLogEntry.UserID);[0m
[35md:\Projects\_Archives\Development_Folder\CRMX-292.pas (219):       jsonObj.AddPair('LogObject', aLogEntry.LogObject);[0m
[35md:\Projects\_Archives\Development_Folder\CRMX-292.pas (220):       jsonObj.AddPair('Description', aLogEntry.Description);[0m
[35md:\Projects\_Archives\Development_Folder\CRMX-292.pas (221):       jsonObj.AddPair('LogStatus', StatusStr);[0m
[35md:\Projects\_Archives\Development_Folder\CRMX-292.pas (222):       Result := jsonObj.ToString;[0m
[35md:\Projects\_Archives\Development_Folder\CRMX-292.pas (224):       jsonObj.Free;[0m
[35md:\Projects\_Archives\Development_Folder\CRMX-292.pas (228): 	    raise Exception.CreateFmt('TLogger.LogToJSON,Error when creating the log entry: %s', [e.Message]);[0m
[32mFOUND: d:\Projects\_Archives\Development_Folder\CRMX-296.pas[0m
[35md:\Projects\_Archives\Development_Folder\CRMX-296.pas (249): class function TLogger.LogToJSON(const aLogEntry: TLogEntry): string;[0m
[35md:\Projects\_Archives\Development_Folder\CRMX-296.pas (252):   jsonObj: TJSONObject;[0m
[35md:\Projects\_Archives\Development_Folder\CRMX-296.pas (258):     // Create a JSON object for the log entry[0m
[35md:\Projects\_Archives\Development_Folder\CRMX-296.pas (259):     jsonObj := TJSONObject.Create;[0m
[35md:\Projects\_Archives\Development_Folder\CRMX-296.pas (261):       jsonObj.AddPair('LogTime', FormatDateTime('yyyy-mm-dd hh:nn:ss', aLogEntry.LogTime));[0m
[35md:\Projects\_Archives\Development_Folder\CRMX-296.pas (262):       jsonObj.AddPair('UserID', aLogEntry.UserID);[0m
[35md:\Projects\_Archives\Development_Folder\CRMX-296.pas (263):       jsonObj.AddPair('LogObject', aLogEntry.LogObject);[0m
[35md:\Projects\_Archives\Development_Folder\CRMX-296.pas (264):       jsonObj.AddPair('Description', aLogEntry.Description);[0m
[35md:\Projects\_Archives\Development_Folder\CRMX-296.pas (265):       jsonObj.AddPair('LogStatus', StatusStr);[0m
[35md:\Projects\_Archives\Development_Folder\CRMX-296.pas (266):       Result := jsonObj.ToString;[0m
[35md:\Projects\_Archives\Development_Folder\CRMX-296.pas (268):       jsonObj.Free;[0m
[35md:\Projects\_Archives\Development_Folder\CRMX-296.pas (272): 	    raise Exception.CreateFmt('TLogger.LogToJSON,Error when creating the log entry: %s', [e.Message]);[0m
[32mFOUND: d:\Projects\_Archives\Development_Folder\CRMX-301.pas[0m
[35md:\Projects\_Archives\Development_Folder\CRMX-301.pas (162):   System.JSON, JSONConfig;[0m
[35md:\Projects\_Archives\Development_Folder\CRMX-301.pas (166):   Config: TJSONConfig;[0m
[35md:\Projects\_Archives\Development_Folder\CRMX-301.pas (167):   ArrayToSet, RetrievedArray: TJSONArray;[0m
[35md:\Projects\_Archives\Development_Folder\CRMX-301.pas (170):   Config := TJSONConfig.Create;[0m
[35md:\Projects\_Archives\Development_Folder\CRMX-301.pas (172):     // --- How to SET a JSON array ---[0m
[35md:\Projects\_Archives\Development_Folder\CRMX-301.pas (173):     ArrayToSet := TJSONArray.Create;[0m
[35md:\Projects\_Archives\Development_Folder\CRMX-301.pas (179):       Config.SetJSONArray('Types', ArrayToSet);[0m
[35md:\Projects\_Archives\Development_Folder\CRMX-301.pas (185):     ShowMessage('JSON content:' + sLineBreak + Config.Value);[0m
[35md:\Projects\_Archives\Development_Folder\CRMX-301.pas (188):     // --- How to GET a JSON array ---[0m
[35md:\Projects\_Archives\Development_Folder\CRMX-301.pas (189):     RetrievedArray := Config.GetJSONArray('Types');[0m
[35md:\Projects\_Archives\Development_Folder\CRMX-301.pas (193):         // You now have a new TJSONArray object to work with.[0m
[32mFOUND: d:\Projects\_Archives\Development_Folder\CRMX-305.pas[0m
[35md:\Projects\_Archives\Development_Folder\CRMX-305.pas (334):     TLogOutputFormat.JSON:[0m
[35md:\Projects\_Archives\Development_Folder\CRMX-305.pas (336):         logLine := TLogger.LogToJSON(aLogEntry);[0m
[35md:\Projects\_Archives\Development_Folder\CRMX-305.pas (337):         if not logLine.IsEmpty and (TLogger.OkToWriteLog(logLine)) then WriteJSONToFile(logLine);[0m
[32mFOUND: d:\Projects\_Archives\Development_Folder\CRMX-325.pas[0m
[35md:\Projects\_Archives\Development_Folder\CRMX-325.pas (247):     TLogOutputFormat.JSON:[0m
[35md:\Projects\_Archives\Development_Folder\CRMX-325.pas (249):         logLine := TLogger.LogToJSON(aLogEntry);[0m
[35md:\Projects\_Archives\Development_Folder\CRMX-325.pas (250):         if not logLine.IsEmpty and (TLogger.OkToWriteLog(logLine)) then WriteJSONToFile(logLine);[0m
[35md:\Projects\_Archives\Development_Folder\CRMX-325.pas (300):   System.JSON;[0m
[35md:\Projects\_Archives\Development_Folder\CRMX-325.pas (305):   TLogOutputFormat = (Text, CSV, JSON); // Enumerated type for output format[0m
[35md:\Projects\_Archives\Development_Folder\CRMX-325.pas (329):       fOutputFormat: TLogOutputFormat; // Output format (Text, CSV or JSON)[0m
[35md:\Projects\_Archives\Development_Folder\CRMX-325.pas (331):       fJSONFileInitialized: Boolean;  // Track if we need to start JSON array[0m
[35md:\Projects\_Archives\Development_Folder\CRMX-325.pas (337):     class function LogToJSON(const aLogEntry: TLogEntry): string;[0m
[35md:\Projects\_Archives\Development_Folder\CRMX-325.pas (340):     class procedure InitializeJSONFile;[0m
[35md:\Projects\_Archives\Development_Folder\CRMX-325.pas (341):     class procedure WriteJSONToFile(const aJSON: string);[0m
[35md:\Projects\_Archives\Development_Folder\CRMX-325.pas (368):   TLogger.fJSONFileInitialized := False;[0m
[35md:\Projects\_Archives\Development_Folder\CRMX-325.pas (383):     if fOutputFormat = TLogOutputFormat.JSON then maxLines := 3;[0m
[35md:\Projects\_Archives\Development_Folder\CRMX-325.pas (501):     TLogOutputFormat.JSON:[0m
[35md:\Projects\_Archives\Development_Folder\CRMX-325.pas (503):         logLine := TLogger.LogToJSON(aLogEntry);[0m
[35md:\Projects\_Archives\Development_Folder\CRMX-325.pas (504):         if not logLine.IsEmpty then WriteJSONToFile(logLine);[0m
[35md:\Projects\_Archives\Development_Folder\CRMX-325.pas (540): class function TLogger.LogToJSON(const aLogEntry: TLogEntry): string;[0m
[35md:\Projects\_Archives\Development_Folder\CRMX-325.pas (543):   jsonObj: TJSONObject;[0m
[35md:\Projects\_Archives\Development_Folder\CRMX-325.pas (549):     // Create a JSON object for the log entry[0m
[35md:\Projects\_Archives\Development_Folder\CRMX-325.pas (550):     jsonObj := TJSONObject.Create;[0m
[35md:\Projects\_Archives\Development_Folder\CRMX-325.pas (552):       jsonObj.AddPair('LogTime', FormatDateTime('yyyy-mm-dd hh:nn:ss', aLogEntry.LogTime));[0m
[35md:\Projects\_Archives\Development_Folder\CRMX-325.pas (553):       jsonObj.AddPair('UserID', aLogEntry.UserID);[0m
[35md:\Projects\_Archives\Development_Folder\CRMX-325.pas (554):       jsonObj.AddPair('LogObject', aLogEntry.LogObject);[0m
[35md:\Projects\_Archives\Development_Folder\CRMX-325.pas (555):       jsonObj.AddPair('Description', aLogEntry.Description);[0m
[35md:\Projects\_Archives\Development_Folder\CRMX-325.pas (556):       jsonObj.AddPair('LogStatus', StatusStr);[0m
[35md:\Projects\_Archives\Development_Folder\CRMX-325.pas (557):       Result := jsonObj.ToString;[0m
[35md:\Projects\_Archives\Development_Folder\CRMX-325.pas (559):       jsonObj.Free;[0m
[35md:\Projects\_Archives\Development_Folder\CRMX-325.pas (563): 	    raise Exception.CreateFmt('TLogger.LogToJSON,Error when creating the log entry: %s', [e.Message]);[0m
[35md:\Projects\_Archives\Development_Folder\CRMX-325.pas (567): class procedure TLogger.InitializeJSONFile;[0m
[35md:\Projects\_Archives\Development_Folder\CRMX-325.pas (579):       fJSONFileInitialized := True;[0m
[35md:\Projects\_Archives\Development_Folder\CRMX-325.pas (593):         fJSONFileInitialized := True;[0m
[35md:\Projects\_Archives\Development_Folder\CRMX-325.pas (601): class procedure TLogger.WriteJSONToFile(const aJSON: string);[0m
[35md:\Projects\_Archives\Development_Folder\CRMX-325.pas (605):   qRec.Text := aJSON;[0m
[35md:\Projects\_Archives\Development_Folder\CRMX-325.pas (606):   qRec.isInitialised := fJSONFileInitialized;[0m
[35md:\Projects\_Archives\Development_Folder\CRMX-325.pas (631):               InitializeJSONFile;[0m
[35md:\Projects\_Archives\Development_Folder\CRMX-325.pas (670):           fJSONFileInitialized := True;[0m
[35md:\Projects\_Archives\Development_Folder\CRMX-325.pas (768):   System.JSON;[0m
[35md:\Projects\_Archives\Development_Folder\CRMX-325.pas (773):   TLogOutputFormat = (Text, CSV, JSON); // Enumerated type for output format[0m
[35md:\Projects\_Archives\Development_Folder\CRMX-325.pas (797):       fOutputFormat: TLogOutputFormat; // Output format (Text, CSV or JSON)[0m
[35md:\Projects\_Archives\Development_Folder\CRMX-325.pas (799):       fJSONFileInitialized: Boolean;  // Track if we need to start JSON array[0m
[35md:\Projects\_Archives\Development_Folder\CRMX-325.pas (805):     class function LogToJSON(const aLogEntry: TLogEntry): string;[0m
[35md:\Projects\_Archives\Development_Folder\CRMX-325.pas (808):     class procedure InitializeJSONFile;[0m
[35md:\Projects\_Archives\Development_Folder\CRMX-325.pas (809):     class procedure WriteJSONToFile(const aJSON: string);[0m
[35md:\Projects\_Archives\Development_Folder\CRMX-325.pas (836):   TLogger.fJSONFileInitialized := False;[0m
[35md:\Projects\_Archives\Development_Folder\CRMX-325.pas (851):     if fOutputFormat = TLogOutputFormat.JSON then maxLines := 3;[0m
[35md:\Projects\_Archives\Development_Folder\CRMX-325.pas (969):     TLogOutputFormat.JSON:[0m
[35md:\Projects\_Archives\Development_Folder\CRMX-325.pas (971):         logLine := TLogger.LogToJSON(aLogEntry);[0m
[35md:\Projects\_Archives\Development_Folder\CRMX-325.pas (972):         if not logLine.IsEmpty then WriteJSONToFile(logLine);[0m
[35md:\Projects\_Archives\Development_Folder\CRMX-325.pas (1008): class function TLogger.LogToJSON(const aLogEntry: TLogEntry): string;[0m
[35md:\Projects\_Archives\Development_Folder\CRMX-325.pas (1011):   jsonObj: TJSONObject;[0m
[35md:\Projects\_Archives\Development_Folder\CRMX-325.pas (1017):     // Create a JSON object for the log entry[0m
[35md:\Projects\_Archives\Development_Folder\CRMX-325.pas (1018):     jsonObj := TJSONObject.Create;[0m
[35md:\Projects\_Archives\Development_Folder\CRMX-325.pas (1020):       jsonObj.AddPair('LogTime', FormatDateTime('yyyy-mm-dd hh:nn:ss', aLogEntry.LogTime));[0m
[35md:\Projects\_Archives\Development_Folder\CRMX-325.pas (1021):       jsonObj.AddPair('UserID', aLogEntry.UserID);[0m
[35md:\Projects\_Archives\Development_Folder\CRMX-325.pas (1022):       jsonObj.AddPair('LogObject', aLogEntry.LogObject);[0m
[35md:\Projects\_Archives\Development_Folder\CRMX-325.pas (1023):       jsonObj.AddPair('Description', aLogEntry.Description);[0m
[35md:\Projects\_Archives\Development_Folder\CRMX-325.pas (1024):       jsonObj.AddPair('LogStatus', StatusStr);[0m
[35md:\Projects\_Archives\Development_Folder\CRMX-325.pas (1025):       Result := jsonObj.ToString;[0m
[35md:\Projects\_Archives\Development_Folder\CRMX-325.pas (1027):       jsonObj.Free;[0m
[35md:\Projects\_Archives\Development_Folder\CRMX-325.pas (1031): 	    raise Exception.CreateFmt('TLogger.LogToJSON,Error when creating the log entry: %s', [e.Message]);[0m
[35md:\Projects\_Archives\Development_Folder\CRMX-325.pas (1035): class procedure TLogger.InitializeJSONFile;[0m
[35md:\Projects\_Archives\Development_Folder\CRMX-325.pas (1047):       fJSONFileInitialized := True;[0m
[35md:\Projects\_Archives\Development_Folder\CRMX-325.pas (1061):         fJSONFileInitialized := True;[0m
[35md:\Projects\_Archives\Development_Folder\CRMX-325.pas (1069): class procedure TLogger.WriteJSONToFile(const aJSON: string);[0m
[35md:\Projects\_Archives\Development_Folder\CRMX-325.pas (1073):   qRec.Text := aJSON;[0m
[35md:\Projects\_Archives\Development_Folder\CRMX-325.pas (1074):   qRec.isInitialised := fJSONFileInitialized;[0m
[35md:\Projects\_Archives\Development_Folder\CRMX-325.pas (1099):               InitializeJSONFile;[0m
[35md:\Projects\_Archives\Development_Folder\CRMX-325.pas (1138):           fJSONFileInitialized := True;[0m
[35md:\Projects\_Archives\Development_Folder\CRMX-325.pas (1367):   System.JSON;[0m
[35md:\Projects\_Archives\Development_Folder\CRMX-325.pas (1372):   TLogOutputFormat = (Text, CSV, JSON); // Enumerated type for output format[0m
[35md:\Projects\_Archives\Development_Folder\CRMX-325.pas (1390):       fOutputFormat: TLogOutputFormat; // Output format (Text, CSV or JSON)[0m
[35md:\Projects\_Archives\Development_Folder\CRMX-325.pas (1392):       fJSONFileInitialized: Boolean;  // Track if we need to start JSON array[0m
[35md:\Projects\_Archives\Development_Folder\CRMX-325.pas (1398):     class function LogToJSON(const aLogEntry: TLogEntry): string;[0m
[35md:\Projects\_Archives\Development_Folder\CRMX-325.pas (1401):     class procedure InitializeJSONFile;[0m
[35md:\Projects\_Archives\Development_Folder\CRMX-325.pas (1402):     class procedure WriteJSONToFile(const aJSON: string);[0m
[35md:\Projects\_Archives\Development_Folder\CRMX-325.pas (1429):   TLogger.fJSONFileInitialized := False;[0m
[35md:\Projects\_Archives\Development_Folder\CRMX-325.pas (1444):     if fOutputFormat = TLogOutputFormat.JSON then maxLines := 3;[0m
[35md:\Projects\_Archives\Development_Folder\CRMX-325.pas (1562):     TLogOutputFormat.JSON:[0m
[35md:\Projects\_Archives\Development_Folder\CRMX-325.pas (1564):         logLine := TLogger.LogToJSON(aLogEntry);[0m
[35md:\Projects\_Archives\Development_Folder\CRMX-325.pas (1565):         if not logLine.IsEmpty then WriteJSONToFile(logLine);[0m
[35md:\Projects\_Archives\Development_Folder\CRMX-325.pas (1601): class function TLogger.LogToJSON(const aLogEntry: TLogEntry): string;[0m
[35md:\Projects\_Archives\Development_Folder\CRMX-325.pas (1604):   jsonObj: TJSONObject;[0m
[35md:\Projects\_Archives\Development_Folder\CRMX-325.pas (1610):     // Create a JSON object for the log entry[0m
[35md:\Projects\_Archives\Development_Folder\CRMX-325.pas (1611):     jsonObj := TJSONObject.Create;[0m
[35md:\Projects\_Archives\Development_Folder\CRMX-325.pas (1613):       jsonObj.AddPair('LogTime', FormatDateTime('yyyy-mm-dd hh:nn:ss', aLogEntry.LogTime));[0m
[35md:\Projects\_Archives\Development_Folder\CRMX-325.pas (1614):       jsonObj.AddPair('UserID', aLogEntry.UserID);[0m
[35md:\Projects\_Archives\Development_Folder\CRMX-325.pas (1615):       jsonObj.AddPair('LogObject', aLogEntry.LogObject);[0m
[35md:\Projects\_Archives\Development_Folder\CRMX-325.pas (1616):       jsonObj.AddPair('Description', aLogEntry.Description);[0m
[35md:\Projects\_Archives\Development_Folder\CRMX-325.pas (1617):       jsonObj.AddPair('LogStatus', StatusStr);[0m
[35md:\Projects\_Archives\Development_Folder\CRMX-325.pas (1618):       Result := jsonObj.ToString;[0m
[35md:\Projects\_Archives\Development_Folder\CRMX-325.pas (1620):       jsonObj.Free;[0m
[35md:\Projects\_Archives\Development_Folder\CRMX-325.pas (1624): 	    raise Exception.CreateFmt('TLogger.LogToJSON,Error when creating the log entry: %s', [e.Message]);[0m
[35md:\Projects\_Archives\Development_Folder\CRMX-325.pas (1628): class procedure TLogger.InitializeJSONFile;[0m
[35md:\Projects\_Archives\Development_Folder\CRMX-325.pas (1640):       fJSONFileInitialized := True;[0m
[35md:\Projects\_Archives\Development_Folder\CRMX-325.pas (1654):         fJSONFileInitialized := True;[0m
[35md:\Projects\_Archives\Development_Folder\CRMX-325.pas (1668): class procedure TLogger.WriteJSONToFile(const aJSON: string);[0m
[35md:\Projects\_Archives\Development_Folder\CRMX-325.pas (1680):   if ( (not fJSONFileInitialized) and (not logExists) ) then InitializeJSONFile;[0m
[35md:\Projects\_Archives\Development_Folder\CRMX-325.pas (1688):       if fJSONFileInitialized or logExists then[0m
[35md:\Projects\_Archives\Development_Folder\CRMX-325.pas (1700):           buffer := TEncoding.UTF8.GetBytes(',' + sLineBreak + aJSON + sLineBreak + ']')[0m
[35md:\Projects\_Archives\Development_Folder\CRMX-325.pas (1702):           buffer := TEncoding.UTF8.GetBytes(aJSON + sLineBreak + ']');[0m
[35md:\Projects\_Archives\Development_Folder\CRMX-325.pas (1711):       fJSONFileInitialized := True;[0m
[35md:\Projects\_Archives\Development_Folder\CRMX-325.pas (1779):   System.JSON;[0m
[35md:\Projects\_Archives\Development_Folder\CRMX-325.pas (1784):   TLogOutputFormat = (Text, CSV, JSON); // Enumerated type for output format[0m
[35md:\Projects\_Archives\Development_Folder\CRMX-325.pas (1802):       fOutputFormat: TLogOutputFormat; // Output format (Text, CSV or JSON)[0m
[35md:\Projects\_Archives\Development_Folder\CRMX-325.pas (1804):       fJSONFileInitialized: Boolean;  // Track if we need to start JSON array[0m
[35md:\Projects\_Archives\Development_Folder\CRMX-325.pas (1810):     class function LogToJSON(const aLogEntry: TLogEntry): string;[0m
[35md:\Projects\_Archives\Development_Folder\CRMX-325.pas (1813):     class procedure InitializeJSONFile;[0m
[35md:\Projects\_Archives\Development_Folder\CRMX-325.pas (1814):     class procedure WriteJSONToFile(const aJSON: string);[0m
[35md:\Projects\_Archives\Development_Folder\CRMX-325.pas (1841):   TLogger.fJSONFileInitialized := False;[0m
[35md:\Projects\_Archives\Development_Folder\CRMX-325.pas (1856):     if fOutputFormat = TLogOutputFormat.JSON then maxLines := 3;[0m
[35md:\Projects\_Archives\Development_Folder\CRMX-325.pas (1974):     TLogOutputFormat.JSON:[0m
[35md:\Projects\_Archives\Development_Folder\CRMX-325.pas (1976):         logLine := TLogger.LogToJSON(aLogEntry);[0m
[35md:\Projects\_Archives\Development_Folder\CRMX-325.pas (1977):         if not logLine.IsEmpty then WriteJSONToFile(logLine);[0m
[35md:\Projects\_Archives\Development_Folder\CRMX-325.pas (2013): class function TLogger.LogToJSON(const aLogEntry: TLogEntry): string;[0m
[35md:\Projects\_Archives\Development_Folder\CRMX-325.pas (2016):   jsonObj: TJSONObject;[0m
[35md:\Projects\_Archives\Development_Folder\CRMX-325.pas (2022):     // Create a JSON object for the log entry[0m
[35md:\Projects\_Archives\Development_Folder\CRMX-325.pas (2023):     jsonObj := TJSONObject.Create;[0m
[35md:\Projects\_Archives\Development_Folder\CRMX-325.pas (2026):       jsonObj.AddPair('LogTime', DateToISO8601(aLogEntry.LogTime,true));[0m
[35md:\Projects\_Archives\Development_Folder\CRMX-325.pas (2027):       jsonObj.AddPair('UserID', aLogEntry.UserID);[0m
[35md:\Projects\_Archives\Development_Folder\CRMX-325.pas (2028):       jsonObj.AddPair('LogObject', aLogEntry.LogObject);[0m
[35md:\Projects\_Archives\Development_Folder\CRMX-325.pas (2029):       jsonObj.AddPair('Description', aLogEntry.Description);[0m
[35md:\Projects\_Archives\Development_Folder\CRMX-325.pas (2030):       jsonObj.AddPair('LogStatus', StatusStr);[0m
[35md:\Projects\_Archives\Development_Folder\CRMX-325.pas (2031):       Result := jsonObj.ToString;[0m
[35md:\Projects\_Archives\Development_Folder\CRMX-325.pas (2033):       jsonObj.Free;[0m
[35md:\Projects\_Archives\Development_Folder\CRMX-325.pas (2037): 	    raise Exception.CreateFmt('TLogger.LogToJSON,Error when creating the log entry: %s', [e.Message]);[0m
[35md:\Projects\_Archives\Development_Folder\CRMX-325.pas (2041): class procedure TLogger.InitializeJSONFile;[0m
[35md:\Projects\_Archives\Development_Folder\CRMX-325.pas (2053):       fJSONFileInitialized := True;[0m
[35md:\Projects\_Archives\Development_Folder\CRMX-325.pas (2067):         fJSONFileInitialized := True;[0m
[35md:\Projects\_Archives\Development_Folder\CRMX-325.pas (2075): class procedure TLogger.WriteJSONToFile(const aJSON: string);[0m
[35md:\Projects\_Archives\Development_Folder\CRMX-325.pas (2087):   if ( (not fJSONFileInitialized) and (not logExists) ) then InitializeJSONFile;[0m
[35md:\Projects\_Archives\Development_Folder\CRMX-325.pas (2095):       if fJSONFileInitialized or logExists then[0m
[35md:\Projects\_Archives\Development_Folder\CRMX-325.pas (2107):           buffer := TEncoding.UTF8.GetBytes(',' + sLineBreak + aJSON + sLineBreak + ']')[0m
[35md:\Projects\_Archives\Development_Folder\CRMX-325.pas (2109):           buffer := TEncoding.UTF8.GetBytes(aJSON + sLineBreak + ']');[0m
[35md:\Projects\_Archives\Development_Folder\CRMX-325.pas (2118):       fJSONFileInitialized := True;[0m
[35md:\Projects\_Archives\Development_Folder\CRMX-325.pas (2254): class procedure TLogger.WriteJSONToFile(const aJSON: string);[0m
[35md:\Projects\_Archives\Development_Folder\CRMX-325.pas (2266):   if ( (not fJSONFileInitialized) and (not logExists) ) then InitializeJSONFile;[0m
[35md:\Projects\_Archives\Development_Folder\CRMX-325.pas (2274):       if fJSONFileInitialized or logExists then[0m
[35md:\Projects\_Archives\Development_Folder\CRMX-325.pas (2286):           buffer := TEncoding.UTF8.GetBytes(',' + sLineBreak + aJSON + sLineBreak + ']')[0m
[35md:\Projects\_Archives\Development_Folder\CRMX-325.pas (2288):           buffer := TEncoding.UTF8.GetBytes(aJSON + sLineBreak + ']');[0m
[35md:\Projects\_Archives\Development_Folder\CRMX-325.pas (2297):       fJSONFileInitialized := True;[0m
[35md:\Projects\_Archives\Development_Folder\CRMX-325.pas (2331): class procedure TLogger.WriteJSONToFile(const aJSON: string);[0m
[35md:\Projects\_Archives\Development_Folder\CRMX-325.pas (2335):   qRec.Text := aJSON;[0m
[35md:\Projects\_Archives\Development_Folder\CRMX-325.pas (2336):   qRec.isInitialised := fJSONFileInitialized;[0m
[35md:\Projects\_Archives\Development_Folder\CRMX-325.pas (2340):     InitializeJSONFile;[0m
[35md:\Projects\_Archives\Development_Folder\CRMX-325.pas (2342):     qRec.isInitialised := fJSONFileInitialized;[0m
[32mFOUND: d:\Projects\_Archives\Development_Folder\uASCRequestHelper.pas[0m
[35md:\Projects\_Archives\Development_Folder\uASCRequestHelper.pas (6):   System.Variants, System.DateUtils, System.SysUtils, System.JSON, Vcl.Dialogs;[0m
[35md:\Projects\_Archives\Development_Folder\uASCRequestHelper.pas (100):   jSONArray: TJSONArray;[0m
[35md:\Projects\_Archives\Development_Folder\uASCRequestHelper.pas (101):   jSONObject, jsonResponse: TJSONObject;[0m
[35md:\Projects\_Archives\Development_Folder\uASCRequestHelper.pas (102):   jSONValueName: TJSONValue;[0m
[35md:\Projects\_Archives\Development_Folder\uASCRequestHelper.pas (103):   jSONValueUpdatedTime: TJSONValue;[0m
[35md:\Projects\_Archives\Development_Folder\uASCRequestHelper.pas (107):     jSONObject := TJSONObject.Create;[0m
[35md:\Projects\_Archives\Development_Folder\uASCRequestHelper.pas (108):     jSONObject.AddPair('p_customer_id', IntToStr(aCustomerID));[0m
[35md:\Projects\_Archives\Development_Folder\uASCRequestHelper.pas (109):     jSONObject.AddPair('p_mpxn_id', aSpan);[0m
[35md:\Projects\_Archives\Development_Folder\uASCRequestHelper.pas (110):     jSONObject.AddPair('p_outstanding_debt', CurrToStr(aOutstandingDebt));[0m
[35md:\Projects\_Archives\Development_Folder\uASCRequestHelper.pas (111):     payload := jSONObject.ToString;[0m
[35md:\Projects\_Archives\Development_Folder\uASCRequestHelper.pas (117):     jsonResponse := TJSONObject.ParseJSONValue(VarToStr(strResult)) as TJSONObject;[0m
[35md:\Projects\_Archives\Development_Folder\uASCRequestHelper.pas (118):     isEligible := LowerCase(jsonResponse.GetValue<string>('p_is_eligible')) = 'y';[0m
[35md:\Projects\_Archives\Development_Folder\uASCRequestHelper.pas (119):     msg := jsonResponse.GetValue<string>('p_msg');[0m
[35md:\Projects\_Archives\Development_Folder\uASCRequestHelper.pas (121):     // https://docwiki.embarcadero.com/Libraries/Sydney/en/System.JSON.TJSONValue.TryGetValue[0m
[35md:\Projects\_Archives\Development_Folder\uASCRequestHelper.pas (124):     hasMsg := jsonResponse.TryGetValue<string>('p_msg',msg);[0m
[35md:\Projects\_Archives\Development_Folder\uASCRequestHelper.pas (125):     hasEligibility := jsonResponse.TryGetValue<string>('p_is_eligible',isEligible);[0m
[35md:\Projects\_Archives\Development_Folder\uASCRequestHelper.pas (140):     FreeAndNil(jSONObject);[0m
[32mFOUND: d:\Projects\_Archives\Development_Folder\unit JSONConfigTests;.pas[0m
[35md:\Projects\_Archives\Development_Folder\unit JSONConfigTests;.pas (1): unit JSONConfigTests;[0m
[35md:\Projects\_Archives\Development_Folder\unit JSONConfigTests;.pas (10):   TJSONConfigTests = class[0m
[35md:\Projects\_Archives\Development_Folder\unit JSONConfigTests;.pas (29): procedure TJSONConfigTests.Setup;[0m
[35md:\Projects\_Archives\Development_Folder\unit JSONConfigTests;.pas (33): procedure TJSONConfigTests.TearDown;[0m
[35md:\Projects\_Archives\Development_Folder\unit JSONConfigTests;.pas (37): procedure TJSONConfigTests.Test1;[0m
[35md:\Projects\_Archives\Development_Folder\unit JSONConfigTests;.pas (41): procedure TJSONConfigTests.Test2(const AValue1 : Integer;const AValue2 : Integer);[0m
[35md:\Projects\_Archives\Development_Folder\unit JSONConfigTests;.pas (46):   TDUnitX.RegisterTestFixture(TJSONConfigTests);[0m
[32mFOUND: d:\Projects\_Archives\Development_Folder\unit JsonDatasetConverter;.pas[0m
[35md:\Projects\_Archives\Development_Folder\unit JsonDatasetConverter;.pas (1): unit JsonDatasetConverter;[0m
[35md:\Projects\_Archives\Development_Folder\unit JsonDatasetConverter;.pas (6):   System.Classes, System.SysUtils, System.JSON, System.Variants, [0m
[35md:\Projects\_Archives\Development_Folder\unit JsonDatasetConverter;.pas (11):   TJsonFieldType = (jftString, jftInteger, jftFloat, jftBoolean, jftDateTime, [0m
[35md:\Projects\_Archives\Development_Folder\unit JsonDatasetConverter;.pas (16):     FieldType: TJsonFieldType;[0m
[35md:\Projects\_Archives\Development_Folder\unit JsonDatasetConverter;.pas (21):   TJsonToDatasetConverter = class[0m
[35md:\Projects\_Archives\Development_Folder\unit JsonDatasetConverter;.pas (31):     function DetectFieldType(const AValue: TJSONValue; var AMaxLength: Integer): TJsonFieldType;[0m
[35md:\Projects\_Archives\Development_Folder\unit JsonDatasetConverter;.pas (35):     procedure AnalyzeJsonStructure(const AJson: TJSONValue; const APrefix: string = '');[0m
[35md:\Projects\_Archives\Development_Folder\unit JsonDatasetConverter;.pas (37):     procedure PopulateDatasetFromJson(const AJson: TJSONValue);[0m
[35md:\Projects\_Archives\Development_Folder\unit JsonDatasetConverter;.pas (38):     procedure ProcessJsonObject(const AJsonObj: TJSONObject; const ARecord: TClientDataSet);[0m
[35md:\Projects\_Archives\Development_Folder\unit JsonDatasetConverter;.pas (39):     procedure ProcessJsonObjectFlattened(const AJsonObj: TJSONObject; const ARecord: TClientDataSet; const APrefix: string = '');[0m
[35md:\Projects\_Archives\Development_Folder\unit JsonDatasetConverter;.pas (40):     procedure ProcessJsonArray(const AJsonArray: TJSONArray; const AFieldName: string; const ARecord: TClientDataSet);[0m
[35md:\Projects\_Archives\Development_Folder\unit JsonDatasetConverter;.pas (41):     function JsonValueToVariant(const AValue: TJSONValue; AFieldType: TJsonFieldType): Variant;[0m
[35md:\Projects\_Archives\Development_Folder\unit JsonDatasetConverter;.pas (50):     function JsonStringToDataset(const AJsonString: string): TClientDataSet;[0m
[35md:\Projects\_Archives\Development_Folder\unit JsonDatasetConverter;.pas (51):     function JsonObjectToDataset(const AJsonObject: TJSONObject): TClientDataSet;[0m
[35md:\Projects\_Archives\Development_Folder\unit JsonDatasetConverter;.pas (52):     function JsonArrayToDataset(const AJsonArray: TJSONArray): TClientDataSet;[0m
[35md:\Projects\_Archives\Development_Folder\unit JsonDatasetConverter;.pas (68): constructor TJsonToDatasetConverter.Create;[0m
[35md:\Projects\_Archives\Development_Folder\unit JsonDatasetConverter;.pas (90): destructor TJsonToDatasetConverter.Destroy;[0m
[35md:\Projects\_Archives\Development_Folder\unit JsonDatasetConverter;.pas (97): function TJsonToDatasetConverter.SanitizeFieldName(const AName: string): string;[0m
[35md:\Projects\_Archives\Development_Folder\unit JsonDatasetConverter;.pas (118): function TJsonToDatasetConverter.TryParseDateTime(const AValue: string; out ADateTime: TDateTime): Boolean;[0m
[35md:\Projects\_Archives\Development_Folder\unit JsonDatasetConverter;.pas (163): function TJsonToDatasetConverter.TryParseDate(const AValue: string; out ADate: TDateTime): Boolean;[0m
[35md:\Projects\_Archives\Development_Folder\unit JsonDatasetConverter;.pas (170): function TJsonToDatasetConverter.TryParseTime(const AValue: string; out ATime: TDateTime): Boolean;[0m
[35md:\Projects\_Archives\Development_Folder\unit JsonDatasetConverter;.pas (177): function TJsonToDatasetConverter.DetectFieldType(const AValue: TJSONValue; var AMaxLength: Integer): TJsonFieldType;[0m
[35md:\Projects\_Archives\Development_Folder\unit JsonDatasetConverter;.pas (184):   if AValue is TJSONNull then[0m
[35md:\Projects\_Archives\Development_Folder\unit JsonDatasetConverter;.pas (190):   if AValue is TJSONBool then[0m
[35md:\Projects\_Archives\Development_Folder\unit JsonDatasetConverter;.pas (196):   if AValue is TJSONNumber then[0m
[35md:\Projects\_Archives\Development_Folder\unit JsonDatasetConverter;.pas (198):     if TJSONNumber(AValue).AsDouble = Trunc(TJSONNumber(AValue).AsDouble) then[0m
[35md:\Projects\_Archives\Development_Folder\unit JsonDatasetConverter;.pas (205):   if AValue is TJSONArray then[0m
[35md:\Projects\_Archives\Development_Folder\unit JsonDatasetConverter;.pas (211):   if AValue is TJSONObject then[0m
[35md:\Projects\_Archives\Development_Folder\unit JsonDatasetConverter;.pas (218):   if AValue is TJSONString then[0m
[35md:\Projects\_Archives\Development_Folder\unit JsonDatasetConverter;.pas (255): procedure TJsonToDatasetConverter.AnalyzeJsonStructure(const AJson: TJSONValue; const APrefix: string);[0m
[35md:\Projects\_Archives\Development_Folder\unit JsonDatasetConverter;.pas (257):   JsonObj: TJSONObject;[0m
[35md:\Projects\_Archives\Development_Folder\unit JsonDatasetConverter;.pas (258):   JsonArray: TJSONArray;[0m
[35md:\Projects\_Archives\Development_Folder\unit JsonDatasetConverter;.pas (259):   Pair: TJSONPair;[0m
[35md:\Projects\_Archives\Development_Folder\unit JsonDatasetConverter;.pas (266):   if AJson is TJSONObject then[0m
[35md:\Projects\_Archives\Development_Folder\unit JsonDatasetConverter;.pas (268):     JsonObj := TJSONObject(AJson);[0m
[35md:\Projects\_Archives\Development_Folder\unit JsonDatasetConverter;.pas (269):     for Pair in JsonObj do[0m
[35md:\Projects\_Archives\Development_Folder\unit JsonDatasetConverter;.pas (271):       FieldName := SanitizeFieldName(APrefix + Pair.JsonString.Value);[0m
[35md:\Projects\_Archives\Development_Folder\unit JsonDatasetConverter;.pas (275):       FieldInfo.FieldType := DetectFieldType(Pair.JsonValue, MaxLen);[0m
[35md:\Projects\_Archives\Development_Folder\unit JsonDatasetConverter;.pas (302):       if Pair.JsonValue is TJSONObject then[0m
[35md:\Projects\_Archives\Development_Folder\unit JsonDatasetConverter;.pas (303):         AnalyzeJsonStructure(Pair.JsonValue, APrefix + Pair.JsonString.Value + '_')[0m
[35md:\Projects\_Archives\Development_Folder\unit JsonDatasetConverter;.pas (304):       else if Pair.JsonValue is TJSONArray then[0m
[35md:\Projects\_Archives\Development_Folder\unit JsonDatasetConverter;.pas (306):         JsonArray := TJSONArray(Pair.JsonValue);[0m
[35md:\Projects\_Archives\Development_Folder\unit JsonDatasetConverter;.pas (307):         if JsonArray.Count > 0 then[0m
[35md:\Projects\_Archives\Development_Folder\unit JsonDatasetConverter;.pas (310):           if JsonArray.Items[0] is TJSONObject then[0m
[35md:\Projects\_Archives\Development_Folder\unit JsonDatasetConverter;.pas (311):             AnalyzeJsonStructure(JsonArray.Items[0], APrefix + Pair.JsonString.Value + '_');[0m
[35md:\Projects\_Archives\Development_Folder\unit JsonDatasetConverter;.pas (316):   else if AJson is TJSONArray then[0m
[35md:\Projects\_Archives\Development_Folder\unit JsonDatasetConverter;.pas (318):     JsonArray := TJSONArray(AJson);[0m
[35md:\Projects\_Archives\Development_Folder\unit JsonDatasetConverter;.pas (319):     for i := 0 to JsonArray.Count - 1 do[0m
[35md:\Projects\_Archives\Development_Folder\unit JsonDatasetConverter;.pas (321):       AnalyzeJsonStructure(JsonArray.Items[i], APrefix);[0m
[35md:\Projects\_Archives\Development_Folder\unit JsonDatasetConverter;.pas (326): procedure TJsonToDatasetConverter.CreateDatasetFields;[0m
[35md:\Projects\_Archives\Development_Folder\unit JsonDatasetConverter;.pas (370): function TJsonToDatasetConverter.GetFieldInfo(const AFieldName: string): TFieldInfo;[0m
[35md:\Projects\_Archives\Development_Folder\unit JsonDatasetConverter;.pas (390): function TJsonToDatasetConverter.JsonValueToVariant(const AValue: TJSONValue; AFieldType: TJsonFieldType): Variant;[0m
[35md:\Projects\_Archives\Development_Folder\unit JsonDatasetConverter;.pas (395):   if AValue is TJSONNull then[0m
[35md:\Projects\_Archives\Development_Folder\unit JsonDatasetConverter;.pas (405):       if AValue is TJSONNumber then[0m
[35md:\Projects\_Archives\Development_Folder\unit JsonDatasetConverter;.pas (406):         Result := TJSONNumber(AValue).AsInt64[0m
[35md:\Projects\_Archives\Development_Folder\unit JsonDatasetConverter;.pas (410):       if AValue is TJSONNumber then[0m
[35md:\Projects\_Archives\Development_Folder\unit JsonDatasetConverter;.pas (411):         Result := TJSONNumber(AValue).AsDouble[0m
[35md:\Projects\_Archives\Development_Folder\unit JsonDatasetConverter;.pas (415):       if AValue is TJSONBool then[0m
[35md:\Projects\_Archives\Development_Folder\unit JsonDatasetConverter;.pas (416):         Result := TJSONBool(AValue).AsBoolean[0m
[35md:\Projects\_Archives\Development_Folder\unit JsonDatasetConverter;.pas (428):       Result := AValue.ToJSON;[0m
[35md:\Projects\_Archives\Development_Folder\unit JsonDatasetConverter;.pas (436): procedure TJsonToDatasetConverter.SetFieldValue(const ARecord: TClientDataSet; const AFieldName: string; const AValue: Variant);[0m
[35md:\Projects\_Archives\Development_Folder\unit JsonDatasetConverter;.pas (457): procedure TJsonToDatasetConverter.ProcessJsonObjectFlattened(const AJsonObj: TJSONObject; const ARecord: TClientDataSet; const APrefix: string);[0m
[35md:\Projects\_Archives\Development_Folder\unit JsonDatasetConverter;.pas (459):   Pair: TJSONPair;[0m
[35md:\Projects\_Archives\Development_Folder\unit JsonDatasetConverter;.pas (464):   for Pair in AJsonObj do[0m
[35md:\Projects\_Archives\Development_Folder\unit JsonDatasetConverter;.pas (466):     FieldName := SanitizeFieldName(APrefix + Pair.JsonString.Value);[0m
[35md:\Projects\_Archives\Development_Folder\unit JsonDatasetConverter;.pas (469):     if Pair.JsonValue is TJSONObject then[0m
[35md:\Projects\_Archives\Development_Folder\unit JsonDatasetConverter;.pas (472):       ProcessJsonObjectFlattened(TJSONObject(Pair.JsonValue), ARecord, APrefix + Pair.JsonString.Value + '_');[0m
[35md:\Projects\_Archives\Development_Folder\unit JsonDatasetConverter;.pas (474):     else if Pair.JsonValue is TJSONArray then[0m
[35md:\Projects\_Archives\Development_Folder\unit JsonDatasetConverter;.pas (476):       // Store array as JSON string[0m
[35md:\Projects\_Archives\Development_Folder\unit JsonDatasetConverter;.pas (477):       SetFieldValue(ARecord, FieldName, Pair.JsonValue.ToJSON);[0m
[35md:\Projects\_Archives\Development_Folder\unit JsonDatasetConverter;.pas (481):       Value := JsonValueToVariant(Pair.JsonValue, FieldInfo.FieldType);[0m
[35md:\Projects\_Archives\Development_Folder\unit JsonDatasetConverter;.pas (487): procedure TJsonToDatasetConverter.ProcessJsonObject(const AJsonObj: TJSONObject; const ARecord: TClientDataSet);[0m
[35md:\Projects\_Archives\Development_Folder\unit JsonDatasetConverter;.pas (489):   ProcessJsonObjectFlattened(AJsonObj, ARecord, '');[0m
[35md:\Projects\_Archives\Development_Folder\unit JsonDatasetConverter;.pas (492): procedure TJsonToDatasetConverter.ProcessJsonArray(const AJsonArray: TJSONArray; const AFieldName: string; const ARecord: TClientDataSet);[0m
[35md:\Projects\_Archives\Development_Folder\unit JsonDatasetConverter;.pas (494):   // Store entire array as JSON string[0m
[35md:\Projects\_Archives\Development_Folder\unit JsonDatasetConverter;.pas (495):   SetFieldValue(ARecord, AFieldName, AJsonArray.ToJSON);[0m
[35md:\Projects\_Archives\Development_Folder\unit JsonDatasetConverter;.pas (498): procedure TJsonToDatasetConverter.PopulateDatasetFromJson(const AJson: TJSONValue);[0m
[35md:\Projects\_Archives\Development_Folder\unit JsonDatasetConverter;.pas (500):   JsonObj: TJSONObject;[0m
[35md:\Projects\_Archives\Development_Folder\unit JsonDatasetConverter;.pas (501):   JsonArray: TJSONArray;[0m
[35md:\Projects\_Archives\Development_Folder\unit JsonDatasetConverter;.pas (504):   if AJson is TJSONObject then[0m
[35md:\Projects\_Archives\Development_Folder\unit JsonDatasetConverter;.pas (507):     ProcessJsonObject(TJSONObject(AJson), FDataset);[0m
[35md:\Projects\_Archives\Development_Folder\unit JsonDatasetConverter;.pas (510):   else if AJson is TJSONArray then[0m
[35md:\Projects\_Archives\Development_Folder\unit JsonDatasetConverter;.pas (512):     JsonArray := TJSONArray(AJson);[0m
[35md:\Projects\_Archives\Development_Folder\unit JsonDatasetConverter;.pas (513):     for i := 0 to JsonArray.Count - 1 do[0m
[35md:\Projects\_Archives\Development_Folder\unit JsonDatasetConverter;.pas (515):       if JsonArray.Items[i] is TJSONObject then[0m
[35md:\Projects\_Archives\Development_Folder\unit JsonDatasetConverter;.pas (518):         ProcessJsonObject(TJSONObject(JsonArray.Items[i]), FDataset);[0m
[35md:\Projects\_Archives\Development_Folder\unit JsonDatasetConverter;.pas (525): function TJsonToDatasetConverter.JsonStringToDataset(const AJsonString: string): TClientDataSet;[0m
[35md:\Projects\_Archives\Development_Folder\unit JsonDatasetConverter;.pas (527):   JsonValue: TJSONValue;[0m
[35md:\Projects\_Archives\Development_Folder\unit JsonDatasetConverter;.pas (533):     JsonValue := TJSONObject.ParseJSONValue(AJsonString);[0m
[35md:\Projects\_Archives\Development_Folder\unit JsonDatasetConverter;.pas (534):     if JsonValue = nil then[0m
[35md:\Projects\_Archives\Development_Folder\unit JsonDatasetConverter;.pas (535):       raise Exception.Create('Invalid JSON string');[0m
[35md:\Projects\_Archives\Development_Folder\unit JsonDatasetConverter;.pas (539):       AnalyzeJsonStructure(JsonValue);[0m
[35md:\Projects\_Archives\Development_Folder\unit JsonDatasetConverter;.pas (545):       PopulateDatasetFromJson(JsonValue);[0m
[35md:\Projects\_Archives\Development_Folder\unit JsonDatasetConverter;.pas (549):       JsonValue.Free;[0m
[35md:\Projects\_Archives\Development_Folder\unit JsonDatasetConverter;.pas (557): function TJsonToDatasetConverter.JsonObjectToDataset(const AJsonObject: TJSONObject): TClientDataSet;[0m
[35md:\Projects\_Archives\Development_Folder\unit JsonDatasetConverter;.pas (564):     AnalyzeJsonStructure(AJsonObject);[0m
[35md:\Projects\_Archives\Development_Folder\unit JsonDatasetConverter;.pas (570):     PopulateDatasetFromJson(AJsonObject);[0m
[35md:\Projects\_Archives\Development_Folder\unit JsonDatasetConverter;.pas (579): function TJsonToDatasetConverter.JsonArrayToDataset(const AJsonArray: TJSONArray): TClientDataSet;[0m
[35md:\Projects\_Archives\Development_Folder\unit JsonDatasetConverter;.pas (586):     AnalyzeJsonStructure(AJsonArray);[0m
[35md:\Projects\_Archives\Development_Folder\unit JsonDatasetConverter;.pas (592):     PopulateDatasetFromJson(AJsonArray);[0m
[35md:\Projects\_Archives\Development_Folder\unit JsonDatasetConverter;.pas (601): procedure TJsonToDatasetConverter.AddDateTimeFormat(const AFormat: string);[0m
[35md:\Projects\_Archives\Development_Folder\unit JsonDatasetConverter;.pas (607): procedure TJsonToDatasetConverter.ClearDateTimeFormats;[0m
[32mFOUND: d:\Projects\_Archives\Development_folder_2\CD-212.pas[0m
[35md:\Projects\_Archives\Development_folder_2\CD-212.pas (2): feature/CD/CD-212-Change-Financial-History-to-use-JSON[0m
[35md:\Projects\_Archives\Development_folder_2\CD-212.pas (7): Hi Folks, I've just pushed CD-212 ( feature/CD/CD-212-Change-Financial-History-to-use-JSON  )[0m
[35md:\Projects\_Archives\Development_folder_2\CD-212.pas (22): CD-212: Change Financial History form to use JSON[0m
[35md:\Projects\_Archives\Development_folder_2\CD-212.pas (23): Released Financial History changes to use JSON for the data source.[0m
[35md:\Projects\_Archives\Development_folder_2\CD-212.pas (57): Change this to returns _json_ variants:[0m
[35md:\Projects\_Archives\Development_folder_2\CD-212.pas (177):   jsonString : string;[0m
[35md:\Projects\_Archives\Development_folder_2\CD-212.pas (182):   // This function uses the first record of the returned json (in the CLOB) as it is ordered by the date (desc)[0m
[35md:\Projects\_Archives\Development_folder_2\CD-212.pas (187):   jsonString := VarToStr(returned);[0m
[35md:\Projects\_Archives\Development_folder_2\CD-212.pas (188):   if not jsonString.IsEmpty then[0m
[35md:\Projects\_Archives\Development_folder_2\CD-212.pas (191):       TJsonToMemTable.PopulateMemTableFromJSON(jsonString,memTable,True);[0m
[35md:\Projects\_Archives\Development_folder_2\CD-212.pas (223):   jsonString : string;[0m
[35md:\Projects\_Archives\Development_folder_2\CD-212.pas (228):   // This function uses the first record of the returned json (in the CLOB) as it is ordered by the date (desc)[0m
[35md:\Projects\_Archives\Development_folder_2\CD-212.pas (230):   gSqlUtil.ExecProc( GetTransQueryJSONSpName, TRANSACTION_NO,[0m
[35md:\Projects\_Archives\Development_folder_2\CD-212.pas (234):   jsonString := VarToStr(returned);[0m
[35md:\Projects\_Archives\Development_folder_2\CD-212.pas (236):   if not jsonString.IsEmpty then[0m
[35md:\Projects\_Archives\Development_folder_2\CD-212.pas (239):       TJsonToMemTable.PopulateMemTableFromJSON(jsonString,memTable,True);[0m
[35md:\Projects\_Archives\Development_folder_2\CD-212.pas (298): So as you Know I am changing this to use JSON instead of the dataset. The gSqlUtil.SelectCursorDouble gets[0m
[32mFOUND: d:\Projects\_Archives\Development_folder_2\CRMX-256.pas[0m
[35md:\Projects\_Archives\Development_folder_2\CRMX-256.pas (2): feature/CRMX/CRMX-256-Logger-must-write-to-JSON-array[0m
[35md:\Projects\_Archives\Development_folder_2\CRMX-256.pas (7): Hi Folks, I've just pushed CRMX-256 ( feature/CRMX/CRMX-256-Logger-must-write-to-JSON-array )[0m
[35md:\Projects\_Archives\Development_folder_2\CRMX-256.pas (19): CRMX-256: Logger must write to a JSON array[0m
[35md:\Projects\_Archives\Development_folder_2\CRMX-256.pas (20): Logger is now capable of JSON, CSV and Text output formats. The default is JSON.[0m
[35md:\Projects\_Archives\Development_folder_2\CRMX-256.pas (21): The JSON output is an array of objects, each object representing a log entry. [0m
[32mFOUND: d:\Projects\_Archives\Development_folder_2\CRMX-267.pas[0m
[35md:\Projects\_Archives\Development_folder_2\CRMX-267.pas (214): class function TLogger.LogToJSON(const aLogEntry: TLogEntry): string;[0m
[35md:\Projects\_Archives\Development_folder_2\CRMX-267.pas (217):   jsonObj: TJSONObject;[0m
[35md:\Projects\_Archives\Development_folder_2\CRMX-267.pas (223):     // Create a JSON object for the log entry[0m
[35md:\Projects\_Archives\Development_folder_2\CRMX-267.pas (224):     jsonObj := TJSONObject.Create;[0m
[35md:\Projects\_Archives\Development_folder_2\CRMX-267.pas (226):       jsonObj.AddPair('LogTime', FormatDateTime('yyyy-mm-dd hh:nn:ss', aLogEntry.LogTime));[0m
[35md:\Projects\_Archives\Development_folder_2\CRMX-267.pas (227):       jsonObj.AddPair('UserID', aLogEntry.UserID);[0m
[35md:\Projects\_Archives\Development_folder_2\CRMX-267.pas (228):       jsonObj.AddPair('LogObject', aLogEntry.LogObject);[0m
[35md:\Projects\_Archives\Development_folder_2\CRMX-267.pas (229):       jsonObj.AddPair('Description', aLogEntry.Description);[0m
[35md:\Projects\_Archives\Development_folder_2\CRMX-267.pas (230):       jsonObj.AddPair('LogStatus', StatusStr);[0m
[35md:\Projects\_Archives\Development_folder_2\CRMX-267.pas (231):       Result := jsonObj.ToString;[0m
[35md:\Projects\_Archives\Development_folder_2\CRMX-267.pas (233):       jsonObj.Free;[0m
[35md:\Projects\_Archives\Development_folder_2\CRMX-267.pas (237): 	    raise Exception.CreateFmt('TLogger.LogToJSON,Error when creating the log entry: %s', [e.Message]);[0m
[32mFOUND: d:\Projects\_Archives\Development_folder_2\crmx-268.pas[0m
[35md:\Projects\_Archives\Development_folder_2\crmx-268.pas (206): class function TLogger.LogToJSON(const aLogEntry: TLogEntry): string;[0m
[35md:\Projects\_Archives\Development_folder_2\crmx-268.pas (209):   jsonObj: TJSONObject;[0m
[35md:\Projects\_Archives\Development_folder_2\crmx-268.pas (215):     // Create a JSON object for the log entry[0m
[35md:\Projects\_Archives\Development_folder_2\crmx-268.pas (216):     jsonObj := TJSONObject.Create;[0m
[35md:\Projects\_Archives\Development_folder_2\crmx-268.pas (218):       jsonObj.AddPair('LogTime', FormatDateTime('yyyy-mm-dd hh:nn:ss', aLogEntry.LogTime));[0m
[35md:\Projects\_Archives\Development_folder_2\crmx-268.pas (219):       jsonObj.AddPair('UserID', aLogEntry.UserID);[0m
[35md:\Projects\_Archives\Development_folder_2\crmx-268.pas (220):       jsonObj.AddPair('LogObject', aLogEntry.LogObject);[0m
[35md:\Projects\_Archives\Development_folder_2\crmx-268.pas (221):       jsonObj.AddPair('Description', aLogEntry.Description);[0m
[35md:\Projects\_Archives\Development_folder_2\crmx-268.pas (222):       jsonObj.AddPair('LogStatus', StatusStr);[0m
[35md:\Projects\_Archives\Development_folder_2\crmx-268.pas (223):       Result := jsonObj.ToString;[0m
[35md:\Projects\_Archives\Development_folder_2\crmx-268.pas (225):       jsonObj.Free;[0m
[35md:\Projects\_Archives\Development_folder_2\crmx-268.pas (229): 	    raise Exception.CreateFmt('TLogger.LogToJSON,Error when creating the log entry: %s', [e.Message]);[0m
[32mFOUND: d:\Projects\_Archives\Development_folder_2\CRMX-269.pas[0m
[35md:\Projects\_Archives\Development_folder_2\CRMX-269.pas (207): class function TLogger.LogToJSON(const aLogEntry: TLogEntry): string;[0m
[35md:\Projects\_Archives\Development_folder_2\CRMX-269.pas (210):   jsonObj: TJSONObject;[0m
[35md:\Projects\_Archives\Development_folder_2\CRMX-269.pas (216):     // Create a JSON object for the log entry[0m
[35md:\Projects\_Archives\Development_folder_2\CRMX-269.pas (217):     jsonObj := TJSONObject.Create;[0m
[35md:\Projects\_Archives\Development_folder_2\CRMX-269.pas (219):       jsonObj.AddPair('LogTime', FormatDateTime('yyyy-mm-dd hh:nn:ss', aLogEntry.LogTime));[0m
[35md:\Projects\_Archives\Development_folder_2\CRMX-269.pas (220):       jsonObj.AddPair('UserID', aLogEntry.UserID);[0m
[35md:\Projects\_Archives\Development_folder_2\CRMX-269.pas (221):       jsonObj.AddPair('LogObject', aLogEntry.LogObject);[0m
[35md:\Projects\_Archives\Development_folder_2\CRMX-269.pas (222):       jsonObj.AddPair('Description', aLogEntry.Description);[0m
[35md:\Projects\_Archives\Development_folder_2\CRMX-269.pas (223):       jsonObj.AddPair('LogStatus', StatusStr);[0m
[35md:\Projects\_Archives\Development_folder_2\CRMX-269.pas (224):       Result := jsonObj.ToString;[0m
[35md:\Projects\_Archives\Development_folder_2\CRMX-269.pas (226):       jsonObj.Free;[0m
[35md:\Projects\_Archives\Development_folder_2\CRMX-269.pas (230): 	    raise Exception.CreateFmt('TLogger.LogToJSON,Error when creating the log entry: %s', [e.Message]);[0m
[32mFOUND: d:\Projects\_Archives\Development_folder_2\CRMX-290.pas[0m
[35md:\Projects\_Archives\Development_folder_2\CRMX-290.pas (205): class function TLogger.LogToJSON(const aLogEntry: TLogEntry): string;[0m
[35md:\Projects\_Archives\Development_folder_2\CRMX-290.pas (208):   jsonObj: TJSONObject;[0m
[35md:\Projects\_Archives\Development_folder_2\CRMX-290.pas (214):     // Create a JSON object for the log entry[0m
[35md:\Projects\_Archives\Development_folder_2\CRMX-290.pas (215):     jsonObj := TJSONObject.Create;[0m
[35md:\Projects\_Archives\Development_folder_2\CRMX-290.pas (217):       jsonObj.AddPair('LogTime', FormatDateTime('yyyy-mm-dd hh:nn:ss', aLogEntry.LogTime));[0m
[35md:\Projects\_Archives\Development_folder_2\CRMX-290.pas (218):       jsonObj.AddPair('UserID', aLogEntry.UserID);[0m
[35md:\Projects\_Archives\Development_folder_2\CRMX-290.pas (219):       jsonObj.AddPair('LogObject', aLogEntry.LogObject);[0m
[35md:\Projects\_Archives\Development_folder_2\CRMX-290.pas (220):       jsonObj.AddPair('Description', aLogEntry.Description);[0m
[35md:\Projects\_Archives\Development_folder_2\CRMX-290.pas (221):       jsonObj.AddPair('LogStatus', StatusStr);[0m
[35md:\Projects\_Archives\Development_folder_2\CRMX-290.pas (222):       Result := jsonObj.ToString;[0m
[35md:\Projects\_Archives\Development_folder_2\CRMX-290.pas (224):       jsonObj.Free;[0m
[35md:\Projects\_Archives\Development_folder_2\CRMX-290.pas (228): 	    raise Exception.CreateFmt('TLogger.LogToJSON,Error when creating the log entry: %s', [e.Message]);[0m
[32mFOUND: d:\Projects\_Archives\Development_folder_2\CRMX-292.pas[0m
[35md:\Projects\_Archives\Development_folder_2\CRMX-292.pas (205): class function TLogger.LogToJSON(const aLogEntry: TLogEntry): string;[0m
[35md:\Projects\_Archives\Development_folder_2\CRMX-292.pas (208):   jsonObj: TJSONObject;[0m
[35md:\Projects\_Archives\Development_folder_2\CRMX-292.pas (214):     // Create a JSON object for the log entry[0m
[35md:\Projects\_Archives\Development_folder_2\CRMX-292.pas (215):     jsonObj := TJSONObject.Create;[0m
[35md:\Projects\_Archives\Development_folder_2\CRMX-292.pas (217):       jsonObj.AddPair('LogTime', FormatDateTime('yyyy-mm-dd hh:nn:ss', aLogEntry.LogTime));[0m
[35md:\Projects\_Archives\Development_folder_2\CRMX-292.pas (218):       jsonObj.AddPair('UserID', aLogEntry.UserID);[0m
[35md:\Projects\_Archives\Development_folder_2\CRMX-292.pas (219):       jsonObj.AddPair('LogObject', aLogEntry.LogObject);[0m
[35md:\Projects\_Archives\Development_folder_2\CRMX-292.pas (220):       jsonObj.AddPair('Description', aLogEntry.Description);[0m
[35md:\Projects\_Archives\Development_folder_2\CRMX-292.pas (221):       jsonObj.AddPair('LogStatus', StatusStr);[0m
[35md:\Projects\_Archives\Development_folder_2\CRMX-292.pas (222):       Result := jsonObj.ToString;[0m
[35md:\Projects\_Archives\Development_folder_2\CRMX-292.pas (224):       jsonObj.Free;[0m
[35md:\Projects\_Archives\Development_folder_2\CRMX-292.pas (228): 	    raise Exception.CreateFmt('TLogger.LogToJSON,Error when creating the log entry: %s', [e.Message]);[0m
[32mFOUND: d:\Projects\_Archives\Development_folder_2\CRMX-296.pas[0m
[35md:\Projects\_Archives\Development_folder_2\CRMX-296.pas (249): class function TLogger.LogToJSON(const aLogEntry: TLogEntry): string;[0m
[35md:\Projects\_Archives\Development_folder_2\CRMX-296.pas (252):   jsonObj: TJSONObject;[0m
[35md:\Projects\_Archives\Development_folder_2\CRMX-296.pas (258):     // Create a JSON object for the log entry[0m
[35md:\Projects\_Archives\Development_folder_2\CRMX-296.pas (259):     jsonObj := TJSONObject.Create;[0m
[35md:\Projects\_Archives\Development_folder_2\CRMX-296.pas (261):       jsonObj.AddPair('LogTime', FormatDateTime('yyyy-mm-dd hh:nn:ss', aLogEntry.LogTime));[0m
[35md:\Projects\_Archives\Development_folder_2\CRMX-296.pas (262):       jsonObj.AddPair('UserID', aLogEntry.UserID);[0m
[35md:\Projects\_Archives\Development_folder_2\CRMX-296.pas (263):       jsonObj.AddPair('LogObject', aLogEntry.LogObject);[0m
[35md:\Projects\_Archives\Development_folder_2\CRMX-296.pas (264):       jsonObj.AddPair('Description', aLogEntry.Description);[0m
[35md:\Projects\_Archives\Development_folder_2\CRMX-296.pas (265):       jsonObj.AddPair('LogStatus', StatusStr);[0m
[35md:\Projects\_Archives\Development_folder_2\CRMX-296.pas (266):       Result := jsonObj.ToString;[0m
[35md:\Projects\_Archives\Development_folder_2\CRMX-296.pas (268):       jsonObj.Free;[0m
[35md:\Projects\_Archives\Development_folder_2\CRMX-296.pas (272): 	    raise Exception.CreateFmt('TLogger.LogToJSON,Error when creating the log entry: %s', [e.Message]);[0m
[32mFOUND: d:\Projects\_Archives\Development_folder_2\CRMX-301.pas[0m
[35md:\Projects\_Archives\Development_folder_2\CRMX-301.pas (156):   System.JSON, JSONConfig;[0m
[35md:\Projects\_Archives\Development_folder_2\CRMX-301.pas (160):   Config: TJSONConfig;[0m
[35md:\Projects\_Archives\Development_folder_2\CRMX-301.pas (161):   ArrayToSet, RetrievedArray: TJSONArray;[0m
[35md:\Projects\_Archives\Development_folder_2\CRMX-301.pas (164):   Config := TJSONConfig.Create;[0m
[35md:\Projects\_Archives\Development_folder_2\CRMX-301.pas (166):     // --- How to SET a JSON array ---[0m
[35md:\Projects\_Archives\Development_folder_2\CRMX-301.pas (167):     ArrayToSet := TJSONArray.Create;[0m
[35md:\Projects\_Archives\Development_folder_2\CRMX-301.pas (173):       Config.SetJSONArray('Types', ArrayToSet);[0m
[35md:\Projects\_Archives\Development_folder_2\CRMX-301.pas (179):     ShowMessage('JSON content:' + sLineBreak + Config.Value);[0m
[35md:\Projects\_Archives\Development_folder_2\CRMX-301.pas (182):     // --- How to GET a JSON array ---[0m
[35md:\Projects\_Archives\Development_folder_2\CRMX-301.pas (183):     RetrievedArray := Config.GetJSONArray('Types');[0m
[35md:\Projects\_Archives\Development_folder_2\CRMX-301.pas (187):         // You now have a new TJSONArray object to work with.[0m
[32mFOUND: d:\Projects\_Archives\Development_folder_2\CRMX-305.pas[0m
[35md:\Projects\_Archives\Development_folder_2\CRMX-305.pas (334):     TLogOutputFormat.JSON:[0m
[35md:\Projects\_Archives\Development_folder_2\CRMX-305.pas (336):         logLine := TLogger.LogToJSON(aLogEntry);[0m
[35md:\Projects\_Archives\Development_folder_2\CRMX-305.pas (337):         if not logLine.IsEmpty and (TLogger.OkToWriteLog(logLine)) then WriteJSONToFile(logLine);[0m
[32mFOUND: d:\Projects\_Archives\Development_folder_2\CRMX-325.pas[0m
[35md:\Projects\_Archives\Development_folder_2\CRMX-325.pas (247):     TLogOutputFormat.JSON:[0m
[35md:\Projects\_Archives\Development_folder_2\CRMX-325.pas (249):         logLine := TLogger.LogToJSON(aLogEntry);[0m
[35md:\Projects\_Archives\Development_folder_2\CRMX-325.pas (250):         if not logLine.IsEmpty and (TLogger.OkToWriteLog(logLine)) then WriteJSONToFile(logLine);[0m
[35md:\Projects\_Archives\Development_folder_2\CRMX-325.pas (300):   System.JSON;[0m
[35md:\Projects\_Archives\Development_folder_2\CRMX-325.pas (305):   TLogOutputFormat = (Text, CSV, JSON); // Enumerated type for output format[0m
[35md:\Projects\_Archives\Development_folder_2\CRMX-325.pas (329):       fOutputFormat: TLogOutputFormat; // Output format (Text, CSV or JSON)[0m
[35md:\Projects\_Archives\Development_folder_2\CRMX-325.pas (331):       fJSONFileInitialized: Boolean;  // Track if we need to start JSON array[0m
[35md:\Projects\_Archives\Development_folder_2\CRMX-325.pas (337):     class function LogToJSON(const aLogEntry: TLogEntry): string;[0m
[35md:\Projects\_Archives\Development_folder_2\CRMX-325.pas (340):     class procedure InitializeJSONFile;[0m
[35md:\Projects\_Archives\Development_folder_2\CRMX-325.pas (341):     class procedure WriteJSONToFile(const aJSON: string);[0m
[35md:\Projects\_Archives\Development_folder_2\CRMX-325.pas (368):   TLogger.fJSONFileInitialized := False;[0m
[35md:\Projects\_Archives\Development_folder_2\CRMX-325.pas (383):     if fOutputFormat = TLogOutputFormat.JSON then maxLines := 3;[0m
[35md:\Projects\_Archives\Development_folder_2\CRMX-325.pas (501):     TLogOutputFormat.JSON:[0m
[35md:\Projects\_Archives\Development_folder_2\CRMX-325.pas (503):         logLine := TLogger.LogToJSON(aLogEntry);[0m
[35md:\Projects\_Archives\Development_folder_2\CRMX-325.pas (504):         if not logLine.IsEmpty then WriteJSONToFile(logLine);[0m
[35md:\Projects\_Archives\Development_folder_2\CRMX-325.pas (540): class function TLogger.LogToJSON(const aLogEntry: TLogEntry): string;[0m
[35md:\Projects\_Archives\Development_folder_2\CRMX-325.pas (543):   jsonObj: TJSONObject;[0m
[35md:\Projects\_Archives\Development_folder_2\CRMX-325.pas (549):     // Create a JSON object for the log entry[0m
[35md:\Projects\_Archives\Development_folder_2\CRMX-325.pas (550):     jsonObj := TJSONObject.Create;[0m
[35md:\Projects\_Archives\Development_folder_2\CRMX-325.pas (552):       jsonObj.AddPair('LogTime', FormatDateTime('yyyy-mm-dd hh:nn:ss', aLogEntry.LogTime));[0m
[35md:\Projects\_Archives\Development_folder_2\CRMX-325.pas (553):       jsonObj.AddPair('UserID', aLogEntry.UserID);[0m
[35md:\Projects\_Archives\Development_folder_2\CRMX-325.pas (554):       jsonObj.AddPair('LogObject', aLogEntry.LogObject);[0m
[35md:\Projects\_Archives\Development_folder_2\CRMX-325.pas (555):       jsonObj.AddPair('Description', aLogEntry.Description);[0m
[35md:\Projects\_Archives\Development_folder_2\CRMX-325.pas (556):       jsonObj.AddPair('LogStatus', StatusStr);[0m
[35md:\Projects\_Archives\Development_folder_2\CRMX-325.pas (557):       Result := jsonObj.ToString;[0m
[35md:\Projects\_Archives\Development_folder_2\CRMX-325.pas (559):       jsonObj.Free;[0m
[35md:\Projects\_Archives\Development_folder_2\CRMX-325.pas (563): 	    raise Exception.CreateFmt('TLogger.LogToJSON,Error when creating the log entry: %s', [e.Message]);[0m
[35md:\Projects\_Archives\Development_folder_2\CRMX-325.pas (567): class procedure TLogger.InitializeJSONFile;[0m
[35md:\Projects\_Archives\Development_folder_2\CRMX-325.pas (579):       fJSONFileInitialized := True;[0m
[35md:\Projects\_Archives\Development_folder_2\CRMX-325.pas (593):         fJSONFileInitialized := True;[0m
[35md:\Projects\_Archives\Development_folder_2\CRMX-325.pas (601): class procedure TLogger.WriteJSONToFile(const aJSON: string);[0m
[35md:\Projects\_Archives\Development_folder_2\CRMX-325.pas (605):   qRec.Text := aJSON;[0m
[35md:\Projects\_Archives\Development_folder_2\CRMX-325.pas (606):   qRec.isInitialised := fJSONFileInitialized;[0m
[35md:\Projects\_Archives\Development_folder_2\CRMX-325.pas (631):               InitializeJSONFile;[0m
[35md:\Projects\_Archives\Development_folder_2\CRMX-325.pas (670):           fJSONFileInitialized := True;[0m
[35md:\Projects\_Archives\Development_folder_2\CRMX-325.pas (768):   System.JSON;[0m
[35md:\Projects\_Archives\Development_folder_2\CRMX-325.pas (773):   TLogOutputFormat = (Text, CSV, JSON); // Enumerated type for output format[0m
[35md:\Projects\_Archives\Development_folder_2\CRMX-325.pas (797):       fOutputFormat: TLogOutputFormat; // Output format (Text, CSV or JSON)[0m
[35md:\Projects\_Archives\Development_folder_2\CRMX-325.pas (799):       fJSONFileInitialized: Boolean;  // Track if we need to start JSON array[0m
[35md:\Projects\_Archives\Development_folder_2\CRMX-325.pas (805):     class function LogToJSON(const aLogEntry: TLogEntry): string;[0m
[35md:\Projects\_Archives\Development_folder_2\CRMX-325.pas (808):     class procedure InitializeJSONFile;[0m
[35md:\Projects\_Archives\Development_folder_2\CRMX-325.pas (809):     class procedure WriteJSONToFile(const aJSON: string);[0m
[35md:\Projects\_Archives\Development_folder_2\CRMX-325.pas (836):   TLogger.fJSONFileInitialized := False;[0m
[35md:\Projects\_Archives\Development_folder_2\CRMX-325.pas (851):     if fOutputFormat = TLogOutputFormat.JSON then maxLines := 3;[0m
[35md:\Projects\_Archives\Development_folder_2\CRMX-325.pas (969):     TLogOutputFormat.JSON:[0m
[35md:\Projects\_Archives\Development_folder_2\CRMX-325.pas (971):         logLine := TLogger.LogToJSON(aLogEntry);[0m
[35md:\Projects\_Archives\Development_folder_2\CRMX-325.pas (972):         if not logLine.IsEmpty then WriteJSONToFile(logLine);[0m
[35md:\Projects\_Archives\Development_folder_2\CRMX-325.pas (1008): class function TLogger.LogToJSON(const aLogEntry: TLogEntry): string;[0m
[35md:\Projects\_Archives\Development_folder_2\CRMX-325.pas (1011):   jsonObj: TJSONObject;[0m
[35md:\Projects\_Archives\Development_folder_2\CRMX-325.pas (1017):     // Create a JSON object for the log entry[0m
[35md:\Projects\_Archives\Development_folder_2\CRMX-325.pas (1018):     jsonObj := TJSONObject.Create;[0m
[35md:\Projects\_Archives\Development_folder_2\CRMX-325.pas (1020):       jsonObj.AddPair('LogTime', FormatDateTime('yyyy-mm-dd hh:nn:ss', aLogEntry.LogTime));[0m
[35md:\Projects\_Archives\Development_folder_2\CRMX-325.pas (1021):       jsonObj.AddPair('UserID', aLogEntry.UserID);[0m
[35md:\Projects\_Archives\Development_folder_2\CRMX-325.pas (1022):       jsonObj.AddPair('LogObject', aLogEntry.LogObject);[0m
[35md:\Projects\_Archives\Development_folder_2\CRMX-325.pas (1023):       jsonObj.AddPair('Description', aLogEntry.Description);[0m
[35md:\Projects\_Archives\Development_folder_2\CRMX-325.pas (1024):       jsonObj.AddPair('LogStatus', StatusStr);[0m
[35md:\Projects\_Archives\Development_folder_2\CRMX-325.pas (1025):       Result := jsonObj.ToString;[0m
[35md:\Projects\_Archives\Development_folder_2\CRMX-325.pas (1027):       jsonObj.Free;[0m
[35md:\Projects\_Archives\Development_folder_2\CRMX-325.pas (1031): 	    raise Exception.CreateFmt('TLogger.LogToJSON,Error when creating the log entry: %s', [e.Message]);[0m
[35md:\Projects\_Archives\Development_folder_2\CRMX-325.pas (1035): class procedure TLogger.InitializeJSONFile;[0m
[35md:\Projects\_Archives\Development_folder_2\CRMX-325.pas (1047):       fJSONFileInitialized := True;[0m
[35md:\Projects\_Archives\Development_folder_2\CRMX-325.pas (1061):         fJSONFileInitialized := True;[0m
[35md:\Projects\_Archives\Development_folder_2\CRMX-325.pas (1069): class procedure TLogger.WriteJSONToFile(const aJSON: string);[0m
[35md:\Projects\_Archives\Development_folder_2\CRMX-325.pas (1073):   qRec.Text := aJSON;[0m
[35md:\Projects\_Archives\Development_folder_2\CRMX-325.pas (1074):   qRec.isInitialised := fJSONFileInitialized;[0m
[35md:\Projects\_Archives\Development_folder_2\CRMX-325.pas (1099):               InitializeJSONFile;[0m
[35md:\Projects\_Archives\Development_folder_2\CRMX-325.pas (1138):           fJSONFileInitialized := True;[0m
[35md:\Projects\_Archives\Development_folder_2\CRMX-325.pas (1367):   System.JSON;[0m
[35md:\Projects\_Archives\Development_folder_2\CRMX-325.pas (1372):   TLogOutputFormat = (Text, CSV, JSON); // Enumerated type for output format[0m
[35md:\Projects\_Archives\Development_folder_2\CRMX-325.pas (1390):       fOutputFormat: TLogOutputFormat; // Output format (Text, CSV or JSON)[0m
[35md:\Projects\_Archives\Development_folder_2\CRMX-325.pas (1392):       fJSONFileInitialized: Boolean;  // Track if we need to start JSON array[0m
[35md:\Projects\_Archives\Development_folder_2\CRMX-325.pas (1398):     class function LogToJSON(const aLogEntry: TLogEntry): string;[0m
[35md:\Projects\_Archives\Development_folder_2\CRMX-325.pas (1401):     class procedure InitializeJSONFile;[0m
[35md:\Projects\_Archives\Development_folder_2\CRMX-325.pas (1402):     class procedure WriteJSONToFile(const aJSON: string);[0m
[35md:\Projects\_Archives\Development_folder_2\CRMX-325.pas (1429):   TLogger.fJSONFileInitialized := False;[0m
[35md:\Projects\_Archives\Development_folder_2\CRMX-325.pas (1444):     if fOutputFormat = TLogOutputFormat.JSON then maxLines := 3;[0m
[35md:\Projects\_Archives\Development_folder_2\CRMX-325.pas (1562):     TLogOutputFormat.JSON:[0m
[35md:\Projects\_Archives\Development_folder_2\CRMX-325.pas (1564):         logLine := TLogger.LogToJSON(aLogEntry);[0m
[35md:\Projects\_Archives\Development_folder_2\CRMX-325.pas (1565):         if not logLine.IsEmpty then WriteJSONToFile(logLine);[0m
[35md:\Projects\_Archives\Development_folder_2\CRMX-325.pas (1601): class function TLogger.LogToJSON(const aLogEntry: TLogEntry): string;[0m
[35md:\Projects\_Archives\Development_folder_2\CRMX-325.pas (1604):   jsonObj: TJSONObject;[0m
[35md:\Projects\_Archives\Development_folder_2\CRMX-325.pas (1610):     // Create a JSON object for the log entry[0m
[35md:\Projects\_Archives\Development_folder_2\CRMX-325.pas (1611):     jsonObj := TJSONObject.Create;[0m
[35md:\Projects\_Archives\Development_folder_2\CRMX-325.pas (1613):       jsonObj.AddPair('LogTime', FormatDateTime('yyyy-mm-dd hh:nn:ss', aLogEntry.LogTime));[0m
[35md:\Projects\_Archives\Development_folder_2\CRMX-325.pas (1614):       jsonObj.AddPair('UserID', aLogEntry.UserID);[0m
[35md:\Projects\_Archives\Development_folder_2\CRMX-325.pas (1615):       jsonObj.AddPair('LogObject', aLogEntry.LogObject);[0m
[35md:\Projects\_Archives\Development_folder_2\CRMX-325.pas (1616):       jsonObj.AddPair('Description', aLogEntry.Description);[0m
[35md:\Projects\_Archives\Development_folder_2\CRMX-325.pas (1617):       jsonObj.AddPair('LogStatus', StatusStr);[0m
[35md:\Projects\_Archives\Development_folder_2\CRMX-325.pas (1618):       Result := jsonObj.ToString;[0m
[35md:\Projects\_Archives\Development_folder_2\CRMX-325.pas (1620):       jsonObj.Free;[0m
[35md:\Projects\_Archives\Development_folder_2\CRMX-325.pas (1624): 	    raise Exception.CreateFmt('TLogger.LogToJSON,Error when creating the log entry: %s', [e.Message]);[0m
[35md:\Projects\_Archives\Development_folder_2\CRMX-325.pas (1628): class procedure TLogger.InitializeJSONFile;[0m
[35md:\Projects\_Archives\Development_folder_2\CRMX-325.pas (1640):       fJSONFileInitialized := True;[0m
[35md:\Projects\_Archives\Development_folder_2\CRMX-325.pas (1654):         fJSONFileInitialized := True;[0m
[35md:\Projects\_Archives\Development_folder_2\CRMX-325.pas (1668): class procedure TLogger.WriteJSONToFile(const aJSON: string);[0m
[35md:\Projects\_Archives\Development_folder_2\CRMX-325.pas (1680):   if ( (not fJSONFileInitialized) and (not logExists) ) then InitializeJSONFile;[0m
[35md:\Projects\_Archives\Development_folder_2\CRMX-325.pas (1688):       if fJSONFileInitialized or logExists then[0m
[35md:\Projects\_Archives\Development_folder_2\CRMX-325.pas (1700):           buffer := TEncoding.UTF8.GetBytes(',' + sLineBreak + aJSON + sLineBreak + ']')[0m
[35md:\Projects\_Archives\Development_folder_2\CRMX-325.pas (1702):           buffer := TEncoding.UTF8.GetBytes(aJSON + sLineBreak + ']');[0m
[35md:\Projects\_Archives\Development_folder_2\CRMX-325.pas (1711):       fJSONFileInitialized := True;[0m
[35md:\Projects\_Archives\Development_folder_2\CRMX-325.pas (1779):   System.JSON;[0m
[35md:\Projects\_Archives\Development_folder_2\CRMX-325.pas (1784):   TLogOutputFormat = (Text, CSV, JSON); // Enumerated type for output format[0m
[35md:\Projects\_Archives\Development_folder_2\CRMX-325.pas (1802):       fOutputFormat: TLogOutputFormat; // Output format (Text, CSV or JSON)[0m
[35md:\Projects\_Archives\Development_folder_2\CRMX-325.pas (1804):       fJSONFileInitialized: Boolean;  // Track if we need to start JSON array[0m
[35md:\Projects\_Archives\Development_folder_2\CRMX-325.pas (1810):     class function LogToJSON(const aLogEntry: TLogEntry): string;[0m
[35md:\Projects\_Archives\Development_folder_2\CRMX-325.pas (1813):     class procedure InitializeJSONFile;[0m
[35md:\Projects\_Archives\Development_folder_2\CRMX-325.pas (1814):     class procedure WriteJSONToFile(const aJSON: string);[0m
[35md:\Projects\_Archives\Development_folder_2\CRMX-325.pas (1841):   TLogger.fJSONFileInitialized := False;[0m
[35md:\Projects\_Archives\Development_folder_2\CRMX-325.pas (1856):     if fOutputFormat = TLogOutputFormat.JSON then maxLines := 3;[0m
[35md:\Projects\_Archives\Development_folder_2\CRMX-325.pas (1974):     TLogOutputFormat.JSON:[0m
[35md:\Projects\_Archives\Development_folder_2\CRMX-325.pas (1976):         logLine := TLogger.LogToJSON(aLogEntry);[0m
[35md:\Projects\_Archives\Development_folder_2\CRMX-325.pas (1977):         if not logLine.IsEmpty then WriteJSONToFile(logLine);[0m
[35md:\Projects\_Archives\Development_folder_2\CRMX-325.pas (2013): class function TLogger.LogToJSON(const aLogEntry: TLogEntry): string;[0m
[35md:\Projects\_Archives\Development_folder_2\CRMX-325.pas (2016):   jsonObj: TJSONObject;[0m
[35md:\Projects\_Archives\Development_folder_2\CRMX-325.pas (2022):     // Create a JSON object for the log entry[0m
[35md:\Projects\_Archives\Development_folder_2\CRMX-325.pas (2023):     jsonObj := TJSONObject.Create;[0m
[35md:\Projects\_Archives\Development_folder_2\CRMX-325.pas (2026):       jsonObj.AddPair('LogTime', DateToISO8601(aLogEntry.LogTime,true));[0m
[35md:\Projects\_Archives\Development_folder_2\CRMX-325.pas (2027):       jsonObj.AddPair('UserID', aLogEntry.UserID);[0m
[35md:\Projects\_Archives\Development_folder_2\CRMX-325.pas (2028):       jsonObj.AddPair('LogObject', aLogEntry.LogObject);[0m
[35md:\Projects\_Archives\Development_folder_2\CRMX-325.pas (2029):       jsonObj.AddPair('Description', aLogEntry.Description);[0m
[35md:\Projects\_Archives\Development_folder_2\CRMX-325.pas (2030):       jsonObj.AddPair('LogStatus', StatusStr);[0m
[35md:\Projects\_Archives\Development_folder_2\CRMX-325.pas (2031):       Result := jsonObj.ToString;[0m
[35md:\Projects\_Archives\Development_folder_2\CRMX-325.pas (2033):       jsonObj.Free;[0m
[35md:\Projects\_Archives\Development_folder_2\CRMX-325.pas (2037): 	    raise Exception.CreateFmt('TLogger.LogToJSON,Error when creating the log entry: %s', [e.Message]);[0m
[35md:\Projects\_Archives\Development_folder_2\CRMX-325.pas (2041): class procedure TLogger.InitializeJSONFile;[0m
[35md:\Projects\_Archives\Development_folder_2\CRMX-325.pas (2053):       fJSONFileInitialized := True;[0m
[35md:\Projects\_Archives\Development_folder_2\CRMX-325.pas (2067):         fJSONFileInitialized := True;[0m
[35md:\Projects\_Archives\Development_folder_2\CRMX-325.pas (2075): class procedure TLogger.WriteJSONToFile(const aJSON: string);[0m
[35md:\Projects\_Archives\Development_folder_2\CRMX-325.pas (2087):   if ( (not fJSONFileInitialized) and (not logExists) ) then InitializeJSONFile;[0m
[35md:\Projects\_Archives\Development_folder_2\CRMX-325.pas (2095):       if fJSONFileInitialized or logExists then[0m
[35md:\Projects\_Archives\Development_folder_2\CRMX-325.pas (2107):           buffer := TEncoding.UTF8.GetBytes(',' + sLineBreak + aJSON + sLineBreak + ']')[0m
[35md:\Projects\_Archives\Development_folder_2\CRMX-325.pas (2109):           buffer := TEncoding.UTF8.GetBytes(aJSON + sLineBreak + ']');[0m
[35md:\Projects\_Archives\Development_folder_2\CRMX-325.pas (2118):       fJSONFileInitialized := True;[0m
[35md:\Projects\_Archives\Development_folder_2\CRMX-325.pas (2254): class procedure TLogger.WriteJSONToFile(const aJSON: string);[0m
[35md:\Projects\_Archives\Development_folder_2\CRMX-325.pas (2266):   if ( (not fJSONFileInitialized) and (not logExists) ) then InitializeJSONFile;[0m
[35md:\Projects\_Archives\Development_folder_2\CRMX-325.pas (2274):       if fJSONFileInitialized or logExists then[0m
[35md:\Projects\_Archives\Development_folder_2\CRMX-325.pas (2286):           buffer := TEncoding.UTF8.GetBytes(',' + sLineBreak + aJSON + sLineBreak + ']')[0m
[35md:\Projects\_Archives\Development_folder_2\CRMX-325.pas (2288):           buffer := TEncoding.UTF8.GetBytes(aJSON + sLineBreak + ']');[0m
[35md:\Projects\_Archives\Development_folder_2\CRMX-325.pas (2297):       fJSONFileInitialized := True;[0m
[35md:\Projects\_Archives\Development_folder_2\CRMX-325.pas (2331): class procedure TLogger.WriteJSONToFile(const aJSON: string);[0m
[35md:\Projects\_Archives\Development_folder_2\CRMX-325.pas (2335):   qRec.Text := aJSON;[0m
[35md:\Projects\_Archives\Development_folder_2\CRMX-325.pas (2336):   qRec.isInitialised := fJSONFileInitialized;[0m
[35md:\Projects\_Archives\Development_folder_2\CRMX-325.pas (2340):     InitializeJSONFile;[0m
[35md:\Projects\_Archives\Development_folder_2\CRMX-325.pas (2342):     qRec.isInitialised := fJSONFileInitialized;[0m
[32mFOUND: d:\Projects\_Archives\Development_folder_2\CRMX-413.pas[0m
[35md:\Projects\_Archives\Development_folder_2\CRMX-413.pas (174):   jsonObj: TJSONObject;[0m
[35md:\Projects\_Archives\Development_folder_2\CRMX-413.pas (175):   jsonArr: TJSONArray;[0m
[35md:\Projects\_Archives\Development_folder_2\CRMX-413.pas (177):   pair: TJSONPair;[0m
[35md:\Projects\_Archives\Development_folder_2\CRMX-413.pas (180):   arrayObj: TJSONValue;[0m
[35md:\Projects\_Archives\Development_folder_2\CRMX-413.pas (189):     strContents := TFile.ReadAllText( IncludeTrailingBackslash(ExtractFilePath(ParamStr(0))) + 'Config.json')[0m
[35md:\Projects\_Archives\Development_folder_2\CRMX-413.pas (193):         // Parse JSON array[0m
[35md:\Projects\_Archives\Development_folder_2\CRMX-413.pas (194):         jsonArr := TJSONObject.ParseJSONValue(strContents) as TJSONArray;[0m
[35md:\Projects\_Archives\Development_folder_2\CRMX-413.pas (195):         if not Assigned(jsonArr) then[0m
[35md:\Projects\_Archives\Development_folder_2\CRMX-413.pas (196):         raise Exception.Create('Invalid JSON format.');[0m
[35md:\Projects\_Archives\Development_folder_2\CRMX-413.pas (199):           if JSONArray.Count > 0 then[0m
[35md:\Projects\_Archives\Development_folder_2\CRMX-413.pas (203):             while not found and (i < JSONArray.Count) do[0m
[35md:\Projects\_Archives\Development_folder_2\CRMX-413.pas (205):               jsonObj := TJSONObject.ParseJSONValue(jsonArr.Items[i]) as TJSONObject;[0m
[35md:\Projects\_Archives\Development_folder_2\CRMX-413.pas (207):               if not Assigned(jsonObj) then[0m
[35md:\Projects\_Archives\Development_folder_2\CRMX-413.pas (208):                 raise Exception.Create('Invalid JSON object at index ' + i.ToString);[0m
[35md:\Projects\_Archives\Development_folder_2\CRMX-413.pas (210):               for Pair in jsonObj do[0m
[35md:\Projects\_Archives\Development_folder_2\CRMX-413.pas (212):                 fieldName := Pair.JsonString.Value;[0m
[35md:\Projects\_Archives\Development_folder_2\CRMX-413.pas (213):                 fieldName := Pair.JsonValue.Value;   [0m
[35md:\Projects\_Archives\Development_folder_2\CRMX-413.pas (223):                   if fieldName = 'time' then fLocalConfig.Time := jsonObj.GetValue<string>('time');[0m
[35md:\Projects\_Archives\Development_folder_2\CRMX-413.pas (226):                     if Pair.JsonValue is TJSONArray then[0m
[35md:\Projects\_Archives\Development_folder_2\CRMX-413.pas (228):                         jsonArr := jsonObj.GetValue<TJSONArray>('folders');[0m
[35md:\Projects\_Archives\Development_folder_2\CRMX-413.pas (229):                         // MEMORY FIX: Do NOT free jsonArr, it is owned by jsonObj.[0m
[35md:\Projects\_Archives\Development_folder_2\CRMX-413.pas (230):                         if Assigned(jsonArr) and (jsonArr.Count > 0) then[0m
[35md:\Projects\_Archives\Development_folder_2\CRMX-413.pas (232):                             for i := 0 to jsonArr.Count - 1 do[0m
[35md:\Projects\_Archives\Development_folder_2\CRMX-413.pas (234):                             arrayObj := jsonArr.items[i];[0m
[35md:\Projects\_Archives\Development_folder_2\CRMX-413.pas (241):                         // We need to change all \'s into :'s becuase mogo/json get's confused[0m
[35md:\Projects\_Archives\Development_folder_2\CRMX-413.pas (248):                     if fieldName = 'Status' then fLocalConfig.Status := jsonObj.GetValue<string>('status');[0m
[35md:\Projects\_Archives\Development_folder_2\CRMX-413.pas (252):               // Move onto the next jsonObj instance  [0m
[35md:\Projects\_Archives\Development_folder_2\CRMX-413.pas (254):             end; // while not found and (i < JSONArray.Count) do[0m
[35md:\Projects\_Archives\Development_folder_2\CRMX-413.pas (255):           end; // if JSONArray.Count > 0 then[0m
[35md:\Projects\_Archives\Development_folder_2\CRMX-413.pas (257):           jsonArr.Free;[0m
[32mFOUND: d:\Projects\_Archives\Development_folder_2\CRMX-429.pas[0m
[35md:\Projects\_Archives\Development_folder_2\CRMX-429.pas (258):   jsonRoot, foldersArr: TJSONArray;[0m
[35md:\Projects\_Archives\Development_folder_2\CRMX-429.pas (259):   jsonConfigObj: TJSONObject;[0m
[35md:\Projects\_Archives\Development_folder_2\CRMX-429.pas (261):   item: TJSONValue;[0m
[35md:\Projects\_Archives\Development_folder_2\CRMX-429.pas (267):   strContents := TFile.ReadAllText(IncludeTrailingBackslash(ExtractFilePath(ParamStr(0))) + 'Config.json');[0m
[35md:\Projects\_Archives\Development_folder_2\CRMX-429.pas (270):     Log('LoadConfig: Config.json is empty or could not be read.', etWarning);[0m
[35md:\Projects\_Archives\Development_folder_2\CRMX-429.pas (274):   jsonRoot := nil;[0m
[35md:\Projects\_Archives\Development_folder_2\CRMX-429.pas (275):   jsonConfigObj := nil;[0m
[35md:\Projects\_Archives\Development_folder_2\CRMX-429.pas (277):     jsonRoot := TJSONObject.ParseJSONValue(strContents) as TJSONArray;[0m
[35md:\Projects\_Archives\Development_folder_2\CRMX-429.pas (278):     if not Assigned(jsonRoot) then[0m
[35md:\Projects\_Archives\Development_folder_2\CRMX-429.pas (279):       raise Exception.Create('Invalid JSON format: Root is not a JSON array.');[0m
[35md:\Projects\_Archives\Development_folder_2\CRMX-429.pas (282):     for i := 0 to jsonRoot.Count - 1 do[0m
[35md:\Projects\_Archives\Development_folder_2\CRMX-429.pas (284):       if (jsonRoot.Items[i] is TJSONObject) and[0m
[35md:\Projects\_Archives\Development_folder_2\CRMX-429.pas (285):          (TJSONObject(jsonRoot.Items[i]).GetValue<string>('name') = fServerConfig.ConfigName) then[0m
[35md:\Projects\_Archives\Development_folder_2\CRMX-429.pas (287):         jsonConfigObj := jsonRoot.Items[i] as TJSONObject;[0m
[35md:\Projects\_Archives\Development_folder_2\CRMX-429.pas (292):     if not Assigned(jsonConfigObj) then[0m
[35md:\Projects\_Archives\Development_folder_2\CRMX-429.pas (294):       Log(Format('LoadConfig: Configuration with name "%s" not found in Config.json.', [fServerConfig.ConfigName]), etWarning);[0m
[35md:\Projects\_Archives\Development_folder_2\CRMX-429.pas (299):     fMongoConfig.ConfigName := jsonConfigObj.GetValue<string>('name', '');[0m
[35md:\Projects\_Archives\Development_folder_2\CRMX-429.pas (300):     fMongoConfig.Time := jsonConfigObj.GetValue<string>('time', '');[0m
[35md:\Projects\_Archives\Development_folder_2\CRMX-429.pas (301):     fMongoConfig.Status := jsonConfigObj.GetValue<string>('status', '');[0m
[35md:\Projects\_Archives\Development_folder_2\CRMX-429.pas (302):     fMongoConfig.Text := jsonConfigObj.ToJSON; // Store the specific config block[0m
[35md:\Projects\_Archives\Development_folder_2\CRMX-429.pas (305):     foldersArr := jsonConfigObj.GetValue<TJSONArray>('folders');[0m
[35md:\Projects\_Archives\Development_folder_2\CRMX-429.pas (326):     if Assigned(jsonRoot) then[0m
[35md:\Projects\_Archives\Development_folder_2\CRMX-429.pas (327):       jsonRoot.Free;[0m
[32mFOUND: d:\Projects\_Archives\Development_folder_2\uASCRequestHelper.pas[0m
[35md:\Projects\_Archives\Development_folder_2\uASCRequestHelper.pas (6):   System.Variants, System.DateUtils, System.SysUtils, System.JSON, Vcl.Dialogs;[0m
[35md:\Projects\_Archives\Development_folder_2\uASCRequestHelper.pas (100):   jSONArray: TJSONArray;[0m
[35md:\Projects\_Archives\Development_folder_2\uASCRequestHelper.pas (101):   jSONObject, jsonResponse: TJSONObject;[0m
[35md:\Projects\_Archives\Development_folder_2\uASCRequestHelper.pas (102):   jSONValueName: TJSONValue;[0m
[35md:\Projects\_Archives\Development_folder_2\uASCRequestHelper.pas (103):   jSONValueUpdatedTime: TJSONValue;[0m
[35md:\Projects\_Archives\Development_folder_2\uASCRequestHelper.pas (107):     jSONObject := TJSONObject.Create;[0m
[35md:\Projects\_Archives\Development_folder_2\uASCRequestHelper.pas (108):     jSONObject.AddPair('p_customer_id', IntToStr(aCustomerID));[0m
[35md:\Projects\_Archives\Development_folder_2\uASCRequestHelper.pas (109):     jSONObject.AddPair('p_mpxn_id', aSpan);[0m
[35md:\Projects\_Archives\Development_folder_2\uASCRequestHelper.pas (110):     jSONObject.AddPair('p_outstanding_debt', CurrToStr(aOutstandingDebt));[0m
[35md:\Projects\_Archives\Development_folder_2\uASCRequestHelper.pas (111):     payload := jSONObject.ToString;[0m
[35md:\Projects\_Archives\Development_folder_2\uASCRequestHelper.pas (117):     jsonResponse := TJSONObject.ParseJSONValue(VarToStr(strResult)) as TJSONObject;[0m
[35md:\Projects\_Archives\Development_folder_2\uASCRequestHelper.pas (118):     isEligible := LowerCase(jsonResponse.GetValue<string>('p_is_eligible')) = 'y';[0m
[35md:\Projects\_Archives\Development_folder_2\uASCRequestHelper.pas (119):     msg := jsonResponse.GetValue<string>('p_msg');[0m
[35md:\Projects\_Archives\Development_folder_2\uASCRequestHelper.pas (121):     // https://docwiki.embarcadero.com/Libraries/Sydney/en/System.JSON.TJSONValue.TryGetValue[0m
[35md:\Projects\_Archives\Development_folder_2\uASCRequestHelper.pas (124):     hasMsg := jsonResponse.TryGetValue<string>('p_msg',msg);[0m
[35md:\Projects\_Archives\Development_folder_2\uASCRequestHelper.pas (125):     hasEligibility := jsonResponse.TryGetValue<string>('p_is_eligible',isEligible);[0m
[35md:\Projects\_Archives\Development_folder_2\uASCRequestHelper.pas (140):     FreeAndNil(jSONObject);[0m
[32mFOUND: d:\Projects\_Archives\Development_folder_2\unit JSONConfigTests;.pas[0m
[35md:\Projects\_Archives\Development_folder_2\unit JSONConfigTests;.pas (1): unit JSONConfigTests;[0m
[35md:\Projects\_Archives\Development_folder_2\unit JSONConfigTests;.pas (10):   TJSONConfigTests = class[0m
[35md:\Projects\_Archives\Development_folder_2\unit JSONConfigTests;.pas (29): procedure TJSONConfigTests.Setup;[0m
[35md:\Projects\_Archives\Development_folder_2\unit JSONConfigTests;.pas (33): procedure TJSONConfigTests.TearDown;[0m
[35md:\Projects\_Archives\Development_folder_2\unit JSONConfigTests;.pas (37): procedure TJSONConfigTests.Test1;[0m
[35md:\Projects\_Archives\Development_folder_2\unit JSONConfigTests;.pas (41): procedure TJSONConfigTests.Test2(const AValue1 : Integer;const AValue2 : Integer);[0m
[35md:\Projects\_Archives\Development_folder_2\unit JSONConfigTests;.pas (46):   TDUnitX.RegisterTestFixture(TJSONConfigTests);[0m
[32mFOUND: d:\Projects\_Archives\Development_folder_2\unit JsonDatasetConverter;.pas[0m
[35md:\Projects\_Archives\Development_folder_2\unit JsonDatasetConverter;.pas (1): unit JsonDatasetConverter;[0m
[35md:\Projects\_Archives\Development_folder_2\unit JsonDatasetConverter;.pas (6):   System.Classes, System.SysUtils, System.JSON, System.Variants, [0m
[35md:\Projects\_Archives\Development_folder_2\unit JsonDatasetConverter;.pas (11):   TJsonFieldType = (jftString, jftInteger, jftFloat, jftBoolean, jftDateTime, [0m
[35md:\Projects\_Archives\Development_folder_2\unit JsonDatasetConverter;.pas (16):     FieldType: TJsonFieldType;[0m
[35md:\Projects\_Archives\Development_folder_2\unit JsonDatasetConverter;.pas (21):   TJsonToDatasetConverter = class[0m
[35md:\Projects\_Archives\Development_folder_2\unit JsonDatasetConverter;.pas (31):     function DetectFieldType(const AValue: TJSONValue; var AMaxLength: Integer): TJsonFieldType;[0m
[35md:\Projects\_Archives\Development_folder_2\unit JsonDatasetConverter;.pas (35):     procedure AnalyzeJsonStructure(const AJson: TJSONValue; const APrefix: string = '');[0m
[35md:\Projects\_Archives\Development_folder_2\unit JsonDatasetConverter;.pas (37):     procedure PopulateDatasetFromJson(const AJson: TJSONValue);[0m
[35md:\Projects\_Archives\Development_folder_2\unit JsonDatasetConverter;.pas (38):     procedure ProcessJsonObject(const AJsonObj: TJSONObject; const ARecord: TClientDataSet);[0m
[35md:\Projects\_Archives\Development_folder_2\unit JsonDatasetConverter;.pas (39):     procedure ProcessJsonObjectFlattened(const AJsonObj: TJSONObject; const ARecord: TClientDataSet; const APrefix: string = '');[0m
[35md:\Projects\_Archives\Development_folder_2\unit JsonDatasetConverter;.pas (40):     procedure ProcessJsonArray(const AJsonArray: TJSONArray; const AFieldName: string; const ARecord: TClientDataSet);[0m
[35md:\Projects\_Archives\Development_folder_2\unit JsonDatasetConverter;.pas (41):     function JsonValueToVariant(const AValue: TJSONValue; AFieldType: TJsonFieldType): Variant;[0m
[35md:\Projects\_Archives\Development_folder_2\unit JsonDatasetConverter;.pas (50):     function JsonStringToDataset(const AJsonString: string): TClientDataSet;[0m
[35md:\Projects\_Archives\Development_folder_2\unit JsonDatasetConverter;.pas (51):     function JsonObjectToDataset(const AJsonObject: TJSONObject): TClientDataSet;[0m
[35md:\Projects\_Archives\Development_folder_2\unit JsonDatasetConverter;.pas (52):     function JsonArrayToDataset(const AJsonArray: TJSONArray): TClientDataSet;[0m
[35md:\Projects\_Archives\Development_folder_2\unit JsonDatasetConverter;.pas (68): constructor TJsonToDatasetConverter.Create;[0m
[35md:\Projects\_Archives\Development_folder_2\unit JsonDatasetConverter;.pas (90): destructor TJsonToDatasetConverter.Destroy;[0m
[35md:\Projects\_Archives\Development_folder_2\unit JsonDatasetConverter;.pas (97): function TJsonToDatasetConverter.SanitizeFieldName(const AName: string): string;[0m
[35md:\Projects\_Archives\Development_folder_2\unit JsonDatasetConverter;.pas (118): function TJsonToDatasetConverter.TryParseDateTime(const AValue: string; out ADateTime: TDateTime): Boolean;[0m
[35md:\Projects\_Archives\Development_folder_2\unit JsonDatasetConverter;.pas (163): function TJsonToDatasetConverter.TryParseDate(const AValue: string; out ADate: TDateTime): Boolean;[0m
[35md:\Projects\_Archives\Development_folder_2\unit JsonDatasetConverter;.pas (170): function TJsonToDatasetConverter.TryParseTime(const AValue: string; out ATime: TDateTime): Boolean;[0m
[35md:\Projects\_Archives\Development_folder_2\unit JsonDatasetConverter;.pas (177): function TJsonToDatasetConverter.DetectFieldType(const AValue: TJSONValue; var AMaxLength: Integer): TJsonFieldType;[0m
[35md:\Projects\_Archives\Development_folder_2\unit JsonDatasetConverter;.pas (184):   if AValue is TJSONNull then[0m
[35md:\Projects\_Archives\Development_folder_2\unit JsonDatasetConverter;.pas (190):   if AValue is TJSONBool then[0m
[35md:\Projects\_Archives\Development_folder_2\unit JsonDatasetConverter;.pas (196):   if AValue is TJSONNumber then[0m
[35md:\Projects\_Archives\Development_folder_2\unit JsonDatasetConverter;.pas (198):     if TJSONNumber(AValue).AsDouble = Trunc(TJSONNumber(AValue).AsDouble) then[0m
[35md:\Projects\_Archives\Development_folder_2\unit JsonDatasetConverter;.pas (205):   if AValue is TJSONArray then[0m
[35md:\Projects\_Archives\Development_folder_2\unit JsonDatasetConverter;.pas (211):   if AValue is TJSONObject then[0m
[35md:\Projects\_Archives\Development_folder_2\unit JsonDatasetConverter;.pas (218):   if AValue is TJSONString then[0m
[35md:\Projects\_Archives\Development_folder_2\unit JsonDatasetConverter;.pas (255): procedure TJsonToDatasetConverter.AnalyzeJsonStructure(const AJson: TJSONValue; const APrefix: string);[0m
[35md:\Projects\_Archives\Development_folder_2\unit JsonDatasetConverter;.pas (257):   JsonObj: TJSONObject;[0m
[35md:\Projects\_Archives\Development_folder_2\unit JsonDatasetConverter;.pas (258):   JsonArray: TJSONArray;[0m
[35md:\Projects\_Archives\Development_folder_2\unit JsonDatasetConverter;.pas (259):   Pair: TJSONPair;[0m
[35md:\Projects\_Archives\Development_folder_2\unit JsonDatasetConverter;.pas (266):   if AJson is TJSONObject then[0m
[35md:\Projects\_Archives\Development_folder_2\unit JsonDatasetConverter;.pas (268):     JsonObj := TJSONObject(AJson);[0m
[35md:\Projects\_Archives\Development_folder_2\unit JsonDatasetConverter;.pas (269):     for Pair in JsonObj do[0m
[35md:\Projects\_Archives\Development_folder_2\unit JsonDatasetConverter;.pas (271):       FieldName := SanitizeFieldName(APrefix + Pair.JsonString.Value);[0m
[35md:\Projects\_Archives\Development_folder_2\unit JsonDatasetConverter;.pas (275):       FieldInfo.FieldType := DetectFieldType(Pair.JsonValue, MaxLen);[0m
[35md:\Projects\_Archives\Development_folder_2\unit JsonDatasetConverter;.pas (302):       if Pair.JsonValue is TJSONObject then[0m
[35md:\Projects\_Archives\Development_folder_2\unit JsonDatasetConverter;.pas (303):         AnalyzeJsonStructure(Pair.JsonValue, APrefix + Pair.JsonString.Value + '_')[0m
[35md:\Projects\_Archives\Development_folder_2\unit JsonDatasetConverter;.pas (304):       else if Pair.JsonValue is TJSONArray then[0m
[35md:\Projects\_Archives\Development_folder_2\unit JsonDatasetConverter;.pas (306):         JsonArray := TJSONArray(Pair.JsonValue);[0m
[35md:\Projects\_Archives\Development_folder_2\unit JsonDatasetConverter;.pas (307):         if JsonArray.Count > 0 then[0m
[35md:\Projects\_Archives\Development_folder_2\unit JsonDatasetConverter;.pas (310):           if JsonArray.Items[0] is TJSONObject then[0m
[35md:\Projects\_Archives\Development_folder_2\unit JsonDatasetConverter;.pas (311):             AnalyzeJsonStructure(JsonArray.Items[0], APrefix + Pair.JsonString.Value + '_');[0m
[35md:\Projects\_Archives\Development_folder_2\unit JsonDatasetConverter;.pas (316):   else if AJson is TJSONArray then[0m
[35md:\Projects\_Archives\Development_folder_2\unit JsonDatasetConverter;.pas (318):     JsonArray := TJSONArray(AJson);[0m
[35md:\Projects\_Archives\Development_folder_2\unit JsonDatasetConverter;.pas (319):     for i := 0 to JsonArray.Count - 1 do[0m
[35md:\Projects\_Archives\Development_folder_2\unit JsonDatasetConverter;.pas (321):       AnalyzeJsonStructure(JsonArray.Items[i], APrefix);[0m
[35md:\Projects\_Archives\Development_folder_2\unit JsonDatasetConverter;.pas (326): procedure TJsonToDatasetConverter.CreateDatasetFields;[0m
[35md:\Projects\_Archives\Development_folder_2\unit JsonDatasetConverter;.pas (370): function TJsonToDatasetConverter.GetFieldInfo(const AFieldName: string): TFieldInfo;[0m
[35md:\Projects\_Archives\Development_folder_2\unit JsonDatasetConverter;.pas (390): function TJsonToDatasetConverter.JsonValueToVariant(const AValue: TJSONValue; AFieldType: TJsonFieldType): Variant;[0m
[35md:\Projects\_Archives\Development_folder_2\unit JsonDatasetConverter;.pas (395):   if AValue is TJSONNull then[0m
[35md:\Projects\_Archives\Development_folder_2\unit JsonDatasetConverter;.pas (405):       if AValue is TJSONNumber then[0m
[35md:\Projects\_Archives\Development_folder_2\unit JsonDatasetConverter;.pas (406):         Result := TJSONNumber(AValue).AsInt64[0m
[35md:\Projects\_Archives\Development_folder_2\unit JsonDatasetConverter;.pas (410):       if AValue is TJSONNumber then[0m
[35md:\Projects\_Archives\Development_folder_2\unit JsonDatasetConverter;.pas (411):         Result := TJSONNumber(AValue).AsDouble[0m
[35md:\Projects\_Archives\Development_folder_2\unit JsonDatasetConverter;.pas (415):       if AValue is TJSONBool then[0m
[35md:\Projects\_Archives\Development_folder_2\unit JsonDatasetConverter;.pas (416):         Result := TJSONBool(AValue).AsBoolean[0m
[35md:\Projects\_Archives\Development_folder_2\unit JsonDatasetConverter;.pas (428):       Result := AValue.ToJSON;[0m
[35md:\Projects\_Archives\Development_folder_2\unit JsonDatasetConverter;.pas (436): procedure TJsonToDatasetConverter.SetFieldValue(const ARecord: TClientDataSet; const AFieldName: string; const AValue: Variant);[0m
[35md:\Projects\_Archives\Development_folder_2\unit JsonDatasetConverter;.pas (457): procedure TJsonToDatasetConverter.ProcessJsonObjectFlattened(const AJsonObj: TJSONObject; const ARecord: TClientDataSet; const APrefix: string);[0m
[35md:\Projects\_Archives\Development_folder_2\unit JsonDatasetConverter;.pas (459):   Pair: TJSONPair;[0m
[35md:\Projects\_Archives\Development_folder_2\unit JsonDatasetConverter;.pas (464):   for Pair in AJsonObj do[0m
[35md:\Projects\_Archives\Development_folder_2\unit JsonDatasetConverter;.pas (466):     FieldName := SanitizeFieldName(APrefix + Pair.JsonString.Value);[0m
[35md:\Projects\_Archives\Development_folder_2\unit JsonDatasetConverter;.pas (469):     if Pair.JsonValue is TJSONObject then[0m
[35md:\Projects\_Archives\Development_folder_2\unit JsonDatasetConverter;.pas (472):       ProcessJsonObjectFlattened(TJSONObject(Pair.JsonValue), ARecord, APrefix + Pair.JsonString.Value + '_');[0m
[35md:\Projects\_Archives\Development_folder_2\unit JsonDatasetConverter;.pas (474):     else if Pair.JsonValue is TJSONArray then[0m
[35md:\Projects\_Archives\Development_folder_2\unit JsonDatasetConverter;.pas (476):       // Store array as JSON string[0m
[35md:\Projects\_Archives\Development_folder_2\unit JsonDatasetConverter;.pas (477):       SetFieldValue(ARecord, FieldName, Pair.JsonValue.ToJSON);[0m
[35md:\Projects\_Archives\Development_folder_2\unit JsonDatasetConverter;.pas (481):       Value := JsonValueToVariant(Pair.JsonValue, FieldInfo.FieldType);[0m
[35md:\Projects\_Archives\Development_folder_2\unit JsonDatasetConverter;.pas (487): procedure TJsonToDatasetConverter.ProcessJsonObject(const AJsonObj: TJSONObject; const ARecord: TClientDataSet);[0m
[35md:\Projects\_Archives\Development_folder_2\unit JsonDatasetConverter;.pas (489):   ProcessJsonObjectFlattened(AJsonObj, ARecord, '');[0m
[35md:\Projects\_Archives\Development_folder_2\unit JsonDatasetConverter;.pas (492): procedure TJsonToDatasetConverter.ProcessJsonArray(const AJsonArray: TJSONArray; const AFieldName: string; const ARecord: TClientDataSet);[0m
[35md:\Projects\_Archives\Development_folder_2\unit JsonDatasetConverter;.pas (494):   // Store entire array as JSON string[0m
[35md:\Projects\_Archives\Development_folder_2\unit JsonDatasetConverter;.pas (495):   SetFieldValue(ARecord, AFieldName, AJsonArray.ToJSON);[0m
[35md:\Projects\_Archives\Development_folder_2\unit JsonDatasetConverter;.pas (498): procedure TJsonToDatasetConverter.PopulateDatasetFromJson(const AJson: TJSONValue);[0m
[35md:\Projects\_Archives\Development_folder_2\unit JsonDatasetConverter;.pas (500):   JsonObj: TJSONObject;[0m
[35md:\Projects\_Archives\Development_folder_2\unit JsonDatasetConverter;.pas (501):   JsonArray: TJSONArray;[0m
[35md:\Projects\_Archives\Development_folder_2\unit JsonDatasetConverter;.pas (504):   if AJson is TJSONObject then[0m
[35md:\Projects\_Archives\Development_folder_2\unit JsonDatasetConverter;.pas (507):     ProcessJsonObject(TJSONObject(AJson), FDataset);[0m
[35md:\Projects\_Archives\Development_folder_2\unit JsonDatasetConverter;.pas (510):   else if AJson is TJSONArray then[0m
[35md:\Projects\_Archives\Development_folder_2\unit JsonDatasetConverter;.pas (512):     JsonArray := TJSONArray(AJson);[0m
[35md:\Projects\_Archives\Development_folder_2\unit JsonDatasetConverter;.pas (513):     for i := 0 to JsonArray.Count - 1 do[0m
[35md:\Projects\_Archives\Development_folder_2\unit JsonDatasetConverter;.pas (515):       if JsonArray.Items[i] is TJSONObject then[0m
[35md:\Projects\_Archives\Development_folder_2\unit JsonDatasetConverter;.pas (518):         ProcessJsonObject(TJSONObject(JsonArray.Items[i]), FDataset);[0m
[35md:\Projects\_Archives\Development_folder_2\unit JsonDatasetConverter;.pas (525): function TJsonToDatasetConverter.JsonStringToDataset(const AJsonString: string): TClientDataSet;[0m
[35md:\Projects\_Archives\Development_folder_2\unit JsonDatasetConverter;.pas (527):   JsonValue: TJSONValue;[0m
[35md:\Projects\_Archives\Development_folder_2\unit JsonDatasetConverter;.pas (533):     JsonValue := TJSONObject.ParseJSONValue(AJsonString);[0m
[35md:\Projects\_Archives\Development_folder_2\unit JsonDatasetConverter;.pas (534):     if JsonValue = nil then[0m
[35md:\Projects\_Archives\Development_folder_2\unit JsonDatasetConverter;.pas (535):       raise Exception.Create('Invalid JSON string');[0m
[35md:\Projects\_Archives\Development_folder_2\unit JsonDatasetConverter;.pas (539):       AnalyzeJsonStructure(JsonValue);[0m
[35md:\Projects\_Archives\Development_folder_2\unit JsonDatasetConverter;.pas (545):       PopulateDatasetFromJson(JsonValue);[0m
[35md:\Projects\_Archives\Development_folder_2\unit JsonDatasetConverter;.pas (549):       JsonValue.Free;[0m
[35md:\Projects\_Archives\Development_folder_2\unit JsonDatasetConverter;.pas (557): function TJsonToDatasetConverter.JsonObjectToDataset(const AJsonObject: TJSONObject): TClientDataSet;[0m
[35md:\Projects\_Archives\Development_folder_2\unit JsonDatasetConverter;.pas (564):     AnalyzeJsonStructure(AJsonObject);[0m
[35md:\Projects\_Archives\Development_folder_2\unit JsonDatasetConverter;.pas (570):     PopulateDatasetFromJson(AJsonObject);[0m
[35md:\Projects\_Archives\Development_folder_2\unit JsonDatasetConverter;.pas (579): function TJsonToDatasetConverter.JsonArrayToDataset(const AJsonArray: TJSONArray): TClientDataSet;[0m
[35md:\Projects\_Archives\Development_folder_2\unit JsonDatasetConverter;.pas (586):     AnalyzeJsonStructure(AJsonArray);[0m
[35md:\Projects\_Archives\Development_folder_2\unit JsonDatasetConverter;.pas (592):     PopulateDatasetFromJson(AJsonArray);[0m
[35md:\Projects\_Archives\Development_folder_2\unit JsonDatasetConverter;.pas (601): procedure TJsonToDatasetConverter.AddDateTimeFormat(const AFormat: string);[0m
[35md:\Projects\_Archives\Development_folder_2\unit JsonDatasetConverter;.pas (607): procedure TJsonToDatasetConverter.ClearDateTimeFormats;[0m
[32mFOUND: d:\Projects\_Pending\CD-162\JsonConvert.pas[0m
[35md:\Projects\_Pending\CD-162\JsonConvert.pas (1): unit JsonConvert;[0m
[35md:\Projects\_Pending\CD-162\JsonConvert.pas (12):   System.JSON,[0m
[35md:\Projects\_Pending\CD-162\JsonConvert.pas (19):   FireDAC.Stan.StorageJSON;[0m
[35md:\Projects\_Pending\CD-162\JsonConvert.pas (23):   TJsonConvertor = class(TObject)[0m
[35md:\Projects\_Pending\CD-162\JsonConvert.pas (25):       class procedure LoadJSONIntoMemTable(const aJsonString: string; var aMemTable: TFDMemTable);[0m
[35md:\Projects\_Pending\CD-162\JsonConvert.pas (30): { TJsonConvertor }[0m
[35md:\Projects\_Pending\CD-162\JsonConvert.pas (32): class procedure TJsonConvertor.LoadJSONIntoMemTable(const aJsonString: string; var aMemTable: TFDMemTable);[0m
[35md:\Projects\_Pending\CD-162\JsonConvert.pas (34):   jsonArray: TJSONArray;[0m
[35md:\Projects\_Pending\CD-162\JsonConvert.pas (35):   jsonObject: TJSONObject;[0m
[35md:\Projects\_Pending\CD-162\JsonConvert.pas (37):   pair: TJSONPair;[0m
[35md:\Projects\_Pending\CD-162\JsonConvert.pas (43):   // Parse JSON array[0m
[35md:\Projects\_Pending\CD-162\JsonConvert.pas (44):   jsonArray := TJSONObject.ParseJSONValue(aJsonString) as TJSONArray;[0m
[35md:\Projects\_Pending\CD-162\JsonConvert.pas (45):   if not Assigned(jsonArray) then[0m
[35md:\Projects\_Pending\CD-162\JsonConvert.pas (46):     raise Exception.Create('Invalid JSON format.');[0m
[35md:\Projects\_Pending\CD-162\JsonConvert.pas (54):     // Only downside(s): Have to be in a json array and all end up as strings[0m
[35md:\Projects\_Pending\CD-162\JsonConvert.pas (55):     if jsonArray.Count > 0 then[0m
[35md:\Projects\_Pending\CD-162\JsonConvert.pas (57):       jsonObject := jsonArray.Items[0] as TJSONObject;[0m
[35md:\Projects\_Pending\CD-162\JsonConvert.pas (58):       for pair in jsonObject do[0m
[35md:\Projects\_Pending\CD-162\JsonConvert.pas (59):         aMemTable.FieldDefs.Add(pair.JsonString.Value, ftString, 50); // Adjust field type and size as needed[0m
[35md:\Projects\_Pending\CD-162\JsonConvert.pas (65):     for i := 0 to jsonArray.Count - 1 do[0m
[35md:\Projects\_Pending\CD-162\JsonConvert.pas (67):       jsonObject := jsonArray.Items[i] as TJSONObject;[0m
[35md:\Projects\_Pending\CD-162\JsonConvert.pas (69):       for pair in jsonObject do[0m
[35md:\Projects\_Pending\CD-162\JsonConvert.pas (71):         field := aMemTable.FieldByName(pair.JsonString.Value);[0m
[35md:\Projects\_Pending\CD-162\JsonConvert.pas (73):           field.AsString := pair.JsonValue.Value;[0m
[35md:\Projects\_Pending\CD-162\JsonConvert.pas (80):     jsonArray.Free;[0m
[32mFOUND: d:\Projects\_Pending\CD-162\JsonToMemTable.pas[0m
[35md:\Projects\_Pending\CD-162\JsonToMemTable.pas (1): unit JsonToMemTable;[0m
[35md:\Projects\_Pending\CD-162\JsonToMemTable.pas (15):   System.JSON,[0m
[35md:\Projects\_Pending\CD-162\JsonToMemTable.pas (22):   FireDAC.Stan.StorageJSON;[0m
[35md:\Projects\_Pending\CD-162\JsonToMemTable.pas (40):   TJsonToMemTable = class(TObject)[0m
[35md:\Projects\_Pending\CD-162\JsonToMemTable.pas (42):       class function DetermineFieldType(const aFieldValue: TJSONValue): TFieldType;[0m
[35md:\Projects\_Pending\CD-162\JsonToMemTable.pas (47):       class procedure PopulateMemTableFromJSON(const aJSONString: string; var aMemTable: TFDMemTable; aDetermineType: boolean = True);[0m
[35md:\Projects\_Pending\CD-162\JsonToMemTable.pas (107): { TJsonToMemTable }[0m
[35md:\Projects\_Pending\CD-162\JsonToMemTable.pas (109): class function TJsonToMemTable.ConvertStringToDateTime(const aDateStr: string; var aDateTime: TDateTime): Boolean;[0m
[35md:\Projects\_Pending\CD-162\JsonToMemTable.pas (156): class function TJsonToMemTable.ConvertStringToDateTime(const aDateStr: string): TDateTime;[0m
[35md:\Projects\_Pending\CD-162\JsonToMemTable.pas (166): class function TJsonToMemTable.DetermineFieldType(const aFieldValue: TJSONValue): TFieldType;[0m
[35md:\Projects\_Pending\CD-162\JsonToMemTable.pas (175):   if aFieldValue is TJSONNumber then[0m
[35md:\Projects\_Pending\CD-162\JsonToMemTable.pas (196):   else if aFieldValue is TJSONBool then[0m
[35md:\Projects\_Pending\CD-162\JsonToMemTable.pas (198):   else if aFieldValue is TJSONString then[0m
[35md:\Projects\_Pending\CD-162\JsonToMemTable.pas (206): class function TJsonToMemTable.DetermineFieldSize(aFieldType: TFieldType): integer;[0m
[35md:\Projects\_Pending\CD-162\JsonToMemTable.pas (219): class procedure TJsonToMemTable.PopulateMemTableFromJSON(const aJSONString: string; var aMemTable: TFDMemTable; aDetermineType: boolean);[0m
[35md:\Projects\_Pending\CD-162\JsonToMemTable.pas (221):   JSONArray: TJSONArray;[0m
[35md:\Projects\_Pending\CD-162\JsonToMemTable.pas (222):   JSONObject: TJSONObject;[0m
[35md:\Projects\_Pending\CD-162\JsonToMemTable.pas (223):   Pair: TJSONPair;[0m
[35md:\Projects\_Pending\CD-162\JsonToMemTable.pas (227):   FieldValue: TJSONValue;[0m
[35md:\Projects\_Pending\CD-162\JsonToMemTable.pas (236):     // Parse JSON array[0m
[35md:\Projects\_Pending\CD-162\JsonToMemTable.pas (237):     JSONArray := TJSONObject.ParseJSONValue(aJSONString) as TJSONArray;[0m
[35md:\Projects\_Pending\CD-162\JsonToMemTable.pas (238):     if not Assigned(JSONArray) then[0m
[35md:\Projects\_Pending\CD-162\JsonToMemTable.pas (239):       raise Exception.Create('Invalid JSON format.');[0m
[35md:\Projects\_Pending\CD-162\JsonToMemTable.pas (247):       if JSONArray.Count > 0 then[0m
[35md:\Projects\_Pending\CD-162\JsonToMemTable.pas (249):         JSONObject := JSONArray.Items[0] as TJSONObject;[0m
[35md:\Projects\_Pending\CD-162\JsonToMemTable.pas (250):         for Pair in JSONObject do[0m
[35md:\Projects\_Pending\CD-162\JsonToMemTable.pas (252):           FieldValue := Pair.JsonValue;[0m
[35md:\Projects\_Pending\CD-162\JsonToMemTable.pas (260):               aMemTable.FieldDefs.Add(Pair.JsonString.Value, FieldType, FieldSize)[0m
[35md:\Projects\_Pending\CD-162\JsonToMemTable.pas (262):               aMemTable.FieldDefs.Add(Pair.JsonString.Value, FieldType);[0m
[35md:\Projects\_Pending\CD-162\JsonToMemTable.pas (264):           else AMemTable.FieldDefs.Add(Pair.JsonString.Value, ftString, 255);[0m
[35md:\Projects\_Pending\CD-162\JsonToMemTable.pas (271):       for i := 0 to JSONArray.Count - 1 do[0m
[35md:\Projects\_Pending\CD-162\JsonToMemTable.pas (273):         JSONObject := JSONArray.Items[i] as TJSONObject;[0m
[35md:\Projects\_Pending\CD-162\JsonToMemTable.pas (275):         for Pair in JSONObject do[0m
[35md:\Projects\_Pending\CD-162\JsonToMemTable.pas (277):           Field := aMemTable.FieldByName(Pair.JsonString.Value);[0m
[35md:\Projects\_Pending\CD-162\JsonToMemTable.pas (280):             FieldValue := Pair.JsonValue;[0m
[35md:\Projects\_Pending\CD-162\JsonToMemTable.pas (297):       JSONArray.Free;[0m
[32mFOUND: d:\Projects\_Pending\CD-162\Main.pas[0m
[35md:\Projects\_Pending\CD-162\Main.pas (19):   Vcl.Grids, Vcl.DBGrids, Vcl.ComCtrls, FireDAC.Stan.StorageJSON;[0m
[35md:\Projects\_Pending\CD-162\Main.pas (32):     JsonMemo: TMemo;[0m
[35md:\Projects\_Pending\CD-162\Main.pas (55):   JsonToMemTable;[0m
[35md:\Projects\_Pending\CD-162\Main.pas (72):     TJsonToMemTable.PopulateMemTableFromJSON(JsonMemo.Lines.Text,memTable,True);[0m
[32mFOUND: d:\Projects\_Pending\CD-162\TestJSONToMemTable.pas[0m
[35md:\Projects\_Pending\CD-162\TestJSONToMemTable.pas (1): unit TestJSONToMemTable;[0m
[35md:\Projects\_Pending\CD-162\TestJSONToMemTable.pas (6):   DUnitX.TestFramework, JSONToMemTable,[0m
[35md:\Projects\_Pending\CD-162\TestJSONToMemTable.pas (8):   System.SysUtils, System.JSON;[0m
[35md:\Projects\_Pending\CD-162\TestJSONToMemTable.pas (11):   TPrivateAccess = class(TJsonToMemTable)[0m
[35md:\Projects\_Pending\CD-162\TestJSONToMemTable.pas (17):   TTestJSONMemTableParser = class[0m
[35md:\Projects\_Pending\CD-162\TestJSONToMemTable.pas (19):     function GetSampleJSON: string;[0m
[35md:\Projects\_Pending\CD-162\TestJSONToMemTable.pas (42):     procedure TestPopulateMemTable_ValidJSON;[0m
[35md:\Projects\_Pending\CD-162\TestJSONToMemTable.pas (44):     procedure TestPopulateMemTable_EmptyJSON;[0m
[35md:\Projects\_Pending\CD-162\TestJSONToMemTable.pas (46):     procedure TestPopulateMemTable_InvalidJSON;[0m
[35md:\Projects\_Pending\CD-162\TestJSONToMemTable.pas (55): { TTestJSONMemTableParser }[0m
[35md:\Projects\_Pending\CD-162\TestJSONToMemTable.pas (57): procedure TTestJSONMemTableParser.TestDetermineFieldType_Integer;[0m
[35md:\Projects\_Pending\CD-162\TestJSONToMemTable.pas (61):   FieldType := TJsonToMemTable.DetermineFieldType(TJSONNumber.Create(123));[0m
[35md:\Projects\_Pending\CD-162\TestJSONToMemTable.pas (65): procedure TTestJSONMemTableParser.TestDetermineFieldType_Float;[0m
[35md:\Projects\_Pending\CD-162\TestJSONToMemTable.pas (69):   FieldType := TJsonToMemTable.DetermineFieldType(TJSONNumber.Create(123.456));[0m
[35md:\Projects\_Pending\CD-162\TestJSONToMemTable.pas (73): procedure TTestJSONMemTableParser.TestDetermineFieldType_Boolean;[0m
[35md:\Projects\_Pending\CD-162\TestJSONToMemTable.pas (77):   FieldType := TJsonToMemTable.DetermineFieldType(TJSONBool.Create(True));[0m
[35md:\Projects\_Pending\CD-162\TestJSONToMemTable.pas (81): procedure TTestJSONMemTableParser.TestDetermineFieldType_ValidDate;[0m
[35md:\Projects\_Pending\CD-162\TestJSONToMemTable.pas (85):   FieldType := TJsonToMemTable.DetermineFieldType(TJSONString.Create('2025-02-27 12:34:56'));[0m
[35md:\Projects\_Pending\CD-162\TestJSONToMemTable.pas (89): procedure TTestJSONMemTableParser.TestDetermineFieldType_InvalidDate;[0m
[35md:\Projects\_Pending\CD-162\TestJSONToMemTable.pas (93):   FieldType := TJsonToMemTable.DetermineFieldType(TJSONString.Create('not_a_date'));[0m
[35md:\Projects\_Pending\CD-162\TestJSONToMemTable.pas (97): procedure TTestJSONMemTableParser.TestDetermineFieldType_EmptyString;[0m
[35md:\Projects\_Pending\CD-162\TestJSONToMemTable.pas (101):   FieldType := TJsonToMemTable.DetermineFieldType(TJSONString.Create(''));[0m
[35md:\Projects\_Pending\CD-162\TestJSONToMemTable.pas (105): procedure TTestJSONMemTableParser.TestDetermineFieldType_NormalString;[0m
[35md:\Projects\_Pending\CD-162\TestJSONToMemTable.pas (109):   FieldType := TJsonToMemTable.DetermineFieldType(TJSONString.Create('Hello, World!'));[0m
[35md:\Projects\_Pending\CD-162\TestJSONToMemTable.pas (113): procedure TTestJSONMemTableParser.TestDetermineFieldType_LongString;[0m
[35md:\Projects\_Pending\CD-162\TestJSONToMemTable.pas (117):   FieldType := TJsonToMemTable.DetermineFieldType(TJSONString.Create(StringOfChar('A', 1000)));[0m
[35md:\Projects\_Pending\CD-162\TestJSONToMemTable.pas (121): procedure TTestJSONMemTableParser.TestDetermineFieldSize_String;[0m
[35md:\Projects\_Pending\CD-162\TestJSONToMemTable.pas (123):   Assert.AreEqual(255, TJsonToMemTable.DetermineFieldSize(ftString));[0m
[35md:\Projects\_Pending\CD-162\TestJSONToMemTable.pas (126): procedure TTestJSONMemTableParser.TestDetermineFieldSize_NonString;[0m
[35md:\Projects\_Pending\CD-162\TestJSONToMemTable.pas (128):   Assert.AreEqual(0, TJsonToMemTable.DetermineFieldSize(ftInteger));[0m
[35md:\Projects\_Pending\CD-162\TestJSONToMemTable.pas (129):   Assert.AreEqual(0, TJsonToMemTable.DetermineFieldSize(ftFloat));[0m
[35md:\Projects\_Pending\CD-162\TestJSONToMemTable.pas (130):   Assert.AreEqual(0, TJsonToMemTable.DetermineFieldSize(ftBoolean));[0m
[35md:\Projects\_Pending\CD-162\TestJSONToMemTable.pas (131):   Assert.AreEqual(0, TJsonToMemTable.DetermineFieldSize(ftDateTime));[0m
[35md:\Projects\_Pending\CD-162\TestJSONToMemTable.pas (134): procedure TTestJSONMemTableParser.TestPopulateMemTable_ValidJSON;[0m
[35md:\Projects\_Pending\CD-162\TestJSONToMemTable.pas (138):   MemTable := TJsonToMemTable.PopulateMemTableFromJSON(GetSampleJSON);[0m
[35md:\Projects\_Pending\CD-162\TestJSONToMemTable.pas (149): procedure TTestJSONMemTableParser.TestPopulateMemTable_EmptyJSON;[0m
[35md:\Projects\_Pending\CD-162\TestJSONToMemTable.pas (153):   MemTable := TJsonToMemTable.PopulateMemTableFromJSON('[]');[0m
[35md:\Projects\_Pending\CD-162\TestJSONToMemTable.pas (162): procedure TTestJSONMemTableParser.TestPopulateMemTable_InvalidJSON;[0m
[35md:\Projects\_Pending\CD-162\TestJSONToMemTable.pas (167):       v.PopulateMemTableFromJSON('{invalid}');[0m
[35md:\Projects\_Pending\CD-162\TestJSONToMemTable.pas (172): procedure TTestJSONMemTableParser.TestPopulateMemTable_LongNumbers;[0m
[35md:\Projects\_Pending\CD-162\TestJSONToMemTable.pas (176):   MemTable := TJsonToMemTable.PopulateMemTableFromJSON('[{"bigNumber": 999999999999999}]');[0m
[35md:\Projects\_Pending\CD-162\TestJSONToMemTable.pas (184): procedure TTestJSONMemTableParser.TestPopulateMemTable_InvalidDateStrings;[0m
[35md:\Projects\_Pending\CD-162\TestJSONToMemTable.pas (188):   MemTable := TJsonToMemTable.PopulateMemTableFromJSON('[{"badDate": "invalid_date"}]');[0m
[35md:\Projects\_Pending\CD-162\TestJSONToMemTable.pas (196): function TTestJSONMemTableParser.GetSampleJSON: string;[0m
[35md:\Projects\_Pending\CD-162\TestJSONToMemTable.pas (204):   TDUnitX.RegisterTestFixture(TTestJSONMemTableParser);[0m
[32mFOUND: d:\Projects\_Pending\CD-162\unit JsonDatasetConverter;.pas[0m
[35md:\Projects\_Pending\CD-162\unit JsonDatasetConverter;.pas (1): unit JsonDatasetConverter;[0m
[35md:\Projects\_Pending\CD-162\unit JsonDatasetConverter;.pas (6):   System.Classes, System.SysUtils, System.JSON, System.Variants, [0m
[35md:\Projects\_Pending\CD-162\unit JsonDatasetConverter;.pas (11):   TJsonFieldType = (jftString, jftInteger, jftFloat, jftBoolean, jftDateTime, [0m
[35md:\Projects\_Pending\CD-162\unit JsonDatasetConverter;.pas (16):     FieldType: TJsonFieldType;[0m
[35md:\Projects\_Pending\CD-162\unit JsonDatasetConverter;.pas (21):   TJsonToDatasetConverter = class[0m
[35md:\Projects\_Pending\CD-162\unit JsonDatasetConverter;.pas (31):     function DetectFieldType(const AValue: TJSONValue; var AMaxLength: Integer): TJsonFieldType;[0m
[35md:\Projects\_Pending\CD-162\unit JsonDatasetConverter;.pas (35):     procedure AnalyzeJsonStructure(const AJson: TJSONValue; const APrefix: string = '');[0m
[35md:\Projects\_Pending\CD-162\unit JsonDatasetConverter;.pas (37):     procedure PopulateDatasetFromJson(const AJson: TJSONValue);[0m
[35md:\Projects\_Pending\CD-162\unit JsonDatasetConverter;.pas (38):     procedure ProcessJsonObject(const AJsonObj: TJSONObject; const ARecord: TClientDataSet);[0m
[35md:\Projects\_Pending\CD-162\unit JsonDatasetConverter;.pas (39):     procedure ProcessJsonObjectFlattened(const AJsonObj: TJSONObject; const ARecord: TClientDataSet; const APrefix: string = '');[0m
[35md:\Projects\_Pending\CD-162\unit JsonDatasetConverter;.pas (40):     procedure ProcessJsonArray(const AJsonArray: TJSONArray; const AFieldName: string; const ARecord: TClientDataSet);[0m
[35md:\Projects\_Pending\CD-162\unit JsonDatasetConverter;.pas (41):     function JsonValueToVariant(const AValue: TJSONValue; AFieldType: TJsonFieldType): Variant;[0m
[35md:\Projects\_Pending\CD-162\unit JsonDatasetConverter;.pas (50):     function JsonStringToDataset(const AJsonString: string): TClientDataSet;[0m
[35md:\Projects\_Pending\CD-162\unit JsonDatasetConverter;.pas (51):     function JsonObjectToDataset(const AJsonObject: TJSONObject): TClientDataSet;[0m
[35md:\Projects\_Pending\CD-162\unit JsonDatasetConverter;.pas (52):     function JsonArrayToDataset(const AJsonArray: TJSONArray): TClientDataSet;[0m
[35md:\Projects\_Pending\CD-162\unit JsonDatasetConverter;.pas (68): constructor TJsonToDatasetConverter.Create;[0m
[35md:\Projects\_Pending\CD-162\unit JsonDatasetConverter;.pas (90): destructor TJsonToDatasetConverter.Destroy;[0m
[35md:\Projects\_Pending\CD-162\unit JsonDatasetConverter;.pas (97): function TJsonToDatasetConverter.SanitizeFieldName(const AName: string): string;[0m
[35md:\Projects\_Pending\CD-162\unit JsonDatasetConverter;.pas (118): function TJsonToDatasetConverter.TryParseDateTime(const AValue: string; out ADateTime: TDateTime): Boolean;[0m
[35md:\Projects\_Pending\CD-162\unit JsonDatasetConverter;.pas (163): function TJsonToDatasetConverter.TryParseDate(const AValue: string; out ADate: TDateTime): Boolean;[0m
[35md:\Projects\_Pending\CD-162\unit JsonDatasetConverter;.pas (170): function TJsonToDatasetConverter.TryParseTime(const AValue: string; out ATime: TDateTime): Boolean;[0m
[35md:\Projects\_Pending\CD-162\unit JsonDatasetConverter;.pas (177): function TJsonToDatasetConverter.DetectFieldType(const AValue: TJSONValue; var AMaxLength: Integer): TJsonFieldType;[0m
[35md:\Projects\_Pending\CD-162\unit JsonDatasetConverter;.pas (184):   if AValue is TJSONNull then[0m
[35md:\Projects\_Pending\CD-162\unit JsonDatasetConverter;.pas (190):   if AValue is TJSONBool then[0m
[35md:\Projects\_Pending\CD-162\unit JsonDatasetConverter;.pas (196):   if AValue is TJSONNumber then[0m
[35md:\Projects\_Pending\CD-162\unit JsonDatasetConverter;.pas (198):     if TJSONNumber(AValue).AsDouble = Trunc(TJSONNumber(AValue).AsDouble) then[0m
[35md:\Projects\_Pending\CD-162\unit JsonDatasetConverter;.pas (205):   if AValue is TJSONArray then[0m
[35md:\Projects\_Pending\CD-162\unit JsonDatasetConverter;.pas (211):   if AValue is TJSONObject then[0m
[35md:\Projects\_Pending\CD-162\unit JsonDatasetConverter;.pas (218):   if AValue is TJSONString then[0m
[35md:\Projects\_Pending\CD-162\unit JsonDatasetConverter;.pas (255): procedure TJsonToDatasetConverter.AnalyzeJsonStructure(const AJson: TJSONValue; const APrefix: string);[0m
[35md:\Projects\_Pending\CD-162\unit JsonDatasetConverter;.pas (257):   JsonObj: TJSONObject;[0m
[35md:\Projects\_Pending\CD-162\unit JsonDatasetConverter;.pas (258):   JsonArray: TJSONArray;[0m
[35md:\Projects\_Pending\CD-162\unit JsonDatasetConverter;.pas (259):   Pair: TJSONPair;[0m
[35md:\Projects\_Pending\CD-162\unit JsonDatasetConverter;.pas (266):   if AJson is TJSONObject then[0m
[35md:\Projects\_Pending\CD-162\unit JsonDatasetConverter;.pas (268):     JsonObj := TJSONObject(AJson);[0m
[35md:\Projects\_Pending\CD-162\unit JsonDatasetConverter;.pas (269):     for Pair in JsonObj do[0m
[35md:\Projects\_Pending\CD-162\unit JsonDatasetConverter;.pas (271):       FieldName := SanitizeFieldName(APrefix + Pair.JsonString.Value);[0m
[35md:\Projects\_Pending\CD-162\unit JsonDatasetConverter;.pas (275):       FieldInfo.FieldType := DetectFieldType(Pair.JsonValue, MaxLen);[0m
[35md:\Projects\_Pending\CD-162\unit JsonDatasetConverter;.pas (302):       if Pair.JsonValue is TJSONObject then[0m
[35md:\Projects\_Pending\CD-162\unit JsonDatasetConverter;.pas (303):         AnalyzeJsonStructure(Pair.JsonValue, APrefix + Pair.JsonString.Value + '_')[0m
[35md:\Projects\_Pending\CD-162\unit JsonDatasetConverter;.pas (304):       else if Pair.JsonValue is TJSONArray then[0m
[35md:\Projects\_Pending\CD-162\unit JsonDatasetConverter;.pas (306):         JsonArray := TJSONArray(Pair.JsonValue);[0m
[35md:\Projects\_Pending\CD-162\unit JsonDatasetConverter;.pas (307):         if JsonArray.Count > 0 then[0m
[35md:\Projects\_Pending\CD-162\unit JsonDatasetConverter;.pas (310):           if JsonArray.Items[0] is TJSONObject then[0m
[35md:\Projects\_Pending\CD-162\unit JsonDatasetConverter;.pas (311):             AnalyzeJsonStructure(JsonArray.Items[0], APrefix + Pair.JsonString.Value + '_');[0m
[35md:\Projects\_Pending\CD-162\unit JsonDatasetConverter;.pas (316):   else if AJson is TJSONArray then[0m
[35md:\Projects\_Pending\CD-162\unit JsonDatasetConverter;.pas (318):     JsonArray := TJSONArray(AJson);[0m
[35md:\Projects\_Pending\CD-162\unit JsonDatasetConverter;.pas (319):     for i := 0 to JsonArray.Count - 1 do[0m
[35md:\Projects\_Pending\CD-162\unit JsonDatasetConverter;.pas (321):       AnalyzeJsonStructure(JsonArray.Items[i], APrefix);[0m
[35md:\Projects\_Pending\CD-162\unit JsonDatasetConverter;.pas (326): procedure TJsonToDatasetConverter.CreateDatasetFields;[0m
[35md:\Projects\_Pending\CD-162\unit JsonDatasetConverter;.pas (370): function TJsonToDatasetConverter.GetFieldInfo(const AFieldName: string): TFieldInfo;[0m
[35md:\Projects\_Pending\CD-162\unit JsonDatasetConverter;.pas (390): function TJsonToDatasetConverter.JsonValueToVariant(const AValue: TJSONValue; AFieldType: TJsonFieldType): Variant;[0m
[35md:\Projects\_Pending\CD-162\unit JsonDatasetConverter;.pas (395):   if AValue is TJSONNull then[0m
[35md:\Projects\_Pending\CD-162\unit JsonDatasetConverter;.pas (405):       if AValue is TJSONNumber then[0m
[35md:\Projects\_Pending\CD-162\unit JsonDatasetConverter;.pas (406):         Result := TJSONNumber(AValue).AsInt64[0m
[35md:\Projects\_Pending\CD-162\unit JsonDatasetConverter;.pas (410):       if AValue is TJSONNumber then[0m
[35md:\Projects\_Pending\CD-162\unit JsonDatasetConverter;.pas (411):         Result := TJSONNumber(AValue).AsDouble[0m
[35md:\Projects\_Pending\CD-162\unit JsonDatasetConverter;.pas (415):       if AValue is TJSONBool then[0m
[35md:\Projects\_Pending\CD-162\unit JsonDatasetConverter;.pas (416):         Result := TJSONBool(AValue).AsBoolean[0m
[35md:\Projects\_Pending\CD-162\unit JsonDatasetConverter;.pas (428):       Result := AValue.ToJSON;[0m
[35md:\Projects\_Pending\CD-162\unit JsonDatasetConverter;.pas (436): procedure TJsonToDatasetConverter.SetFieldValue(const ARecord: TClientDataSet; const AFieldName: string; const AValue: Variant);[0m
[35md:\Projects\_Pending\CD-162\unit JsonDatasetConverter;.pas (457): procedure TJsonToDatasetConverter.ProcessJsonObjectFlattened(const AJsonObj: TJSONObject; const ARecord: TClientDataSet; const APrefix: string);[0m
[35md:\Projects\_Pending\CD-162\unit JsonDatasetConverter;.pas (459):   Pair: TJSONPair;[0m
[35md:\Projects\_Pending\CD-162\unit JsonDatasetConverter;.pas (464):   for Pair in AJsonObj do[0m
[35md:\Projects\_Pending\CD-162\unit JsonDatasetConverter;.pas (466):     FieldName := SanitizeFieldName(APrefix + Pair.JsonString.Value);[0m
[35md:\Projects\_Pending\CD-162\unit JsonDatasetConverter;.pas (469):     if Pair.JsonValue is TJSONObject then[0m
[35md:\Projects\_Pending\CD-162\unit JsonDatasetConverter;.pas (472):       ProcessJsonObjectFlattened(TJSONObject(Pair.JsonValue), ARecord, APrefix + Pair.JsonString.Value + '_');[0m
[35md:\Projects\_Pending\CD-162\unit JsonDatasetConverter;.pas (474):     else if Pair.JsonValue is TJSONArray then[0m
[35md:\Projects\_Pending\CD-162\unit JsonDatasetConverter;.pas (476):       // Store array as JSON string[0m
[35md:\Projects\_Pending\CD-162\unit JsonDatasetConverter;.pas (477):       SetFieldValue(ARecord, FieldName, Pair.JsonValue.ToJSON);[0m
[35md:\Projects\_Pending\CD-162\unit JsonDatasetConverter;.pas (481):       Value := JsonValueToVariant(Pair.JsonValue, FieldInfo.FieldType);[0m
[35md:\Projects\_Pending\CD-162\unit JsonDatasetConverter;.pas (487): procedure TJsonToDatasetConverter.ProcessJsonObject(const AJsonObj: TJSONObject; const ARecord: TClientDataSet);[0m
[35md:\Projects\_Pending\CD-162\unit JsonDatasetConverter;.pas (489):   ProcessJsonObjectFlattened(AJsonObj, ARecord, '');[0m
[35md:\Projects\_Pending\CD-162\unit JsonDatasetConverter;.pas (492): procedure TJsonToDatasetConverter.ProcessJsonArray(const AJsonArray: TJSONArray; const AFieldName: string; const ARecord: TClientDataSet);[0m
[35md:\Projects\_Pending\CD-162\unit JsonDatasetConverter;.pas (494):   // Store entire array as JSON string[0m
[35md:\Projects\_Pending\CD-162\unit JsonDatasetConverter;.pas (495):   SetFieldValue(ARecord, AFieldName, AJsonArray.ToJSON);[0m
[35md:\Projects\_Pending\CD-162\unit JsonDatasetConverter;.pas (498): procedure TJsonToDatasetConverter.PopulateDatasetFromJson(const AJson: TJSONValue);[0m
[35md:\Projects\_Pending\CD-162\unit JsonDatasetConverter;.pas (500):   JsonObj: TJSONObject;[0m
[35md:\Projects\_Pending\CD-162\unit JsonDatasetConverter;.pas (501):   JsonArray: TJSONArray;[0m
[35md:\Projects\_Pending\CD-162\unit JsonDatasetConverter;.pas (504):   if AJson is TJSONObject then[0m
[35md:\Projects\_Pending\CD-162\unit JsonDatasetConverter;.pas (507):     ProcessJsonObject(TJSONObject(AJson), FDataset);[0m
[35md:\Projects\_Pending\CD-162\unit JsonDatasetConverter;.pas (510):   else if AJson is TJSONArray then[0m
[35md:\Projects\_Pending\CD-162\unit JsonDatasetConverter;.pas (512):     JsonArray := TJSONArray(AJson);[0m
[35md:\Projects\_Pending\CD-162\unit JsonDatasetConverter;.pas (513):     for i := 0 to JsonArray.Count - 1 do[0m
[35md:\Projects\_Pending\CD-162\unit JsonDatasetConverter;.pas (515):       if JsonArray.Items[i] is TJSONObject then[0m
[35md:\Projects\_Pending\CD-162\unit JsonDatasetConverter;.pas (518):         ProcessJsonObject(TJSONObject(JsonArray.Items[i]), FDataset);[0m
[35md:\Projects\_Pending\CD-162\unit JsonDatasetConverter;.pas (525): function TJsonToDatasetConverter.JsonStringToDataset(const AJsonString: string): TClientDataSet;[0m
[35md:\Projects\_Pending\CD-162\unit JsonDatasetConverter;.pas (527):   JsonValue: TJSONValue;[0m
[35md:\Projects\_Pending\CD-162\unit JsonDatasetConverter;.pas (533):     JsonValue := TJSONObject.ParseJSONValue(AJsonString);[0m
[35md:\Projects\_Pending\CD-162\unit JsonDatasetConverter;.pas (534):     if JsonValue = nil then[0m
[35md:\Projects\_Pending\CD-162\unit JsonDatasetConverter;.pas (535):       raise Exception.Create('Invalid JSON string');[0m
[35md:\Projects\_Pending\CD-162\unit JsonDatasetConverter;.pas (539):       AnalyzeJsonStructure(JsonValue);[0m
[35md:\Projects\_Pending\CD-162\unit JsonDatasetConverter;.pas (545):       PopulateDatasetFromJson(JsonValue);[0m
[35md:\Projects\_Pending\CD-162\unit JsonDatasetConverter;.pas (549):       JsonValue.Free;[0m
[35md:\Projects\_Pending\CD-162\unit JsonDatasetConverter;.pas (557): function TJsonToDatasetConverter.JsonObjectToDataset(const AJsonObject: TJSONObject): TClientDataSet;[0m
[35md:\Projects\_Pending\CD-162\unit JsonDatasetConverter;.pas (564):     AnalyzeJsonStructure(AJsonObject);[0m
[35md:\Projects\_Pending\CD-162\unit JsonDatasetConverter;.pas (570):     PopulateDatasetFromJson(AJsonObject);[0m
[35md:\Projects\_Pending\CD-162\unit JsonDatasetConverter;.pas (579): function TJsonToDatasetConverter.JsonArrayToDataset(const AJsonArray: TJSONArray): TClientDataSet;[0m
[35md:\Projects\_Pending\CD-162\unit JsonDatasetConverter;.pas (586):     AnalyzeJsonStructure(AJsonArray);[0m
[35md:\Projects\_Pending\CD-162\unit JsonDatasetConverter;.pas (592):     PopulateDatasetFromJson(AJsonArray);[0m
[35md:\Projects\_Pending\CD-162\unit JsonDatasetConverter;.pas (601): procedure TJsonToDatasetConverter.AddDateTimeFormat(const AFormat: string);[0m
[35md:\Projects\_Pending\CD-162\unit JsonDatasetConverter;.pas (607): procedure TJsonToDatasetConverter.ClearDateTimeFormats;[0m
[32mFOUND: d:\Projects\_Pending\CRMX-256\CRMX-256\LogWriter2.pas[0m
[35md:\Projects\_Pending\CRMX-256\CRMX-256\LogWriter2.pas (7):   System.JSON;[0m
[35md:\Projects\_Pending\CRMX-256\CRMX-256\LogWriter2.pas (11):   TLogOutputFormat = (ofText, ofJSON); // Enumerated type for output format[0m
[35md:\Projects\_Pending\CRMX-256\CRMX-256\LogWriter2.pas (29):       FOutputFormat: TLogOutputFormat; // Output format (Text or JSON)[0m
[35md:\Projects\_Pending\CRMX-256\CRMX-256\LogWriter2.pas (34):     class function LogEntryToJSON(const ALogEntry: TLogEntry): TJSONObject;[0m
[35md:\Projects\_Pending\CRMX-256\CRMX-256\LogWriter2.pas (144): class function TLogWriter.LogEntryToJSON(const ALogEntry: TLogEntry): TJSONObject;[0m
[35md:\Projects\_Pending\CRMX-256\CRMX-256\LogWriter2.pas (159):   // Create a JSON object for the log entry[0m
[35md:\Projects\_Pending\CRMX-256\CRMX-256\LogWriter2.pas (160):   Result := TJSONObject.Create;[0m
[35md:\Projects\_Pending\CRMX-256\CRMX-256\LogWriter2.pas (173):   JSONArray: TJSONArray;[0m
[35md:\Projects\_Pending\CRMX-256\CRMX-256\LogWriter2.pas (174):   JSONFile: TStringList;[0m
[35md:\Projects\_Pending\CRMX-256\CRMX-256\LogWriter2.pas (199):       ofJSON:[0m
[35md:\Projects\_Pending\CRMX-256\CRMX-256\LogWriter2.pas (201):           JSONArray := TJSONArray.Create;[0m
[35md:\Projects\_Pending\CRMX-256\CRMX-256\LogWriter2.pas (205):               JSONArray.AddElement(LogEntryToJSON(LogEntry));[0m
[35md:\Projects\_Pending\CRMX-256\CRMX-256\LogWriter2.pas (208):             JSONFile := TStringList.Create;[0m
[35md:\Projects\_Pending\CRMX-256\CRMX-256\LogWriter2.pas (210):               JSONFile.Text := JSONArray.Format(2); // Format JSON with indentation[0m
[35md:\Projects\_Pending\CRMX-256\CRMX-256\LogWriter2.pas (211):               JSONFile.SaveToFile(FLogFileName);[0m
[35md:\Projects\_Pending\CRMX-256\CRMX-256\LogWriter2.pas (213):               JSONFile.Free;[0m
[35md:\Projects\_Pending\CRMX-256\CRMX-256\LogWriter2.pas (216):             JSONArray.Free;[0m
[32mFOUND: d:\Projects\_Pending\CRMX-256\CRMX-256\LogWriterTests2.pas[0m
[35md:\Projects\_Pending\CRMX-256\CRMX-256\LogWriterTests2.pas (10):   System.JSON;[0m
[35md:\Projects\_Pending\CRMX-256\CRMX-256\LogWriterTests2.pas (25):     procedure TestAddLogEntryJSON;[0m
[35md:\Projects\_Pending\CRMX-256\CRMX-256\LogWriterTests2.pas (27):     procedure TestMultipleLogEntriesJSON;[0m
[35md:\Projects\_Pending\CRMX-256\CRMX-256\LogWriterTests2.pas (70): procedure TLogWriterTests.TestAddLogEntryJSON;[0m
[35md:\Projects\_Pending\CRMX-256\CRMX-256\LogWriterTests2.pas (74):   JSONValue: TJSONValue;[0m
[35md:\Projects\_Pending\CRMX-256\CRMX-256\LogWriterTests2.pas (76):   // Set output format to JSON[0m
[35md:\Projects\_Pending\CRMX-256\CRMX-256\LogWriterTests2.pas (77):   TLogWriter.SetOutputFormat(ofJSON);[0m
[35md:\Projects\_Pending\CRMX-256\CRMX-256\LogWriterTests2.pas (89):   JSONValue := TJSONObject.ParseJSONValue(LogContent);[0m
[35md:\Projects\_Pending\CRMX-256\CRMX-256\LogWriterTests2.pas (91):     Assert.IsNotNull(JSONValue, 'Log file should contain valid JSON');[0m
[35md:\Projects\_Pending\CRMX-256\CRMX-256\LogWriterTests2.pas (92):     Assert.IsTrue(JSONValue is TJSONArray, 'Log file should contain a JSON array');[0m
[35md:\Projects\_Pending\CRMX-256\CRMX-256\LogWriterTests2.pas (93):     Assert.AreEqual(1, TJSONArray(JSONValue).Count, 'Log file should contain 1 entry');[0m
[35md:\Projects\_Pending\CRMX-256\CRMX-256\LogWriterTests2.pas (95):     JSONValue.Free;[0m
[35md:\Projects\_Pending\CRMX-256\CRMX-256\LogWriterTests2.pas (99): procedure TLogWriterTests.TestMultipleLogEntriesJSON;[0m
[35md:\Projects\_Pending\CRMX-256\CRMX-256\LogWriterTests2.pas (103):   JSONValue: TJSONValue;[0m
[35md:\Projects\_Pending\CRMX-256\CRMX-256\LogWriterTests2.pas (105):   // Set output format to JSON[0m
[35md:\Projects\_Pending\CRMX-256\CRMX-256\LogWriterTests2.pas (106):   TLogWriter.SetOutputFormat(ofJSON);[0m
[35md:\Projects\_Pending\CRMX-256\CRMX-256\LogWriterTests2.pas (124):   JSONValue := TJSONObject.ParseJSONValue(LogContent);[0m
[35md:\Projects\_Pending\CRMX-256\CRMX-256\LogWriterTests2.pas (126):     Assert.IsNotNull(JSONValue, 'Log file should contain valid JSON');[0m
[35md:\Projects\_Pending\CRMX-256\CRMX-256\LogWriterTests2.pas (127):     Assert.IsTrue(JSONValue is TJSONArray, 'Log file should contain a JSON array');[0m
[35md:\Projects\_Pending\CRMX-256\CRMX-256\LogWriterTests2.pas (128):     Assert.AreEqual(3, TJSONArray(JSONValue).Count, 'Log file should contain 3 entries');[0m
[35md:\Projects\_Pending\CRMX-256\CRMX-256\LogWriterTests2.pas (130):     JSONValue.Free;[0m
[32mFOUND: d:\Projects\_Pending\CRMX-264\EventTracker.pas[0m
[35md:\Projects\_Pending\CRMX-264\EventTracker.pas (50):     procedure Setup(const aUserID: string; const aOutputFormat: TLogOutputFormat = TLogOutputFormat.JSON);[0m
[32mFOUND: d:\Projects\_Pending\CRM_Tracker\JSONConfig.pas[0m
[35md:\Projects\_Pending\CRM_Tracker\JSONConfig.pas (1): unit JSONConfig;[0m
[35md:\Projects\_Pending\CRM_Tracker\JSONConfig.pas (9):   System.JSON, System.Generics.Collections;[0m
[35md:\Projects\_Pending\CRM_Tracker\JSONConfig.pas (12):   TJSONConfig = class[0m
[35md:\Projects\_Pending\CRM_Tracker\JSONConfig.pas (15):     fJSONObject: TJSONObject;[0m
[35md:\Projects\_Pending\CRM_Tracker\JSONConfig.pas (18):     function GetJsonValue(const aKey: string): TJsonValue;[0m
[35md:\Projects\_Pending\CRM_Tracker\JSONConfig.pas (42):     procedure SetJSONArray(const aKey: string; aValue: TJSONArray);[0m
[35md:\Projects\_Pending\CRM_Tracker\JSONConfig.pas (51):     function GetJSONArray(const aKey: string): TJSONArray;[0m
[35md:\Projects\_Pending\CRM_Tracker\JSONConfig.pas (59): { TJSONConfig }[0m
[35md:\Projects\_Pending\CRM_Tracker\JSONConfig.pas (61): constructor TJSONConfig.Create;[0m
[35md:\Projects\_Pending\CRM_Tracker\JSONConfig.pas (64):   fJSONObject := TJSONObject.Create;[0m
[35md:\Projects\_Pending\CRM_Tracker\JSONConfig.pas (68): destructor TJSONConfig.Destroy;[0m
[35md:\Projects\_Pending\CRM_Tracker\JSONConfig.pas (70):   fJSONObject.Free;[0m
[35md:\Projects\_Pending\CRM_Tracker\JSONConfig.pas (74): procedure TJSONConfig.Clear;[0m
[35md:\Projects\_Pending\CRM_Tracker\JSONConfig.pas (76):   fJSONObject.Free;[0m
[35md:\Projects\_Pending\CRM_Tracker\JSONConfig.pas (77):   fJSONObject := TJSONObject.Create;[0m
[35md:\Projects\_Pending\CRM_Tracker\JSONConfig.pas (80): function TJSONConfig.GetJsonValue(const aKey: string): TJsonValue;[0m
[35md:\Projects\_Pending\CRM_Tracker\JSONConfig.pas (82):   Result := fJSONObject.GetValue(aKey);[0m
[35md:\Projects\_Pending\CRM_Tracker\JSONConfig.pas (85): function TJSONConfig.LoadFromFile(const aFilePath: string): Boolean;[0m
[35md:\Projects\_Pending\CRM_Tracker\JSONConfig.pas (87):   jsonString: string;[0m
[35md:\Projects\_Pending\CRM_Tracker\JSONConfig.pas (88):   jsonValue: TJsonValue;[0m
[35md:\Projects\_Pending\CRM_Tracker\JSONConfig.pas (94):     raise Exception.CreateFmt('TJSONConfig.LoadFromFile:Configuration file not found: %s',[aFilePath]);[0m
[35md:\Projects\_Pending\CRM_Tracker\JSONConfig.pas (97):     jsonString := TFile.ReadAllText(aFilePath);[0m
[35md:\Projects\_Pending\CRM_Tracker\JSONConfig.pas (98):     jsonValue := TJSONObject.ParseJsonValue(jsonString);[0m
[35md:\Projects\_Pending\CRM_Tracker\JSONConfig.pas (100):       if Assigned(jsonValue) and (jsonValue is TJSONObject) then[0m
[35md:\Projects\_Pending\CRM_Tracker\JSONConfig.pas (102):         fJSONObject.Free; // Free existing object[0m
[35md:\Projects\_Pending\CRM_Tracker\JSONConfig.pas (103):         fJSONObject := jsonValue as TJSONObject; // Assign new object[0m
[35md:\Projects\_Pending\CRM_Tracker\JSONConfig.pas (108):         jsonValue.Free; // Free the non-object JSON value[0m
[35md:\Projects\_Pending\CRM_Tracker\JSONConfig.pas (109):         raise Exception.CreateFmt('TJSONConfig.LoadFromFile: Invalid JSON structure in file: %s',[aFilePath]);[0m
[35md:\Projects\_Pending\CRM_Tracker\JSONConfig.pas (114):         // Ensure jsonValue is freed if an error occurs during parsing or type checking[0m
[35md:\Projects\_Pending\CRM_Tracker\JSONConfig.pas (115):         if Assigned(jsonValue) then jsonValue.Free;[0m
[35md:\Projects\_Pending\CRM_Tracker\JSONConfig.pas (116):         raise Exception.CreateFmt('TJSONConfig.LoadFromFile: Error parsing JSON from file: %s',[aFilePath]);[0m
[35md:\Projects\_Pending\CRM_Tracker\JSONConfig.pas (122):       raise Exception.CreateFmt('TJSONConfig.LoadFromFile: Error reading config file: %s',[aFilePath]);[0m
[35md:\Projects\_Pending\CRM_Tracker\JSONConfig.pas (127): function TJSONConfig.SaveToFile(const aFilePath: string): Boolean;[0m
[35md:\Projects\_Pending\CRM_Tracker\JSONConfig.pas (133):     TFile.WriteAllText(aFilePath, fJSONObject.ToJSON);[0m
[35md:\Projects\_Pending\CRM_Tracker\JSONConfig.pas (138):       raise Exception.CreateFmt('TJSONConfig.SaveToFile: Error saving config file to: %s',[aFilePath]);[0m
[35md:\Projects\_Pending\CRM_Tracker\JSONConfig.pas (143): function TJSONConfig.HasKey(const aKey: string): Boolean;[0m
[35md:\Projects\_Pending\CRM_Tracker\JSONConfig.pas (145):   Result := GetJsonValue(aKey) <> nil;[0m
[35md:\Projects\_Pending\CRM_Tracker\JSONConfig.pas (148): procedure TJSONConfig.DeleteKey(const aKey: string);[0m
[35md:\Projects\_Pending\CRM_Tracker\JSONConfig.pas (150):   value: TJsonValue;[0m
[35md:\Projects\_Pending\CRM_Tracker\JSONConfig.pas (152):   value := GetJsonValue(aKey);[0m
[35md:\Projects\_Pending\CRM_Tracker\JSONConfig.pas (153):   if Assigned(value) then fJSONObject.RemovePair(aKey);[0m
[35md:\Projects\_Pending\CRM_Tracker\JSONConfig.pas (156): procedure TJSONConfig.SetString(const aKey, aValue: string);[0m
[35md:\Projects\_Pending\CRM_Tracker\JSONConfig.pas (158):   fJSONObject.AddPair(aKey, aValue);[0m
[35md:\Projects\_Pending\CRM_Tracker\JSONConfig.pas (161): procedure TJSONConfig.SetInteger(const aKey: string; aValue: Integer);[0m
[35md:\Projects\_Pending\CRM_Tracker\JSONConfig.pas (163):   fJSONObject.AddPair(aKey, TJSONNumber.Create(aValue));[0m
[35md:\Projects\_Pending\CRM_Tracker\JSONConfig.pas (166): procedure TJSONConfig.SetFloat(const aKey: string; aValue: Double);[0m
[35md:\Projects\_Pending\CRM_Tracker\JSONConfig.pas (168):   fJSONObject.AddPair(aKey, TJSONNumber.Create(aValue));[0m
[35md:\Projects\_Pending\CRM_Tracker\JSONConfig.pas (171): procedure TJSONConfig.SetBoolean(const aKey: string; aValue: Boolean);[0m
[35md:\Projects\_Pending\CRM_Tracker\JSONConfig.pas (173):   fJSONObject.AddPair(aKey, TJSONBool.Create(aValue));[0m
[35md:\Projects\_Pending\CRM_Tracker\JSONConfig.pas (176): procedure TJSONConfig.SetDateTime(const aKey: string; aValue: TDateTime);[0m
[35md:\Projects\_Pending\CRM_Tracker\JSONConfig.pas (180):   fJSONObject.AddPair(aKey, DateToISO8601(aValue));[0m
[35md:\Projects\_Pending\CRM_Tracker\JSONConfig.pas (183): procedure TJSONConfig.SetTime(const aKey: string; aValue: TTime);[0m
[35md:\Projects\_Pending\CRM_Tracker\JSONConfig.pas (185):   fJSONObject.AddPair(aKey, FormatDateTime('hh:nn', aValue));[0m
[35md:\Projects\_Pending\CRM_Tracker\JSONConfig.pas (188): procedure TJSONConfig.SetJSONArray(const aKey: string; aValue: TJSONArray);[0m
[35md:\Projects\_Pending\CRM_Tracker\JSONConfig.pas (192):   fJSONObject.AddPair(aKey, TJSONArray(aValue.Clone));[0m
[35md:\Projects\_Pending\CRM_Tracker\JSONConfig.pas (195): function TJSONConfig.GetString(const aKey: string; const aDefault: string): string;[0m
[35md:\Projects\_Pending\CRM_Tracker\JSONConfig.pas (197):   jsonValue: TJsonValue;[0m
[35md:\Projects\_Pending\CRM_Tracker\JSONConfig.pas (199):   jsonValue := GetJsonValue(aKey);[0m
[35md:\Projects\_Pending\CRM_Tracker\JSONConfig.pas (200):   if Assigned(jsonValue) and (jsonValue is TJSONString) then[0m
[35md:\Projects\_Pending\CRM_Tracker\JSONConfig.pas (201):     Result := TJSONString(jsonValue).Value[0m
[35md:\Projects\_Pending\CRM_Tracker\JSONConfig.pas (206): function TJSONConfig.GetInteger(const aKey: string; const aDefault: Integer): Integer;[0m
[35md:\Projects\_Pending\CRM_Tracker\JSONConfig.pas (208):   jsonValue: TJsonValue;[0m
[35md:\Projects\_Pending\CRM_Tracker\JSONConfig.pas (211):   jsonValue := GetJsonValue(aKey);[0m
[35md:\Projects\_Pending\CRM_Tracker\JSONConfig.pas (212):   if Assigned(jsonValue) then[0m
[35md:\Projects\_Pending\CRM_Tracker\JSONConfig.pas (214):     if (jsonValue is TJSONNumber) then[0m
[35md:\Projects\_Pending\CRM_Tracker\JSONConfig.pas (217):         Result := TJSONNumber(jsonValue).AsInt;[0m
[35md:\Projects\_Pending\CRM_Tracker\JSONConfig.pas (221):           raise Exception.CreateFmt('TJSONConfig.GetInteger: Error converting JSON number to Integer for Key: %s', [aKey]);[0m
[35md:\Projects\_Pending\CRM_Tracker\JSONConfig.pas (227):       raise Exception.CreateFmt('TJSONConfig.GetInteger: Value for Key "%s" is not a JSON Number.', [aKey]);[0m
[35md:\Projects\_Pending\CRM_Tracker\JSONConfig.pas (232): function TJSONConfig.GetFloat(const aKey: string; const aDefault: Double): Double;[0m
[35md:\Projects\_Pending\CRM_Tracker\JSONConfig.pas (234):   jsonValue: TJsonValue;[0m
[35md:\Projects\_Pending\CRM_Tracker\JSONConfig.pas (237):   jsonValue := GetJsonValue(aKey);[0m
[35md:\Projects\_Pending\CRM_Tracker\JSONConfig.pas (238):   if Assigned(jsonValue) then[0m
[35md:\Projects\_Pending\CRM_Tracker\JSONConfig.pas (240):     if (jsonValue is TJSONNumber) then[0m
[35md:\Projects\_Pending\CRM_Tracker\JSONConfig.pas (243):         Result := TJSONNumber(jsonValue).AsDouble;[0m
[35md:\Projects\_Pending\CRM_Tracker\JSONConfig.pas (247):           raise Exception.CreateFmt('TJSONConfig.GetFloat: Error converting JSON number to Float for Key: %s', [aKey]);[0m
[35md:\Projects\_Pending\CRM_Tracker\JSONConfig.pas (253):       raise Exception.CreateFmt('TJSONConfig.GetFloat: Value for Key "%s" is not a JSON Number.', [aKey]);[0m
[35md:\Projects\_Pending\CRM_Tracker\JSONConfig.pas (258): function TJSONConfig.GetBoolean(const aKey: string; const aDefault: Boolean): Boolean;[0m
[35md:\Projects\_Pending\CRM_Tracker\JSONConfig.pas (260):   jsonValue: TJsonValue;[0m
[35md:\Projects\_Pending\CRM_Tracker\JSONConfig.pas (262):   jsonValue := GetJsonValue(aKey);[0m
[35md:\Projects\_Pending\CRM_Tracker\JSONConfig.pas (263):   if Assigned(jsonValue) and (jsonValue is TJSONBool) then[0m
[35md:\Projects\_Pending\CRM_Tracker\JSONConfig.pas (264):     Result := TJSONBool(jsonValue).AsBoolean[0m
[35md:\Projects\_Pending\CRM_Tracker\JSONConfig.pas (269): function TJSONConfig.GetDateTime(const aKey: string; const aDefault: TDateTime): TDateTime;[0m
[35md:\Projects\_Pending\CRM_Tracker\JSONConfig.pas (271):   jsonValue: TJsonValue;[0m
[35md:\Projects\_Pending\CRM_Tracker\JSONConfig.pas (275):   jsonValue := GetJsonValue(aKey);[0m
[35md:\Projects\_Pending\CRM_Tracker\JSONConfig.pas (276):   if Assigned(jsonValue) then[0m
[35md:\Projects\_Pending\CRM_Tracker\JSONConfig.pas (278):     if (jsonValue is TJSONString) then[0m
[35md:\Projects\_Pending\CRM_Tracker\JSONConfig.pas (280):       datetimeStr := TJSONString(jsonValue).Value;[0m
[35md:\Projects\_Pending\CRM_Tracker\JSONConfig.pas (287):           raise Exception.CreateFmt('TJSONConfig.GetDateTime: Error parsing DateTime string for key %s', [aKey]);[0m
[35md:\Projects\_Pending\CRM_Tracker\JSONConfig.pas (293):       raise Exception.CreateFmt('TJSONConfig.GetDateTime: Value for Key "%s" is not a JSON String.', [aKey]);[0m
[35md:\Projects\_Pending\CRM_Tracker\JSONConfig.pas (298): function TJSONConfig.GetTime(const aKey: string; const aDefault: TTime): TTime;[0m
[35md:\Projects\_Pending\CRM_Tracker\JSONConfig.pas (300):   jsonValue: TJsonValue;[0m
[35md:\Projects\_Pending\CRM_Tracker\JSONConfig.pas (304):   jsonValue := GetJsonValue(aKey);[0m
[35md:\Projects\_Pending\CRM_Tracker\JSONConfig.pas (305):   if Assigned(jsonValue) then[0m
[35md:\Projects\_Pending\CRM_Tracker\JSONConfig.pas (307):     if (jsonValue is TJSONString) then[0m
[35md:\Projects\_Pending\CRM_Tracker\JSONConfig.pas (309):       timeStr := TJSONString(jsonValue).Value;[0m
[35md:\Projects\_Pending\CRM_Tracker\JSONConfig.pas (315):           raise Exception.CreateFmt('TJSONConfig.GetTime: Error parsing Time string for key %s', [aKey]);[0m
[35md:\Projects\_Pending\CRM_Tracker\JSONConfig.pas (321):       raise Exception.CreateFmt('TJSONConfig.GetTime: Value for Key "%s" is not a JSON String.', [aKey]);[0m
[35md:\Projects\_Pending\CRM_Tracker\JSONConfig.pas (326): function TJSONConfig.GetJSONArray(const aKey: string): TJSONArray;[0m
[35md:\Projects\_Pending\CRM_Tracker\JSONConfig.pas (328):   jsonValue: TJsonValue;[0m
[35md:\Projects\_Pending\CRM_Tracker\JSONConfig.pas (331):   jsonValue := GetJsonValue(aKey);[0m
[35md:\Projects\_Pending\CRM_Tracker\JSONConfig.pas (332):   if Assigned(jsonValue) and (jsonValue is TJSONArray) then[0m
[35md:\Projects\_Pending\CRM_Tracker\JSONConfig.pas (334):     Result := TJSONArray(jsonValue.Clone)[0m
[35md:\Projects\_Pending\CRM_Tracker\JSONConfig.pas (338): function TJSONConfig.GetValue: string;[0m
[35md:\Projects\_Pending\CRM_Tracker\JSONConfig.pas (340):   Result := fJSONObject.ToJSON;[0m
[35md:\Projects\_Pending\CRM_Tracker\JSONConfig.pas (343): procedure TJSONConfig.SetValue(const aValue: string);[0m
[35md:\Projects\_Pending\CRM_Tracker\JSONConfig.pas (345):   newJSONObject: TJSONObject;[0m
[35md:\Projects\_Pending\CRM_Tracker\JSONConfig.pas (346):   jsonValue: TJsonValue;[0m
[35md:\Projects\_Pending\CRM_Tracker\JSONConfig.pas (348):   jsonValue := nil; // Initialize to nil[0m
[35md:\Projects\_Pending\CRM_Tracker\JSONConfig.pas (350):     jsonValue := TJSONObject.ParseJsonValue(aValue); // Parse the input string[0m
[35md:\Projects\_Pending\CRM_Tracker\JSONConfig.pas (351):     if Assigned(jsonValue) and (jsonValue is TJSONObject) then[0m
[35md:\Projects\_Pending\CRM_Tracker\JSONConfig.pas (353):       newJSONObject := jsonValue as TJSONObject; // Cast to TJSONObject[0m
[35md:\Projects\_Pending\CRM_Tracker\JSONConfig.pas (354):       fJSONObject.Free; // Free the old object to prevent memory leaks[0m
[35md:\Projects\_Pending\CRM_Tracker\JSONConfig.pas (355):       fJSONObject := newJSONObject; // Assign the new object[0m
[35md:\Projects\_Pending\CRM_Tracker\JSONConfig.pas (359):       // If parsing fails or the root is not a JSON object, raise an exception[0m
[35md:\Projects\_Pending\CRM_Tracker\JSONConfig.pas (360):       raise Exception.Create('TJSONConfig.SetValue: Invalid JSON format or not a JSON Object.');[0m
[35md:\Projects\_Pending\CRM_Tracker\JSONConfig.pas (363):     // Ensure JSONValue is freed only if it's not the one assigned to fJSONObject[0m
[35md:\Projects\_Pending\CRM_Tracker\JSONConfig.pas (364):     if Assigned(jsonValue) and (jsonValue <> fJSONObject) then jsonValue.Free;[0m
[32mFOUND: d:\Projects\_Pending\CRM_Tracker\JsonUtils.pas[0m
[35md:\Projects\_Pending\CRM_Tracker\JsonUtils.pas (1): unit JsonUtils;[0m
[35md:\Projects\_Pending\CRM_Tracker\JsonUtils.pas (8):   function EscapeJsonString(const Value: string): string;[0m
[35md:\Projects\_Pending\CRM_Tracker\JsonUtils.pas (9):   function UnEscapeJsonString(const json: string): string;[0m
[35md:\Projects\_Pending\CRM_Tracker\JsonUtils.pas (10):   function JsonPrettyPrint(const aJson: string): string;[0m
[35md:\Projects\_Pending\CRM_Tracker\JsonUtils.pas (15):   System.JSON;[0m
[35md:\Projects\_Pending\CRM_Tracker\JsonUtils.pas (17): function EscapeJsonString(const Value: string): string;[0m
[35md:\Projects\_Pending\CRM_Tracker\JsonUtils.pas (45): function UnEscapeJsonString(const json: string): string;[0m
[35md:\Projects\_Pending\CRM_Tracker\JsonUtils.pas (54):   len := Length(json);[0m
[35md:\Projects\_Pending\CRM_Tracker\JsonUtils.pas (56):   // 1. Strip the enclosing quotes that EscapeJsonString adds[0m
[35md:\Projects\_Pending\CRM_Tracker\JsonUtils.pas (57):   if (len >= 2) and (json[1] = '"') and (json[len] = '"') then[0m
[35md:\Projects\_Pending\CRM_Tracker\JsonUtils.pas (66):     ch := json[i];[0m
[35md:\Projects\_Pending\CRM_Tracker\JsonUtils.pas (75):       case json[i] of[0m
[35md:\Projects\_Pending\CRM_Tracker\JsonUtils.pas (89):               hexStr := Copy(json, i + 1, 4);[0m
[35md:\Projects\_Pending\CRM_Tracker\JsonUtils.pas (105):         // The character after '\' is not a valid JSON escape char (e.g., "\z").[0m
[35md:\Projects\_Pending\CRM_Tracker\JsonUtils.pas (107):         Result := Result + '\' + json[i];[0m
[35md:\Projects\_Pending\CRM_Tracker\JsonUtils.pas (121): function JsonPrettyPrint(const aJson: string): string;[0m
[35md:\Projects\_Pending\CRM_Tracker\JsonUtils.pas (123):   jsonValue: TJSONValue;[0m
[35md:\Projects\_Pending\CRM_Tracker\JsonUtils.pas (126):   if aJson.IsEmpty then[0m
[35md:\Projects\_Pending\CRM_Tracker\JsonUtils.pas (134):   Result := aJson;[0m
[35md:\Projects\_Pending\CRM_Tracker\JsonUtils.pas (137):     // Attempt to parse the JSON string into a TJSONValue object.[0m
[35md:\Projects\_Pending\CRM_Tracker\JsonUtils.pas (138):     // TJSONObject.ParseJSONValue can handle both JSON objects ({...}) and[0m
[35md:\Projects\_Pending\CRM_Tracker\JsonUtils.pas (139):     // JSON arrays ([...]) as the root element.[0m
[35md:\Projects\_Pending\CRM_Tracker\JsonUtils.pas (140):     jsonValue := TJSONObject.ParseJSONValue(aJson);[0m
[35md:\Projects\_Pending\CRM_Tracker\JsonUtils.pas (143):     if Assigned(jsonValue) then[0m
[35md:\Projects\_Pending\CRM_Tracker\JsonUtils.pas (146):         // Format the JSON object into a string with an indentation of 2 spaces.[0m
[35md:\Projects\_Pending\CRM_Tracker\JsonUtils.pas (148):         Result := jsonValue.Format(2);[0m
[35md:\Projects\_Pending\CRM_Tracker\JsonUtils.pas (150):         jsonValue.Free;[0m
[35md:\Projects\_Pending\CRM_Tracker\JsonUtils.pas (156):       raise Exception.CreateFmt('JsonPrettyPrint failed: %s',[e.Message]);[0m
[32mFOUND: d:\Projects\_Pending\CRM_Tracker\unit JsonDatasetConverter;.pas[0m
[35md:\Projects\_Pending\CRM_Tracker\unit JsonDatasetConverter;.pas (1): unit JsonDatasetConverter;[0m
[35md:\Projects\_Pending\CRM_Tracker\unit JsonDatasetConverter;.pas (6):   System.Classes, System.SysUtils, System.JSON, System.Variants, [0m
[35md:\Projects\_Pending\CRM_Tracker\unit JsonDatasetConverter;.pas (11):   TJsonFieldType = (jftString, jftInteger, jftFloat, jftBoolean, jftDateTime, [0m
[35md:\Projects\_Pending\CRM_Tracker\unit JsonDatasetConverter;.pas (16):     FieldType: TJsonFieldType;[0m
[35md:\Projects\_Pending\CRM_Tracker\unit JsonDatasetConverter;.pas (21):   TJsonToDatasetConverter = class[0m
[35md:\Projects\_Pending\CRM_Tracker\unit JsonDatasetConverter;.pas (31):     function DetectFieldType(const AValue: TJSONValue; var AMaxLength: Integer): TJsonFieldType;[0m
[35md:\Projects\_Pending\CRM_Tracker\unit JsonDatasetConverter;.pas (35):     procedure AnalyzeJsonStructure(const AJson: TJSONValue; const APrefix: string = '');[0m
[35md:\Projects\_Pending\CRM_Tracker\unit JsonDatasetConverter;.pas (37):     procedure PopulateDatasetFromJson(const AJson: TJSONValue);[0m
[35md:\Projects\_Pending\CRM_Tracker\unit JsonDatasetConverter;.pas (38):     procedure ProcessJsonObject(const AJsonObj: TJSONObject; const ARecord: TClientDataSet);[0m
[35md:\Projects\_Pending\CRM_Tracker\unit JsonDatasetConverter;.pas (39):     procedure ProcessJsonObjectFlattened(const AJsonObj: TJSONObject; const ARecord: TClientDataSet; const APrefix: string = '');[0m
[35md:\Projects\_Pending\CRM_Tracker\unit JsonDatasetConverter;.pas (40):     procedure ProcessJsonArray(const AJsonArray: TJSONArray; const AFieldName: string; const ARecord: TClientDataSet);[0m
[35md:\Projects\_Pending\CRM_Tracker\unit JsonDatasetConverter;.pas (41):     function JsonValueToVariant(const AValue: TJSONValue; AFieldType: TJsonFieldType): Variant;[0m
[35md:\Projects\_Pending\CRM_Tracker\unit JsonDatasetConverter;.pas (50):     function JsonStringToDataset(const AJsonString: string): TClientDataSet;[0m
[35md:\Projects\_Pending\CRM_Tracker\unit JsonDatasetConverter;.pas (51):     function JsonObjectToDataset(const AJsonObject: TJSONObject): TClientDataSet;[0m
[35md:\Projects\_Pending\CRM_Tracker\unit JsonDatasetConverter;.pas (52):     function JsonArrayToDataset(const AJsonArray: TJSONArray): TClientDataSet;[0m
[35md:\Projects\_Pending\CRM_Tracker\unit JsonDatasetConverter;.pas (68): constructor TJsonToDatasetConverter.Create;[0m
[35md:\Projects\_Pending\CRM_Tracker\unit JsonDatasetConverter;.pas (90): destructor TJsonToDatasetConverter.Destroy;[0m
[35md:\Projects\_Pending\CRM_Tracker\unit JsonDatasetConverter;.pas (97): function TJsonToDatasetConverter.SanitizeFieldName(const AName: string): string;[0m
[35md:\Projects\_Pending\CRM_Tracker\unit JsonDatasetConverter;.pas (118): function TJsonToDatasetConverter.TryParseDateTime(const AValue: string; out ADateTime: TDateTime): Boolean;[0m
[35md:\Projects\_Pending\CRM_Tracker\unit JsonDatasetConverter;.pas (163): function TJsonToDatasetConverter.TryParseDate(const AValue: string; out ADate: TDateTime): Boolean;[0m
[35md:\Projects\_Pending\CRM_Tracker\unit JsonDatasetConverter;.pas (170): function TJsonToDatasetConverter.TryParseTime(const AValue: string; out ATime: TDateTime): Boolean;[0m
[35md:\Projects\_Pending\CRM_Tracker\unit JsonDatasetConverter;.pas (177): function TJsonToDatasetConverter.DetectFieldType(const AValue: TJSONValue; var AMaxLength: Integer): TJsonFieldType;[0m
[35md:\Projects\_Pending\CRM_Tracker\unit JsonDatasetConverter;.pas (184):   if AValue is TJSONNull then[0m
[35md:\Projects\_Pending\CRM_Tracker\unit JsonDatasetConverter;.pas (190):   if AValue is TJSONBool then[0m
[35md:\Projects\_Pending\CRM_Tracker\unit JsonDatasetConverter;.pas (196):   if AValue is TJSONNumber then[0m
[35md:\Projects\_Pending\CRM_Tracker\unit JsonDatasetConverter;.pas (198):     if TJSONNumber(AValue).AsDouble = Trunc(TJSONNumber(AValue).AsDouble) then[0m
[35md:\Projects\_Pending\CRM_Tracker\unit JsonDatasetConverter;.pas (205):   if AValue is TJSONArray then[0m
[35md:\Projects\_Pending\CRM_Tracker\unit JsonDatasetConverter;.pas (211):   if AValue is TJSONObject then[0m
[35md:\Projects\_Pending\CRM_Tracker\unit JsonDatasetConverter;.pas (218):   if AValue is TJSONString then[0m
[35md:\Projects\_Pending\CRM_Tracker\unit JsonDatasetConverter;.pas (255): procedure TJsonToDatasetConverter.AnalyzeJsonStructure(const AJson: TJSONValue; const APrefix: string);[0m
[35md:\Projects\_Pending\CRM_Tracker\unit JsonDatasetConverter;.pas (257):   JsonObj: TJSONObject;[0m
[35md:\Projects\_Pending\CRM_Tracker\unit JsonDatasetConverter;.pas (258):   JsonArray: TJSONArray;[0m
[35md:\Projects\_Pending\CRM_Tracker\unit JsonDatasetConverter;.pas (259):   Pair: TJSONPair;[0m
[35md:\Projects\_Pending\CRM_Tracker\unit JsonDatasetConverter;.pas (266):   if AJson is TJSONObject then[0m
[35md:\Projects\_Pending\CRM_Tracker\unit JsonDatasetConverter;.pas (268):     JsonObj := TJSONObject(AJson);[0m
[35md:\Projects\_Pending\CRM_Tracker\unit JsonDatasetConverter;.pas (269):     for Pair in JsonObj do[0m
[35md:\Projects\_Pending\CRM_Tracker\unit JsonDatasetConverter;.pas (271):       FieldName := SanitizeFieldName(APrefix + Pair.JsonString.Value);[0m
[35md:\Projects\_Pending\CRM_Tracker\unit JsonDatasetConverter;.pas (275):       FieldInfo.FieldType := DetectFieldType(Pair.JsonValue, MaxLen);[0m
[35md:\Projects\_Pending\CRM_Tracker\unit JsonDatasetConverter;.pas (302):       if Pair.JsonValue is TJSONObject then[0m
[35md:\Projects\_Pending\CRM_Tracker\unit JsonDatasetConverter;.pas (303):         AnalyzeJsonStructure(Pair.JsonValue, APrefix + Pair.JsonString.Value + '_')[0m
[35md:\Projects\_Pending\CRM_Tracker\unit JsonDatasetConverter;.pas (304):       else if Pair.JsonValue is TJSONArray then[0m
[35md:\Projects\_Pending\CRM_Tracker\unit JsonDatasetConverter;.pas (306):         JsonArray := TJSONArray(Pair.JsonValue);[0m
[35md:\Projects\_Pending\CRM_Tracker\unit JsonDatasetConverter;.pas (307):         if JsonArray.Count > 0 then[0m
[35md:\Projects\_Pending\CRM_Tracker\unit JsonDatasetConverter;.pas (310):           if JsonArray.Items[0] is TJSONObject then[0m
[35md:\Projects\_Pending\CRM_Tracker\unit JsonDatasetConverter;.pas (311):             AnalyzeJsonStructure(JsonArray.Items[0], APrefix + Pair.JsonString.Value + '_');[0m
[35md:\Projects\_Pending\CRM_Tracker\unit JsonDatasetConverter;.pas (316):   else if AJson is TJSONArray then[0m
[35md:\Projects\_Pending\CRM_Tracker\unit JsonDatasetConverter;.pas (318):     JsonArray := TJSONArray(AJson);[0m
[35md:\Projects\_Pending\CRM_Tracker\unit JsonDatasetConverter;.pas (319):     for i := 0 to JsonArray.Count - 1 do[0m
[35md:\Projects\_Pending\CRM_Tracker\unit JsonDatasetConverter;.pas (321):       AnalyzeJsonStructure(JsonArray.Items[i], APrefix);[0m
[35md:\Projects\_Pending\CRM_Tracker\unit JsonDatasetConverter;.pas (326): procedure TJsonToDatasetConverter.CreateDatasetFields;[0m
[35md:\Projects\_Pending\CRM_Tracker\unit JsonDatasetConverter;.pas (370): function TJsonToDatasetConverter.GetFieldInfo(const AFieldName: string): TFieldInfo;[0m
[35md:\Projects\_Pending\CRM_Tracker\unit JsonDatasetConverter;.pas (390): function TJsonToDatasetConverter.JsonValueToVariant(const AValue: TJSONValue; AFieldType: TJsonFieldType): Variant;[0m
[35md:\Projects\_Pending\CRM_Tracker\unit JsonDatasetConverter;.pas (395):   if AValue is TJSONNull then[0m
[35md:\Projects\_Pending\CRM_Tracker\unit JsonDatasetConverter;.pas (405):       if AValue is TJSONNumber then[0m
[35md:\Projects\_Pending\CRM_Tracker\unit JsonDatasetConverter;.pas (406):         Result := TJSONNumber(AValue).AsInt64[0m
[35md:\Projects\_Pending\CRM_Tracker\unit JsonDatasetConverter;.pas (410):       if AValue is TJSONNumber then[0m
[35md:\Projects\_Pending\CRM_Tracker\unit JsonDatasetConverter;.pas (411):         Result := TJSONNumber(AValue).AsDouble[0m
[35md:\Projects\_Pending\CRM_Tracker\unit JsonDatasetConverter;.pas (415):       if AValue is TJSONBool then[0m
[35md:\Projects\_Pending\CRM_Tracker\unit JsonDatasetConverter;.pas (416):         Result := TJSONBool(AValue).AsBoolean[0m
[35md:\Projects\_Pending\CRM_Tracker\unit JsonDatasetConverter;.pas (428):       Result := AValue.ToJSON;[0m
[35md:\Projects\_Pending\CRM_Tracker\unit JsonDatasetConverter;.pas (436): procedure TJsonToDatasetConverter.SetFieldValue(const ARecord: TClientDataSet; const AFieldName: string; const AValue: Variant);[0m
[35md:\Projects\_Pending\CRM_Tracker\unit JsonDatasetConverter;.pas (457): procedure TJsonToDatasetConverter.ProcessJsonObjectFlattened(const AJsonObj: TJSONObject; const ARecord: TClientDataSet; const APrefix: string);[0m
[35md:\Projects\_Pending\CRM_Tracker\unit JsonDatasetConverter;.pas (459):   Pair: TJSONPair;[0m
[35md:\Projects\_Pending\CRM_Tracker\unit JsonDatasetConverter;.pas (464):   for Pair in AJsonObj do[0m
[35md:\Projects\_Pending\CRM_Tracker\unit JsonDatasetConverter;.pas (466):     FieldName := SanitizeFieldName(APrefix + Pair.JsonString.Value);[0m
[35md:\Projects\_Pending\CRM_Tracker\unit JsonDatasetConverter;.pas (469):     if Pair.JsonValue is TJSONObject then[0m
[35md:\Projects\_Pending\CRM_Tracker\unit JsonDatasetConverter;.pas (472):       ProcessJsonObjectFlattened(TJSONObject(Pair.JsonValue), ARecord, APrefix + Pair.JsonString.Value + '_');[0m
[35md:\Projects\_Pending\CRM_Tracker\unit JsonDatasetConverter;.pas (474):     else if Pair.JsonValue is TJSONArray then[0m
[35md:\Projects\_Pending\CRM_Tracker\unit JsonDatasetConverter;.pas (476):       // Store array as JSON string[0m
[35md:\Projects\_Pending\CRM_Tracker\unit JsonDatasetConverter;.pas (477):       SetFieldValue(ARecord, FieldName, Pair.JsonValue.ToJSON);[0m
[35md:\Projects\_Pending\CRM_Tracker\unit JsonDatasetConverter;.pas (481):       Value := JsonValueToVariant(Pair.JsonValue, FieldInfo.FieldType);[0m
[35md:\Projects\_Pending\CRM_Tracker\unit JsonDatasetConverter;.pas (487): procedure TJsonToDatasetConverter.ProcessJsonObject(const AJsonObj: TJSONObject; const ARecord: TClientDataSet);[0m
[35md:\Projects\_Pending\CRM_Tracker\unit JsonDatasetConverter;.pas (489):   ProcessJsonObjectFlattened(AJsonObj, ARecord, '');[0m
[35md:\Projects\_Pending\CRM_Tracker\unit JsonDatasetConverter;.pas (492): procedure TJsonToDatasetConverter.ProcessJsonArray(const AJsonArray: TJSONArray; const AFieldName: string; const ARecord: TClientDataSet);[0m
[35md:\Projects\_Pending\CRM_Tracker\unit JsonDatasetConverter;.pas (494):   // Store entire array as JSON string[0m
[35md:\Projects\_Pending\CRM_Tracker\unit JsonDatasetConverter;.pas (495):   SetFieldValue(ARecord, AFieldName, AJsonArray.ToJSON);[0m
[35md:\Projects\_Pending\CRM_Tracker\unit JsonDatasetConverter;.pas (498): procedure TJsonToDatasetConverter.PopulateDatasetFromJson(const AJson: TJSONValue);[0m
[35md:\Projects\_Pending\CRM_Tracker\unit JsonDatasetConverter;.pas (500):   JsonObj: TJSONObject;[0m
[35md:\Projects\_Pending\CRM_Tracker\unit JsonDatasetConverter;.pas (501):   JsonArray: TJSONArray;[0m
[35md:\Projects\_Pending\CRM_Tracker\unit JsonDatasetConverter;.pas (504):   if AJson is TJSONObject then[0m
[35md:\Projects\_Pending\CRM_Tracker\unit JsonDatasetConverter;.pas (507):     ProcessJsonObject(TJSONObject(AJson), FDataset);[0m
[35md:\Projects\_Pending\CRM_Tracker\unit JsonDatasetConverter;.pas (510):   else if AJson is TJSONArray then[0m
[35md:\Projects\_Pending\CRM_Tracker\unit JsonDatasetConverter;.pas (512):     JsonArray := TJSONArray(AJson);[0m
[35md:\Projects\_Pending\CRM_Tracker\unit JsonDatasetConverter;.pas (513):     for i := 0 to JsonArray.Count - 1 do[0m
[35md:\Projects\_Pending\CRM_Tracker\unit JsonDatasetConverter;.pas (515):       if JsonArray.Items[i] is TJSONObject then[0m
[35md:\Projects\_Pending\CRM_Tracker\unit JsonDatasetConverter;.pas (518):         ProcessJsonObject(TJSONObject(JsonArray.Items[i]), FDataset);[0m
[35md:\Projects\_Pending\CRM_Tracker\unit JsonDatasetConverter;.pas (525): function TJsonToDatasetConverter.JsonStringToDataset(const AJsonString: string): TClientDataSet;[0m
[35md:\Projects\_Pending\CRM_Tracker\unit JsonDatasetConverter;.pas (527):   JsonValue: TJSONValue;[0m
[35md:\Projects\_Pending\CRM_Tracker\unit JsonDatasetConverter;.pas (533):     JsonValue := TJSONObject.ParseJSONValue(AJsonString);[0m
[35md:\Projects\_Pending\CRM_Tracker\unit JsonDatasetConverter;.pas (534):     if JsonValue = nil then[0m
[35md:\Projects\_Pending\CRM_Tracker\unit JsonDatasetConverter;.pas (535):       raise Exception.Create('Invalid JSON string');[0m
[35md:\Projects\_Pending\CRM_Tracker\unit JsonDatasetConverter;.pas (539):       AnalyzeJsonStructure(JsonValue);[0m
[35md:\Projects\_Pending\CRM_Tracker\unit JsonDatasetConverter;.pas (545):       PopulateDatasetFromJson(JsonValue);[0m
[35md:\Projects\_Pending\CRM_Tracker\unit JsonDatasetConverter;.pas (549):       JsonValue.Free;[0m
[35md:\Projects\_Pending\CRM_Tracker\unit JsonDatasetConverter;.pas (557): function TJsonToDatasetConverter.JsonObjectToDataset(const AJsonObject: TJSONObject): TClientDataSet;[0m
[35md:\Projects\_Pending\CRM_Tracker\unit JsonDatasetConverter;.pas (564):     AnalyzeJsonStructure(AJsonObject);[0m
[35md:\Projects\_Pending\CRM_Tracker\unit JsonDatasetConverter;.pas (570):     PopulateDatasetFromJson(AJsonObject);[0m
[35md:\Projects\_Pending\CRM_Tracker\unit JsonDatasetConverter;.pas (579): function TJsonToDatasetConverter.JsonArrayToDataset(const AJsonArray: TJSONArray): TClientDataSet;[0m
[35md:\Projects\_Pending\CRM_Tracker\unit JsonDatasetConverter;.pas (586):     AnalyzeJsonStructure(AJsonArray);[0m
[35md:\Projects\_Pending\CRM_Tracker\unit JsonDatasetConverter;.pas (592):     PopulateDatasetFromJson(AJsonArray);[0m
[35md:\Projects\_Pending\CRM_Tracker\unit JsonDatasetConverter;.pas (601): procedure TJsonToDatasetConverter.AddDateTimeFormat(const AFormat: string);[0m
[35md:\Projects\_Pending\CRM_Tracker\unit JsonDatasetConverter;.pas (607): procedure TJsonToDatasetConverter.ClearDateTimeFormats;[0m
[32mFOUND: d:\Projects\_Pending\CRM_Tracker\Common\BsonBuilder.pas[0m
[35md:\Projects\_Pending\CRM_Tracker\Common\BsonBuilder.pas (6):   System.SysUtils, System.Classes, System.JSON,[0m
[32mFOUND: d:\Projects\_Pending\CRM_Tracker\Common\JSONConfig.pas[0m
[35md:\Projects\_Pending\CRM_Tracker\Common\JSONConfig.pas (1): unit JSONConfig;[0m
[35md:\Projects\_Pending\CRM_Tracker\Common\JSONConfig.pas (9):   System.JSON, System.Generics.Collections;[0m
[35md:\Projects\_Pending\CRM_Tracker\Common\JSONConfig.pas (12):   TJSONConfig = class[0m
[35md:\Projects\_Pending\CRM_Tracker\Common\JSONConfig.pas (15):     fJSONObject: TJSONObject;[0m
[35md:\Projects\_Pending\CRM_Tracker\Common\JSONConfig.pas (18):     function GetJsonValue(const aKey: string): TJsonValue;[0m
[35md:\Projects\_Pending\CRM_Tracker\Common\JSONConfig.pas (42):     procedure SetJSONArray(const aKey: string; aValue: TJSONArray);[0m
[35md:\Projects\_Pending\CRM_Tracker\Common\JSONConfig.pas (51):     function GetJSONArray(const aKey: string): TJSONArray;[0m
[35md:\Projects\_Pending\CRM_Tracker\Common\JSONConfig.pas (59): { TJSONConfig }[0m
[35md:\Projects\_Pending\CRM_Tracker\Common\JSONConfig.pas (61): constructor TJSONConfig.Create;[0m
[35md:\Projects\_Pending\CRM_Tracker\Common\JSONConfig.pas (64):   fJSONObject := TJSONObject.Create;[0m
[35md:\Projects\_Pending\CRM_Tracker\Common\JSONConfig.pas (68): destructor TJSONConfig.Destroy;[0m
[35md:\Projects\_Pending\CRM_Tracker\Common\JSONConfig.pas (70):   fJSONObject.Free;[0m
[35md:\Projects\_Pending\CRM_Tracker\Common\JSONConfig.pas (74): procedure TJSONConfig.Clear;[0m
[35md:\Projects\_Pending\CRM_Tracker\Common\JSONConfig.pas (76):   fJSONObject.Free;[0m
[35md:\Projects\_Pending\CRM_Tracker\Common\JSONConfig.pas (77):   fJSONObject := TJSONObject.Create;[0m
[35md:\Projects\_Pending\CRM_Tracker\Common\JSONConfig.pas (80): function TJSONConfig.GetJsonValue(const aKey: string): TJsonValue;[0m
[35md:\Projects\_Pending\CRM_Tracker\Common\JSONConfig.pas (82):   Result := fJSONObject.GetValue(aKey);[0m
[35md:\Projects\_Pending\CRM_Tracker\Common\JSONConfig.pas (85): function TJSONConfig.LoadFromFile(const aFilePath: string): Boolean;[0m
[35md:\Projects\_Pending\CRM_Tracker\Common\JSONConfig.pas (87):   jsonString: string;[0m
[35md:\Projects\_Pending\CRM_Tracker\Common\JSONConfig.pas (88):   jsonValue: TJsonValue;[0m
[35md:\Projects\_Pending\CRM_Tracker\Common\JSONConfig.pas (94):     raise Exception.CreateFmt('TJSONConfig.LoadFromFile:Configuration file not found: %s',[aFilePath]);[0m
[35md:\Projects\_Pending\CRM_Tracker\Common\JSONConfig.pas (97):     jsonString := TFile.ReadAllText(aFilePath);[0m
[35md:\Projects\_Pending\CRM_Tracker\Common\JSONConfig.pas (98):     jsonValue := TJSONObject.ParseJsonValue(jsonString);[0m
[35md:\Projects\_Pending\CRM_Tracker\Common\JSONConfig.pas (100):       if Assigned(jsonValue) and (jsonValue is TJSONObject) then[0m
[35md:\Projects\_Pending\CRM_Tracker\Common\JSONConfig.pas (102):         fJSONObject.Free; // Free existing object[0m
[35md:\Projects\_Pending\CRM_Tracker\Common\JSONConfig.pas (103):         fJSONObject := jsonValue as TJSONObject; // Assign new object[0m
[35md:\Projects\_Pending\CRM_Tracker\Common\JSONConfig.pas (108):         jsonValue.Free; // Free the non-object JSON value[0m
[35md:\Projects\_Pending\CRM_Tracker\Common\JSONConfig.pas (109):         raise Exception.CreateFmt('TJSONConfig.LoadFromFile: Invalid JSON structure in file: %s',[aFilePath]);[0m
[35md:\Projects\_Pending\CRM_Tracker\Common\JSONConfig.pas (114):         // Ensure jsonValue is freed if an error occurs during parsing or type checking[0m
[35md:\Projects\_Pending\CRM_Tracker\Common\JSONConfig.pas (115):         if Assigned(jsonValue) then jsonValue.Free;[0m
[35md:\Projects\_Pending\CRM_Tracker\Common\JSONConfig.pas (116):         raise Exception.CreateFmt('TJSONConfig.LoadFromFile: Error parsing JSON from file: %s',[aFilePath]);[0m
[35md:\Projects\_Pending\CRM_Tracker\Common\JSONConfig.pas (122):       raise Exception.CreateFmt('TJSONConfig.LoadFromFile: Error reading config file: %s',[aFilePath]);[0m
[35md:\Projects\_Pending\CRM_Tracker\Common\JSONConfig.pas (127): function TJSONConfig.SaveToFile(const aFilePath: string): Boolean;[0m
[35md:\Projects\_Pending\CRM_Tracker\Common\JSONConfig.pas (133):     TFile.WriteAllText(aFilePath, fJSONObject.ToJSON);[0m
[35md:\Projects\_Pending\CRM_Tracker\Common\JSONConfig.pas (138):       raise Exception.CreateFmt('TJSONConfig.SaveToFile: Error saving config file to: %s',[aFilePath]);[0m
[35md:\Projects\_Pending\CRM_Tracker\Common\JSONConfig.pas (143): function TJSONConfig.HasKey(const aKey: string): Boolean;[0m
[35md:\Projects\_Pending\CRM_Tracker\Common\JSONConfig.pas (145):   Result := GetJsonValue(aKey) <> nil;[0m
[35md:\Projects\_Pending\CRM_Tracker\Common\JSONConfig.pas (148): procedure TJSONConfig.DeleteKey(const aKey: string);[0m
[35md:\Projects\_Pending\CRM_Tracker\Common\JSONConfig.pas (150):   value: TJsonValue;[0m
[35md:\Projects\_Pending\CRM_Tracker\Common\JSONConfig.pas (152):   value := GetJsonValue(aKey);[0m
[35md:\Projects\_Pending\CRM_Tracker\Common\JSONConfig.pas (153):   if Assigned(value) then fJSONObject.RemovePair(aKey);[0m
[35md:\Projects\_Pending\CRM_Tracker\Common\JSONConfig.pas (156): procedure TJSONConfig.SetString(const aKey, aValue: string);[0m
[35md:\Projects\_Pending\CRM_Tracker\Common\JSONConfig.pas (158):   fJSONObject.AddPair(aKey, aValue);[0m
[35md:\Projects\_Pending\CRM_Tracker\Common\JSONConfig.pas (161): procedure TJSONConfig.SetInteger(const aKey: string; aValue: Integer);[0m
[35md:\Projects\_Pending\CRM_Tracker\Common\JSONConfig.pas (163):   fJSONObject.AddPair(aKey, TJSONNumber.Create(aValue));[0m
[35md:\Projects\_Pending\CRM_Tracker\Common\JSONConfig.pas (166): procedure TJSONConfig.SetFloat(const aKey: string; aValue: Double);[0m
[35md:\Projects\_Pending\CRM_Tracker\Common\JSONConfig.pas (168):   fJSONObject.AddPair(aKey, TJSONNumber.Create(aValue));[0m
[35md:\Projects\_Pending\CRM_Tracker\Common\JSONConfig.pas (171): procedure TJSONConfig.SetBoolean(const aKey: string; aValue: Boolean);[0m
[35md:\Projects\_Pending\CRM_Tracker\Common\JSONConfig.pas (173):   fJSONObject.AddPair(aKey, TJSONBool.Create(aValue));[0m
[35md:\Projects\_Pending\CRM_Tracker\Common\JSONConfig.pas (176): procedure TJSONConfig.SetDateTime(const aKey: string; aValue: TDateTime);[0m
[35md:\Projects\_Pending\CRM_Tracker\Common\JSONConfig.pas (180):   fJSONObject.AddPair(aKey, DateToISO8601(aValue));[0m
[35md:\Projects\_Pending\CRM_Tracker\Common\JSONConfig.pas (183): procedure TJSONConfig.SetTime(const aKey: string; aValue: TTime);[0m
[35md:\Projects\_Pending\CRM_Tracker\Common\JSONConfig.pas (185):   fJSONObject.AddPair(aKey, FormatDateTime('hh:nn', aValue));[0m
[35md:\Projects\_Pending\CRM_Tracker\Common\JSONConfig.pas (188): procedure TJSONConfig.SetJSONArray(const aKey: string; aValue: TJSONArray);[0m
[35md:\Projects\_Pending\CRM_Tracker\Common\JSONConfig.pas (192):   fJSONObject.AddPair(aKey, TJSONArray(aValue.Clone));[0m
[35md:\Projects\_Pending\CRM_Tracker\Common\JSONConfig.pas (195): function TJSONConfig.GetString(const aKey: string; const aDefault: string): string;[0m
[35md:\Projects\_Pending\CRM_Tracker\Common\JSONConfig.pas (197):   jsonValue: TJsonValue;[0m
[35md:\Projects\_Pending\CRM_Tracker\Common\JSONConfig.pas (199):   jsonValue := GetJsonValue(aKey);[0m
[35md:\Projects\_Pending\CRM_Tracker\Common\JSONConfig.pas (200):   if Assigned(jsonValue) and (jsonValue is TJSONString) then[0m
[35md:\Projects\_Pending\CRM_Tracker\Common\JSONConfig.pas (201):     Result := TJSONString(jsonValue).Value[0m
[35md:\Projects\_Pending\CRM_Tracker\Common\JSONConfig.pas (206): function TJSONConfig.GetInteger(const aKey: string; const aDefault: Integer): Integer;[0m
[35md:\Projects\_Pending\CRM_Tracker\Common\JSONConfig.pas (208):   jsonValue: TJsonValue;[0m
[35md:\Projects\_Pending\CRM_Tracker\Common\JSONConfig.pas (211):   jsonValue := GetJsonValue(aKey);[0m
[35md:\Projects\_Pending\CRM_Tracker\Common\JSONConfig.pas (212):   if Assigned(jsonValue) then[0m
[35md:\Projects\_Pending\CRM_Tracker\Common\JSONConfig.pas (214):     if (jsonValue is TJSONNumber) then[0m
[35md:\Projects\_Pending\CRM_Tracker\Common\JSONConfig.pas (217):         Result := TJSONNumber(jsonValue).AsInt;[0m
[35md:\Projects\_Pending\CRM_Tracker\Common\JSONConfig.pas (221):           raise Exception.CreateFmt('TJSONConfig.GetInteger: Error converting JSON number to Integer for Key: %s', [aKey]);[0m
[35md:\Projects\_Pending\CRM_Tracker\Common\JSONConfig.pas (227):       raise Exception.CreateFmt('TJSONConfig.GetInteger: Value for Key "%s" is not a JSON Number.', [aKey]);[0m
[35md:\Projects\_Pending\CRM_Tracker\Common\JSONConfig.pas (232): function TJSONConfig.GetFloat(const aKey: string; const aDefault: Double): Double;[0m
[35md:\Projects\_Pending\CRM_Tracker\Common\JSONConfig.pas (234):   jsonValue: TJsonValue;[0m
[35md:\Projects\_Pending\CRM_Tracker\Common\JSONConfig.pas (237):   jsonValue := GetJsonValue(aKey);[0m
[35md:\Projects\_Pending\CRM_Tracker\Common\JSONConfig.pas (238):   if Assigned(jsonValue) then[0m
[35md:\Projects\_Pending\CRM_Tracker\Common\JSONConfig.pas (240):     if (jsonValue is TJSONNumber) then[0m
[35md:\Projects\_Pending\CRM_Tracker\Common\JSONConfig.pas (243):         Result := TJSONNumber(jsonValue).AsDouble;[0m
[35md:\Projects\_Pending\CRM_Tracker\Common\JSONConfig.pas (247):           raise Exception.CreateFmt('TJSONConfig.GetFloat: Error converting JSON number to Float for Key: %s', [aKey]);[0m
[35md:\Projects\_Pending\CRM_Tracker\Common\JSONConfig.pas (253):       raise Exception.CreateFmt('TJSONConfig.GetFloat: Value for Key "%s" is not a JSON Number.', [aKey]);[0m
[35md:\Projects\_Pending\CRM_Tracker\Common\JSONConfig.pas (258): function TJSONConfig.GetBoolean(const aKey: string; const aDefault: Boolean): Boolean;[0m
[35md:\Projects\_Pending\CRM_Tracker\Common\JSONConfig.pas (260):   jsonValue: TJsonValue;[0m
[35md:\Projects\_Pending\CRM_Tracker\Common\JSONConfig.pas (262):   jsonValue := GetJsonValue(aKey);[0m
[35md:\Projects\_Pending\CRM_Tracker\Common\JSONConfig.pas (263):   if Assigned(jsonValue) and (jsonValue is TJSONBool) then[0m
[35md:\Projects\_Pending\CRM_Tracker\Common\JSONConfig.pas (264):     Result := TJSONBool(jsonValue).AsBoolean[0m
[35md:\Projects\_Pending\CRM_Tracker\Common\JSONConfig.pas (269): function TJSONConfig.GetDateTime(const aKey: string; const aDefault: TDateTime): TDateTime;[0m
[35md:\Projects\_Pending\CRM_Tracker\Common\JSONConfig.pas (271):   jsonValue: TJsonValue;[0m
[35md:\Projects\_Pending\CRM_Tracker\Common\JSONConfig.pas (275):   jsonValue := GetJsonValue(aKey);[0m
[35md:\Projects\_Pending\CRM_Tracker\Common\JSONConfig.pas (276):   if Assigned(jsonValue) then[0m
[35md:\Projects\_Pending\CRM_Tracker\Common\JSONConfig.pas (278):     if (jsonValue is TJSONString) then[0m
[35md:\Projects\_Pending\CRM_Tracker\Common\JSONConfig.pas (280):       datetimeStr := TJSONString(jsonValue).Value;[0m
[35md:\Projects\_Pending\CRM_Tracker\Common\JSONConfig.pas (287):           raise Exception.CreateFmt('TJSONConfig.GetDateTime: Error parsing DateTime string for key %s', [aKey]);[0m
[35md:\Projects\_Pending\CRM_Tracker\Common\JSONConfig.pas (293):       raise Exception.CreateFmt('TJSONConfig.GetDateTime: Value for Key "%s" is not a JSON String.', [aKey]);[0m
[35md:\Projects\_Pending\CRM_Tracker\Common\JSONConfig.pas (298): function TJSONConfig.GetTime(const aKey: string; const aDefault: TTime): TTime;[0m
[35md:\Projects\_Pending\CRM_Tracker\Common\JSONConfig.pas (300):   jsonValue: TJsonValue;[0m
[35md:\Projects\_Pending\CRM_Tracker\Common\JSONConfig.pas (304):   jsonValue := GetJsonValue(aKey);[0m
[35md:\Projects\_Pending\CRM_Tracker\Common\JSONConfig.pas (305):   if Assigned(jsonValue) then[0m
[35md:\Projects\_Pending\CRM_Tracker\Common\JSONConfig.pas (307):     if (jsonValue is TJSONString) then[0m
[35md:\Projects\_Pending\CRM_Tracker\Common\JSONConfig.pas (309):       timeStr := TJSONString(jsonValue).Value;[0m
[35md:\Projects\_Pending\CRM_Tracker\Common\JSONConfig.pas (315):           raise Exception.CreateFmt('TJSONConfig.GetTime: Error parsing Time string for key %s', [aKey]);[0m
[35md:\Projects\_Pending\CRM_Tracker\Common\JSONConfig.pas (321):       raise Exception.CreateFmt('TJSONConfig.GetTime: Value for Key "%s" is not a JSON String.', [aKey]);[0m
[35md:\Projects\_Pending\CRM_Tracker\Common\JSONConfig.pas (326): function TJSONConfig.GetJSONArray(const aKey: string): TJSONArray;[0m
[35md:\Projects\_Pending\CRM_Tracker\Common\JSONConfig.pas (328):   jsonValue: TJsonValue;[0m
[35md:\Projects\_Pending\CRM_Tracker\Common\JSONConfig.pas (331):   jsonValue := GetJsonValue(aKey);[0m
[35md:\Projects\_Pending\CRM_Tracker\Common\JSONConfig.pas (332):   if Assigned(jsonValue) and (jsonValue is TJSONArray) then[0m
[35md:\Projects\_Pending\CRM_Tracker\Common\JSONConfig.pas (334):     Result := TJSONArray(jsonValue.Clone)[0m
[35md:\Projects\_Pending\CRM_Tracker\Common\JSONConfig.pas (338): function TJSONConfig.GetValue: string;[0m
[35md:\Projects\_Pending\CRM_Tracker\Common\JSONConfig.pas (340):   Result := fJSONObject.ToJSON;[0m
[35md:\Projects\_Pending\CRM_Tracker\Common\JSONConfig.pas (343): procedure TJSONConfig.SetValue(const aValue: string);[0m
[35md:\Projects\_Pending\CRM_Tracker\Common\JSONConfig.pas (345):   newJSONObject: TJSONObject;[0m
[35md:\Projects\_Pending\CRM_Tracker\Common\JSONConfig.pas (346):   jsonValue: TJsonValue;[0m
[35md:\Projects\_Pending\CRM_Tracker\Common\JSONConfig.pas (348):   jsonValue := nil; // Initialize to nil[0m
[35md:\Projects\_Pending\CRM_Tracker\Common\JSONConfig.pas (350):     jsonValue := TJSONObject.ParseJsonValue(aValue); // Parse the input string[0m
[35md:\Projects\_Pending\CRM_Tracker\Common\JSONConfig.pas (351):     if Assigned(jsonValue) and (jsonValue is TJSONObject) then[0m
[35md:\Projects\_Pending\CRM_Tracker\Common\JSONConfig.pas (353):       newJSONObject := jsonValue as TJSONObject; // Cast to TJSONObject[0m
[35md:\Projects\_Pending\CRM_Tracker\Common\JSONConfig.pas (354):       fJSONObject.Free; // Free the old object to prevent memory leaks[0m
[35md:\Projects\_Pending\CRM_Tracker\Common\JSONConfig.pas (355):       fJSONObject := newJSONObject; // Assign the new object[0m
[35md:\Projects\_Pending\CRM_Tracker\Common\JSONConfig.pas (359):       // If parsing fails or the root is not a JSON object, raise an exception[0m
[35md:\Projects\_Pending\CRM_Tracker\Common\JSONConfig.pas (360):       raise Exception.Create('TJSONConfig.SetValue: Invalid JSON format or not a JSON Object.');[0m
[35md:\Projects\_Pending\CRM_Tracker\Common\JSONConfig.pas (363):     // Ensure JSONValue is freed only if it's not the one assigned to fJSONObject[0m
[35md:\Projects\_Pending\CRM_Tracker\Common\JSONConfig.pas (364):     if Assigned(jsonValue) and (jsonValue <> fJSONObject) then jsonValue.Free;[0m
[32mFOUND: d:\Projects\_Pending\CRM_Tracker\Common\JsonUtils.pas[0m
[35md:\Projects\_Pending\CRM_Tracker\Common\JsonUtils.pas (1): unit JsonUtils;[0m
[35md:\Projects\_Pending\CRM_Tracker\Common\JsonUtils.pas (8):   function EscapeJsonString(const Value: string): string;[0m
[35md:\Projects\_Pending\CRM_Tracker\Common\JsonUtils.pas (9):   function UnEscapeJsonString(const json: string): string;[0m
[35md:\Projects\_Pending\CRM_Tracker\Common\JsonUtils.pas (10):   function JsonPrettyPrint(const aJson: string): string;[0m
[35md:\Projects\_Pending\CRM_Tracker\Common\JsonUtils.pas (15):   System.JSON;[0m
[35md:\Projects\_Pending\CRM_Tracker\Common\JsonUtils.pas (17): function EscapeJsonString(const Value: string): string;[0m
[35md:\Projects\_Pending\CRM_Tracker\Common\JsonUtils.pas (45): function UnEscapeJsonString(const json: string): string;[0m
[35md:\Projects\_Pending\CRM_Tracker\Common\JsonUtils.pas (54):   len := Length(json);[0m
[35md:\Projects\_Pending\CRM_Tracker\Common\JsonUtils.pas (56):   // 1. Strip the enclosing quotes that EscapeJsonString adds[0m
[35md:\Projects\_Pending\CRM_Tracker\Common\JsonUtils.pas (57):   if (len >= 2) and (json[1] = '"') and (json[len] = '"') then[0m
[35md:\Projects\_Pending\CRM_Tracker\Common\JsonUtils.pas (66):     ch := json[i];[0m
[35md:\Projects\_Pending\CRM_Tracker\Common\JsonUtils.pas (75):       case json[i] of[0m
[35md:\Projects\_Pending\CRM_Tracker\Common\JsonUtils.pas (89):               hexStr := Copy(json, i + 1, 4);[0m
[35md:\Projects\_Pending\CRM_Tracker\Common\JsonUtils.pas (105):         // The character after '\' is not a valid JSON escape char (e.g., "\z").[0m
[35md:\Projects\_Pending\CRM_Tracker\Common\JsonUtils.pas (107):         Result := Result + '\' + json[i];[0m
[35md:\Projects\_Pending\CRM_Tracker\Common\JsonUtils.pas (121): function JsonPrettyPrint(const aJson: string): string;[0m
[35md:\Projects\_Pending\CRM_Tracker\Common\JsonUtils.pas (123):   jsonValue: TJSONValue;[0m
[35md:\Projects\_Pending\CRM_Tracker\Common\JsonUtils.pas (126):   if aJson.IsEmpty then[0m
[35md:\Projects\_Pending\CRM_Tracker\Common\JsonUtils.pas (134):   Result := aJson;[0m
[35md:\Projects\_Pending\CRM_Tracker\Common\JsonUtils.pas (137):     // Attempt to parse the JSON string into a TJSONValue object.[0m
[35md:\Projects\_Pending\CRM_Tracker\Common\JsonUtils.pas (138):     // TJSONObject.ParseJSONValue can handle both JSON objects ({...}) and[0m
[35md:\Projects\_Pending\CRM_Tracker\Common\JsonUtils.pas (139):     // JSON arrays ([...]) as the root element.[0m
[35md:\Projects\_Pending\CRM_Tracker\Common\JsonUtils.pas (140):     jsonValue := TJSONObject.ParseJSONValue(aJson);[0m
[35md:\Projects\_Pending\CRM_Tracker\Common\JsonUtils.pas (143):     if Assigned(jsonValue) then[0m
[35md:\Projects\_Pending\CRM_Tracker\Common\JsonUtils.pas (146):         // Format the JSON object into a string with an indentation of 2 spaces.[0m
[35md:\Projects\_Pending\CRM_Tracker\Common\JsonUtils.pas (148):         Result := jsonValue.Format(2);[0m
[35md:\Projects\_Pending\CRM_Tracker\Common\JsonUtils.pas (150):         jsonValue.Free;[0m
[35md:\Projects\_Pending\CRM_Tracker\Common\JsonUtils.pas (156):       raise Exception.CreateFmt('JsonPrettyPrint failed: %s',[e.Message]);[0m
[32mFOUND: d:\Projects\_Pending\CRM_Tracker\Common\MongoCLib.pas[0m
[35md:\Projects\_Pending\CRM_Tracker\Common\MongoCLib.pas (79): function bson_as_json(bson: Pbson_t; length: PCardinal = nil): PAnsiChar; cdecl; external LIBBSON;[0m
[35md:\Projects\_Pending\CRM_Tracker\Common\MongoCLib.pas (80): function bson_as_canonical_extended_json(bson: Pbson_t; length: PCardinal = nil): PAnsiChar; cdecl; external LIBBSON;[0m
[35md:\Projects\_Pending\CRM_Tracker\Common\MongoCLib.pas (81): function bson_new_from_json(data: PByte; length: integer; error: Pbson_error_t): Pbson_t; cdecl; external LIBBSON;[0m
[32mFOUND: d:\Projects\_Pending\CRM_Tracker\Common\MongoDBWrapper.pas[0m
[35md:\Projects\_Pending\CRM_Tracker\Common\MongoDBWrapper.pas (6):   System.SysUtils, System.Classes, System.JSON,[0m
[35md:\Projects\_Pending\CRM_Tracker\Common\MongoDBWrapper.pas (10):   JsonUtils;[0m
[35md:\Projects\_Pending\CRM_Tracker\Common\MongoDBWrapper.pas (15):     JSONArray: TJSONArray;[0m
[35md:\Projects\_Pending\CRM_Tracker\Common\MongoDBWrapper.pas (31):     function BsonFromJson(const aJson: string; out oBson: Pbson_t): boolean;[0m
[35md:\Projects\_Pending\CRM_Tracker\Common\MongoDBWrapper.pas (50):     function CreateCollection(Database: Pmongoc_database_t; const aName: string; const aOptionsJson: string): Pmongoc_collection_t; overload;[0m
[35md:\Projects\_Pending\CRM_Tracker\Common\MongoDBWrapper.pas (56):     function CreateIndex(aCollection: Pmongoc_collection_t; const aKeysJson: string; const aOptionsJson: string = ''): boolean; overload;[0m
[35md:\Projects\_Pending\CRM_Tracker\Common\MongoDBWrapper.pas (62):     function InsertOne(aCollection: Pmongoc_collection_t; const aJsonString: string): boolean; overload;[0m
[35md:\Projects\_Pending\CRM_Tracker\Common\MongoDBWrapper.pas (65):     function DeleteOne(aCollection: Pmongoc_collection_t; const JsonFilter: string): boolean; overload;[0m
[35md:\Projects\_Pending\CRM_Tracker\Common\MongoDBWrapper.pas (68):     function UpdateOne(aCollection: Pmongoc_collection_t; const aFilterJson, aUpdateJson: string): boolean; overload;[0m
[35md:\Projects\_Pending\CRM_Tracker\Common\MongoDBWrapper.pas (71):     function ReplaceOne(aCollection: Pmongoc_collection_t; const aFilterJson, aReplacementJson: string): boolean; overload;[0m
[35md:\Projects\_Pending\CRM_Tracker\Common\MongoDBWrapper.pas (75):     function DeleteMany(aCollection: Pmongoc_collection_t; const aJsonFilter: string): boolean; overload;[0m
[35md:\Projects\_Pending\CRM_Tracker\Common\MongoDBWrapper.pas (78):     function InsertManyFromJson(aCollection: Pmongoc_collection_t; const aJsonArray: string): TMongoOperationResult;[0m
[35md:\Projects\_Pending\CRM_Tracker\Common\MongoDBWrapper.pas (81):     function Find(aCollection: Pmongoc_collection_t; const aFilter, aProjection: Pbson_t): TJSONArray; overload;[0m
[35md:\Projects\_Pending\CRM_Tracker\Common\MongoDBWrapper.pas (82):     function Find(aCollection: Pmongoc_collection_t; aJsonFilter: string; aJsonProjection: string = ''): TJSONArray; overload;[0m
[35md:\Projects\_Pending\CRM_Tracker\Common\MongoDBWrapper.pas (83):     function Find(aJsonFilter, aJsonProjection: string): TMongoOperationResult; overload;[0m
[35md:\Projects\_Pending\CRM_Tracker\Common\MongoDBWrapper.pas (88):     function RunCommand(const aDatabase, aCommandJson: string): string; overload;[0m
[35md:\Projects\_Pending\CRM_Tracker\Common\MongoDBWrapper.pas (150): function TMongoDB.BsonFromJson(const aJson: string; out oBson: Pbson_t): boolean;[0m
[35md:\Projects\_Pending\CRM_Tracker\Common\MongoDBWrapper.pas (154):   oBson := bson_new_from_json(PByte(PAnsiChar(AnsiString(aJson))), Length(aJson), @Error);[0m
[35md:\Projects\_Pending\CRM_Tracker\Common\MongoDBWrapper.pas (157):     raise Exception.CreateFmt('BsonFromJson failed: %s',[Error.message]);[0m
[35md:\Projects\_Pending\CRM_Tracker\Common\MongoDBWrapper.pas (236): function TMongoDB.CreateCollection(Database: Pmongoc_database_t; const aName: string; const aOptionsJson: string): Pmongoc_collection_t;[0m
[35md:\Projects\_Pending\CRM_Tracker\Common\MongoDBWrapper.pas (242):   if aOptionsJson.IsEmpty then[0m
[35md:\Projects\_Pending\CRM_Tracker\Common\MongoDBWrapper.pas (248):   // Otherwise, parse the JSON and proceed[0m
[35md:\Projects\_Pending\CRM_Tracker\Common\MongoDBWrapper.pas (249):   if not BsonFromJson(aOptionsJson, Options) then[0m
[35md:\Projects\_Pending\CRM_Tracker\Common\MongoDBWrapper.pas (317): function TMongoDB.CreateIndex(aCollection: Pmongoc_collection_t; const aKeysJson: string; const aOptionsJson: string): boolean;[0m
[35md:\Projects\_Pending\CRM_Tracker\Common\MongoDBWrapper.pas (325):   if not BsonFromJson(aKeysJson, Keys) then[0m
[35md:\Projects\_Pending\CRM_Tracker\Common\MongoDBWrapper.pas (328):   // Only create the options BSON if the JSON string is provided[0m
[35md:\Projects\_Pending\CRM_Tracker\Common\MongoDBWrapper.pas (329):   if not aOptionsJson.IsEmpty then[0m
[35md:\Projects\_Pending\CRM_Tracker\Common\MongoDBWrapper.pas (331):     if not BsonFromJson(aOptionsJson, Options) then[0m
[35md:\Projects\_Pending\CRM_Tracker\Common\MongoDBWrapper.pas (367): function TMongoDB.InsertOne(aCollection: Pmongoc_collection_t; const aJsonString: string): boolean;[0m
[35md:\Projects\_Pending\CRM_Tracker\Common\MongoDBWrapper.pas (371):   if not BsonFromJson(aJsonString, Doc) then[0m
[35md:\Projects\_Pending\CRM_Tracker\Common\MongoDBWrapper.pas (395): function TMongoDB.InsertManyFromJson(aCollection: Pmongoc_collection_t; const aJsonArray: string): TMongoOperationResult;[0m
[35md:\Projects\_Pending\CRM_Tracker\Common\MongoDBWrapper.pas (397):   jsonArr: TJSONArray;[0m
[35md:\Projects\_Pending\CRM_Tracker\Common\MongoDBWrapper.pas (405):     jsonArr := TJSONObject.ParseJSONValue(aJsonArray) as TJSONArray;[0m
[35md:\Projects\_Pending\CRM_Tracker\Common\MongoDBWrapper.pas (407):       SetLength(bsonList, jsonArr.Count);[0m
[35md:\Projects\_Pending\CRM_Tracker\Common\MongoDBWrapper.pas (408):       for i := 0 to jsonArr.Count - 1 do[0m
[35md:\Projects\_Pending\CRM_Tracker\Common\MongoDBWrapper.pas (410):         docStr := jsonArr.Items[i].ToJSON;[0m
[35md:\Projects\_Pending\CRM_Tracker\Common\MongoDBWrapper.pas (411):         doc := bson_new_from_json(PByte(PAnsiChar(AnsiString(docStr))), Length(docStr), @bsonError);[0m
[35md:\Projects\_Pending\CRM_Tracker\Common\MongoDBWrapper.pas (414):           Result.JSONArray := nil;[0m
[35md:\Projects\_Pending\CRM_Tracker\Common\MongoDBWrapper.pas (425):         Result.JSONArray := jsonArr;[0m
[35md:\Projects\_Pending\CRM_Tracker\Common\MongoDBWrapper.pas (426):         Result.Text := UnEscapeJsonString( Result.JSONArray.Format(4) );[0m
[35md:\Projects\_Pending\CRM_Tracker\Common\MongoDBWrapper.pas (427):         Result.Count := Result.JSONArray.Count;[0m
[35md:\Projects\_Pending\CRM_Tracker\Common\MongoDBWrapper.pas (431):         raise Exception.CreateFmt('InsertManyFromJson failed: %s', [bsonError.message]);[0m
[35md:\Projects\_Pending\CRM_Tracker\Common\MongoDBWrapper.pas (439):       jsonArr.Free;[0m
[35md:\Projects\_Pending\CRM_Tracker\Common\MongoDBWrapper.pas (443):       raise Exception.CreateFmt('InsertManyFromJson failed: %s', [bsonError.message]);[0m
[35md:\Projects\_Pending\CRM_Tracker\Common\MongoDBWrapper.pas (456): function TMongoDB.DeleteOne(aCollection: Pmongoc_collection_t; const JsonFilter: string): boolean;[0m
[35md:\Projects\_Pending\CRM_Tracker\Common\MongoDBWrapper.pas (460):   if not BsonFromJson(JsonFilter, Filter) then[0m
[35md:\Projects\_Pending\CRM_Tracker\Common\MongoDBWrapper.pas (479): function TMongoDB.DeleteMany(aCollection: Pmongoc_collection_t; const aJsonFilter: string): boolean;[0m
[35md:\Projects\_Pending\CRM_Tracker\Common\MongoDBWrapper.pas (483):   if not BsonFromJson(aJsonFilter, Filter) then[0m
[35md:\Projects\_Pending\CRM_Tracker\Common\MongoDBWrapper.pas (501): function TMongoDB.UpdateOne(aCollection: Pmongoc_collection_t; const aFilterJson, aUpdateJson: string): boolean;[0m
[35md:\Projects\_Pending\CRM_Tracker\Common\MongoDBWrapper.pas (505):   if not BsonFromJson(aFilterJson, Filter) then Exit(False);[0m
[35md:\Projects\_Pending\CRM_Tracker\Common\MongoDBWrapper.pas (506):   if not BsonFromJson(aUpdateJson, Update) then Exit(False);[0m
[35md:\Projects\_Pending\CRM_Tracker\Common\MongoDBWrapper.pas (525): function TMongoDB.ReplaceOne(aCollection: Pmongoc_collection_t; const aFilterJson, aReplacementJson: string): boolean;[0m
[35md:\Projects\_Pending\CRM_Tracker\Common\MongoDBWrapper.pas (529):   if not BsonFromJson(aFilterJson, Filter) then Exit(False);[0m
[35md:\Projects\_Pending\CRM_Tracker\Common\MongoDBWrapper.pas (530):   if not BsonFromJson(aReplacementJson, Replacement) then Exit(False);[0m
[35md:\Projects\_Pending\CRM_Tracker\Common\MongoDBWrapper.pas (541): function TMongoDB.Find(aCollection: Pmongoc_collection_t; const aFilter, aProjection: Pbson_t): TJSONArray;[0m
[35md:\Projects\_Pending\CRM_Tracker\Common\MongoDBWrapper.pas (545):   JsonStr: PAnsiChar;[0m
[35md:\Projects\_Pending\CRM_Tracker\Common\MongoDBWrapper.pas (546):   Obj: TJSONObject;[0m
[35md:\Projects\_Pending\CRM_Tracker\Common\MongoDBWrapper.pas (547):   JsonArr: TJSONArray;[0m
[35md:\Projects\_Pending\CRM_Tracker\Common\MongoDBWrapper.pas (549):   JsonArr := TJSONArray.Create;[0m
[35md:\Projects\_Pending\CRM_Tracker\Common\MongoDBWrapper.pas (560):       JsonStr := bson_as_json(BsonDoc, nil);[0m
[35md:\Projects\_Pending\CRM_Tracker\Common\MongoDBWrapper.pas (562):         Obj := TJSONObject.ParseJSONValue(string(JsonStr)) as TJSONObject;[0m
[35md:\Projects\_Pending\CRM_Tracker\Common\MongoDBWrapper.pas (564):           JsonArr.AddElement(Obj)[0m
[35md:\Projects\_Pending\CRM_Tracker\Common\MongoDBWrapper.pas (566):           raise Exception.Create('Find failed: Unable to parse BSON to JSON');[0m
[35md:\Projects\_Pending\CRM_Tracker\Common\MongoDBWrapper.pas (568):         bson_free(JsonStr);[0m
[35md:\Projects\_Pending\CRM_Tracker\Common\MongoDBWrapper.pas (574):   Result := JsonArr;[0m
[35md:\Projects\_Pending\CRM_Tracker\Common\MongoDBWrapper.pas (577): function TMongoDB.Find(aCollection: Pmongoc_collection_t; aJsonFilter: string; aJsonProjection: string): TJSONArray;[0m
[35md:\Projects\_Pending\CRM_Tracker\Common\MongoDBWrapper.pas (581):   if aJsonFilter.IsEmpty then aJsonFilter := '{}';[0m
[35md:\Projects\_Pending\CRM_Tracker\Common\MongoDBWrapper.pas (582):   if not BsonFromJson(aJsonFilter, Filter) then[0m
[35md:\Projects\_Pending\CRM_Tracker\Common\MongoDBWrapper.pas (583):     raise Exception.Create('Find failed: Invalid JSON for filter');[0m
[35md:\Projects\_Pending\CRM_Tracker\Common\MongoDBWrapper.pas (585):   // Set projection to nil initially. It will only be created if aJsonProjection is not empty.[0m
[35md:\Projects\_Pending\CRM_Tracker\Common\MongoDBWrapper.pas (587):   if not aJsonProjection.IsEmpty then[0m
[35md:\Projects\_Pending\CRM_Tracker\Common\MongoDBWrapper.pas (589):     if not BsonFromJson(aJsonProjection, Projection) then[0m
[35md:\Projects\_Pending\CRM_Tracker\Common\MongoDBWrapper.pas (592):       raise Exception.Create('Find failed: Invalid JSON for projection');[0m
[35md:\Projects\_Pending\CRM_Tracker\Common\MongoDBWrapper.pas (605): function TMongoDB.Find(aJsonFilter: string; aJsonProjection: string): TMongoOperationResult;[0m
[35md:\Projects\_Pending\CRM_Tracker\Common\MongoDBWrapper.pas (608):     Result.JSONArray := Find( fCollection, aJsonFilter, aJsonProjection );[0m
[35md:\Projects\_Pending\CRM_Tracker\Common\MongoDBWrapper.pas (609):     Result.Text := UnEscapeJsonString( Result.JSONArray.Format(4) );[0m
[35md:\Projects\_Pending\CRM_Tracker\Common\MongoDBWrapper.pas (610):     Result.Count := Result.JSONArray.Count;[0m
[35md:\Projects\_Pending\CRM_Tracker\Common\MongoDBWrapper.pas (621):   JsonStr: PAnsiChar;[0m
[35md:\Projects\_Pending\CRM_Tracker\Common\MongoDBWrapper.pas (631):     JsonStr := bson_as_json(Reply, nil);[0m
[35md:\Projects\_Pending\CRM_Tracker\Common\MongoDBWrapper.pas (633):       Result := string(JsonStr);[0m
[35md:\Projects\_Pending\CRM_Tracker\Common\MongoDBWrapper.pas (635):       bson_free(JsonStr);[0m
[35md:\Projects\_Pending\CRM_Tracker\Common\MongoDBWrapper.pas (649): function TMongoDB.RunCommand(const aDatabase, aCommandJson: string): string;[0m
[35md:\Projects\_Pending\CRM_Tracker\Common\MongoDBWrapper.pas (653):   if not BsonFromJson(aCommandJson, CommandDoc) then[0m
[35md:\Projects\_Pending\CRM_Tracker\Common\MongoDBWrapper.pas (654):     raise Exception.Create('RunCommand failed: Invalid JSON for command document');[0m
[35md:\Projects\_Pending\CRM_Tracker\Common\MongoDBWrapper.pas (680):   if not BsonFromJson(aFilter, filterBson) then[0m
[35md:\Projects\_Pending\CRM_Tracker\Common\MongoDBWrapper.pas (681):     // BsonFromJson already writes the error to the console.[0m
[32mFOUND: d:\Projects\_Pending\CRM_Tracker\Demonstrator\BsonBuilder.pas[0m
[35md:\Projects\_Pending\CRM_Tracker\Demonstrator\BsonBuilder.pas (6):   System.SysUtils, System.Classes, System.JSON,[0m
[32mFOUND: d:\Projects\_Pending\CRM_Tracker\Demonstrator\DemonstratorController.pas[0m
[35md:\Projects\_Pending\CRM_Tracker\Demonstrator\DemonstratorController.pas (6):   System.SysUtils, System.Classes, VCL.Dialogs, System.JSON, System.IOUtils,[0m
[35md:\Projects\_Pending\CRM_Tracker\Demonstrator\DemonstratorController.pas (9):   MongoDBWrapper, MongoCLib, BSonBuilder, JsonUtils;[0m
[35md:\Projects\_Pending\CRM_Tracker\Demonstrator\DemonstratorController.pas (24):     procedure InsertManyFromJsonClick(Sender: TObject);[0m
[35md:\Projects\_Pending\CRM_Tracker\Demonstrator\DemonstratorController.pas (57):     function InsertManyFromJson: TMongoOperationResult;[0m
[35md:\Projects\_Pending\CRM_Tracker\Demonstrator\DemonstratorController.pas (74):     function PrettyPrint(json: string): string;[0m
[35md:\Projects\_Pending\CRM_Tracker\Demonstrator\DemonstratorController.pas (92):   fView.btnInsertManyFromJson.OnClick := InsertManyFromJsonClick;[0m
[35md:\Projects\_Pending\CRM_Tracker\Demonstrator\DemonstratorController.pas (172):   json: string;[0m
[35md:\Projects\_Pending\CRM_Tracker\Demonstrator\DemonstratorController.pas (176):     json := EscapeJsonString(fView.memInsert.Text);[0m
[35md:\Projects\_Pending\CRM_Tracker\Demonstrator\DemonstratorController.pas (177):     insertResult := InsertOne(json);[0m
[35md:\Projects\_Pending\CRM_Tracker\Demonstrator\DemonstratorController.pas (188):   json: string;[0m
[35md:\Projects\_Pending\CRM_Tracker\Demonstrator\DemonstratorController.pas (192):     json := EscapeJsonString(fView.memInsert.Text);[0m
[35md:\Projects\_Pending\CRM_Tracker\Demonstrator\DemonstratorController.pas (193):     insertResult := InsertMany(json);[0m
[35md:\Projects\_Pending\CRM_Tracker\Demonstrator\DemonstratorController.pas (204): procedure TController.InsertManyFromJsonClick(Sender: TObject);[0m
[35md:\Projects\_Pending\CRM_Tracker\Demonstrator\DemonstratorController.pas (209):     insertResult := InsertManyFromJson;[0m
[35md:\Projects\_Pending\CRM_Tracker\Demonstrator\DemonstratorController.pas (530):     Result := fMongoDB.InsertManyFromJson(fMongoDB.GetCollection,aDocuments);[0m
[35md:\Projects\_Pending\CRM_Tracker\Demonstrator\DemonstratorController.pas (537): function TController.InsertManyFromJson: TMongoOperationResult;[0m
[35md:\Projects\_Pending\CRM_Tracker\Demonstrator\DemonstratorController.pas (549):         Result := fMongoDB.InsertManyFromJson(fMongoDB.GetCollection,documents);[0m
[35md:\Projects\_Pending\CRM_Tracker\Demonstrator\DemonstratorController.pas (551):          on E: Exception do Log('Failed to insert many from json; execution failed.');[0m
[35md:\Projects\_Pending\CRM_Tracker\Demonstrator\DemonstratorController.pas (556):       Log('Failed to insert many from json; file is empty.');[0m
[35md:\Projects\_Pending\CRM_Tracker\Demonstrator\DemonstratorController.pas (559):     Log('Failed to insert many from json; no file specified.');[0m
[35md:\Projects\_Pending\CRM_Tracker\Demonstrator\DemonstratorController.pas (576):     if ((Assigned(Result.JSONArray)) and (Result.JSONArray.Count >= 1)) then[0m
[35md:\Projects\_Pending\CRM_Tracker\Demonstrator\DemonstratorController.pas (578):       Result.Text := JsonPrettyPrint( Result.JSONArray.Items[0].ToString );[0m
[35md:\Projects\_Pending\CRM_Tracker\Demonstrator\DemonstratorController.pas (630):   optionsJson: string;[0m
[35md:\Projects\_Pending\CRM_Tracker\Demonstrator\DemonstratorController.pas (633):   optionsJson := '';[0m
[35md:\Projects\_Pending\CRM_Tracker\Demonstrator\DemonstratorController.pas (636):     collection := fMongoDB.CreateCollection(fMongoDB.GetDatabase, aCollectionName, optionsJson);[0m
[35md:\Projects\_Pending\CRM_Tracker\Demonstrator\DemonstratorController.pas (676):     if not dbName.IsEmpty then Result := UnEscapeJsonString( fMongoDB.RunCommand(dbName, aCommand) );[0m
[35md:\Projects\_Pending\CRM_Tracker\Demonstrator\DemonstratorController.pas (693): function TController.PrettyPrint(json: string): string;[0m
[35md:\Projects\_Pending\CRM_Tracker\Demonstrator\DemonstratorController.pas (695):   Result := JsonPrettyPrint(json);[0m
[32mFOUND: d:\Projects\_Pending\CRM_Tracker\Demonstrator\DemonstratorMainForm.pas[0m
[35md:\Projects\_Pending\CRM_Tracker\Demonstrator\DemonstratorMainForm.pas (71):     btnInsertManyFromJson: TButton;[0m
[32mFOUND: d:\Projects\_Pending\CRM_Tracker\Demonstrator\JsonUtils.pas[0m
[35md:\Projects\_Pending\CRM_Tracker\Demonstrator\JsonUtils.pas (1): unit JsonUtils;[0m
[35md:\Projects\_Pending\CRM_Tracker\Demonstrator\JsonUtils.pas (8):   function EscapeJsonString(const Value: string): string;[0m
[35md:\Projects\_Pending\CRM_Tracker\Demonstrator\JsonUtils.pas (9):   function UnEscapeJsonString(const json: string): string;[0m
[35md:\Projects\_Pending\CRM_Tracker\Demonstrator\JsonUtils.pas (10):   function JsonPrettyPrint(const aJson: string): string;[0m
[35md:\Projects\_Pending\CRM_Tracker\Demonstrator\JsonUtils.pas (15):   System.JSON;[0m
[35md:\Projects\_Pending\CRM_Tracker\Demonstrator\JsonUtils.pas (17): function EscapeJsonString(const Value: string): string;[0m
[35md:\Projects\_Pending\CRM_Tracker\Demonstrator\JsonUtils.pas (45): function UnEscapeJsonString(const json: string): string;[0m
[35md:\Projects\_Pending\CRM_Tracker\Demonstrator\JsonUtils.pas (54):   len := Length(json);[0m
[35md:\Projects\_Pending\CRM_Tracker\Demonstrator\JsonUtils.pas (56):   // 1. Strip the enclosing quotes that EscapeJsonString adds[0m
[35md:\Projects\_Pending\CRM_Tracker\Demonstrator\JsonUtils.pas (57):   if (len >= 2) and (json[1] = '"') and (json[len] = '"') then[0m
[35md:\Projects\_Pending\CRM_Tracker\Demonstrator\JsonUtils.pas (66):     ch := json[i];[0m
[35md:\Projects\_Pending\CRM_Tracker\Demonstrator\JsonUtils.pas (75):       case json[i] of[0m
[35md:\Projects\_Pending\CRM_Tracker\Demonstrator\JsonUtils.pas (89):               hexStr := Copy(json, i + 1, 4);[0m
[35md:\Projects\_Pending\CRM_Tracker\Demonstrator\JsonUtils.pas (105):         // The character after '\' is not a valid JSON escape char (e.g., "\z").[0m
[35md:\Projects\_Pending\CRM_Tracker\Demonstrator\JsonUtils.pas (107):         Result := Result + '\' + json[i];[0m
[35md:\Projects\_Pending\CRM_Tracker\Demonstrator\JsonUtils.pas (121): function JsonPrettyPrint(const aJson: string): string;[0m
[35md:\Projects\_Pending\CRM_Tracker\Demonstrator\JsonUtils.pas (123):   jsonValue: TJSONValue;[0m
[35md:\Projects\_Pending\CRM_Tracker\Demonstrator\JsonUtils.pas (126):   if aJson.IsEmpty then[0m
[35md:\Projects\_Pending\CRM_Tracker\Demonstrator\JsonUtils.pas (134):   Result := aJson;[0m
[35md:\Projects\_Pending\CRM_Tracker\Demonstrator\JsonUtils.pas (137):     // Attempt to parse the JSON string into a TJSONValue object.[0m
[35md:\Projects\_Pending\CRM_Tracker\Demonstrator\JsonUtils.pas (138):     // TJSONObject.ParseJSONValue can handle both JSON objects ({...}) and[0m
[35md:\Projects\_Pending\CRM_Tracker\Demonstrator\JsonUtils.pas (139):     // JSON arrays ([...]) as the root element.[0m
[35md:\Projects\_Pending\CRM_Tracker\Demonstrator\JsonUtils.pas (140):     jsonValue := TJSONObject.ParseJSONValue(aJson);[0m
[35md:\Projects\_Pending\CRM_Tracker\Demonstrator\JsonUtils.pas (143):     if Assigned(jsonValue) then[0m
[35md:\Projects\_Pending\CRM_Tracker\Demonstrator\JsonUtils.pas (146):         // Format the JSON object into a string with an indentation of 2 spaces.[0m
[35md:\Projects\_Pending\CRM_Tracker\Demonstrator\JsonUtils.pas (148):         Result := jsonValue.Format(2);[0m
[35md:\Projects\_Pending\CRM_Tracker\Demonstrator\JsonUtils.pas (150):         jsonValue.Free;[0m
[35md:\Projects\_Pending\CRM_Tracker\Demonstrator\JsonUtils.pas (156):       raise Exception.CreateFmt('JsonPrettyPrint failed: %s',[e.Message]);[0m
[32mFOUND: d:\Projects\_Pending\CRM_Tracker\Demonstrator\MongoCLib.pas[0m
[35md:\Projects\_Pending\CRM_Tracker\Demonstrator\MongoCLib.pas (79): function bson_as_json(bson: Pbson_t; length: PCardinal = nil): PAnsiChar; cdecl; external LIBBSON;[0m
[35md:\Projects\_Pending\CRM_Tracker\Demonstrator\MongoCLib.pas (80): function bson_as_canonical_extended_json(bson: Pbson_t; length: PCardinal = nil): PAnsiChar; cdecl; external LIBBSON;[0m
[35md:\Projects\_Pending\CRM_Tracker\Demonstrator\MongoCLib.pas (81): function bson_new_from_json(data: PByte; length: integer; error: Pbson_error_t): Pbson_t; cdecl; external LIBBSON;[0m
[32mFOUND: d:\Projects\_Pending\CRM_Tracker\Demonstrator\MongoDBWrapper.pas[0m
[35md:\Projects\_Pending\CRM_Tracker\Demonstrator\MongoDBWrapper.pas (6):   System.SysUtils, System.Classes, System.JSON,[0m
[35md:\Projects\_Pending\CRM_Tracker\Demonstrator\MongoDBWrapper.pas (23):     function BsonFromJson(const aJson: string; out oBson: Pbson_t): Boolean;[0m
[35md:\Projects\_Pending\CRM_Tracker\Demonstrator\MongoDBWrapper.pas (42):     function CreateCollection(Database: Pmongoc_database_t; const aName: string; const aOptionsJson: string): Pmongoc_collection_t; overload;[0m
[35md:\Projects\_Pending\CRM_Tracker\Demonstrator\MongoDBWrapper.pas (48):     function CreateIndex(aCollection: Pmongoc_collection_t; const aKeysJson: string; const aOptionsJson: string = ''): Boolean; overload;[0m
[35md:\Projects\_Pending\CRM_Tracker\Demonstrator\MongoDBWrapper.pas (54):     function InsertOne(aCollection: Pmongoc_collection_t; const aJsonString: string): Boolean; overload;[0m
[35md:\Projects\_Pending\CRM_Tracker\Demonstrator\MongoDBWrapper.pas (57):     function DeleteOne(aCollection: Pmongoc_collection_t; const JsonFilter: string): Boolean; overload;[0m
[35md:\Projects\_Pending\CRM_Tracker\Demonstrator\MongoDBWrapper.pas (60):     function UpdateOne(aCollection: Pmongoc_collection_t; const aFilterJson, aUpdateJson: string): Boolean; overload;[0m
[35md:\Projects\_Pending\CRM_Tracker\Demonstrator\MongoDBWrapper.pas (63):     function ReplaceOne(aCollection: Pmongoc_collection_t; const aFilterJson, aReplacementJson: string): Boolean; overload;[0m
[35md:\Projects\_Pending\CRM_Tracker\Demonstrator\MongoDBWrapper.pas (67):     function DeleteMany(aCollection: Pmongoc_collection_t; const aJsonFilter: string): Boolean; overload;[0m
[35md:\Projects\_Pending\CRM_Tracker\Demonstrator\MongoDBWrapper.pas (70):     function InsertManyFromJson(aCollection: Pmongoc_collection_t; const aJsonArray: string): Boolean;[0m
[35md:\Projects\_Pending\CRM_Tracker\Demonstrator\MongoDBWrapper.pas (73):     function Find(aCollection: Pmongoc_collection_t; const aFilter, aProjection: Pbson_t): TJSONArray; overload;[0m
[35md:\Projects\_Pending\CRM_Tracker\Demonstrator\MongoDBWrapper.pas (74):     function Find(aCollection: Pmongoc_collection_t; aJsonFilter: string; aJsonProjection: string = ''): TJSONArray; overload;[0m
[35md:\Projects\_Pending\CRM_Tracker\Demonstrator\MongoDBWrapper.pas (75):     function Find(aJsonFilter, aJsonProjection: string): TJSONArray; overload;[0m
[35md:\Projects\_Pending\CRM_Tracker\Demonstrator\MongoDBWrapper.pas (80):     function RunCommand(const aDatabase, aCommandJson: string): string; overload;[0m
[35md:\Projects\_Pending\CRM_Tracker\Demonstrator\MongoDBWrapper.pas (142): function TMongoDB.BsonFromJson(const aJson: string; out oBson: Pbson_t): Boolean;[0m
[35md:\Projects\_Pending\CRM_Tracker\Demonstrator\MongoDBWrapper.pas (146):   oBson := bson_new_from_json(PByte(PAnsiChar(AnsiString(aJson))), Length(aJson), @Error);[0m
[35md:\Projects\_Pending\CRM_Tracker\Demonstrator\MongoDBWrapper.pas (149):     raise Exception.CreateFmt('BsonFromJson failed: %s',[Error.message]);[0m
[35md:\Projects\_Pending\CRM_Tracker\Demonstrator\MongoDBWrapper.pas (228): function TMongoDB.CreateCollection(Database: Pmongoc_database_t; const aName: string; const aOptionsJson: string): Pmongoc_collection_t;[0m
[35md:\Projects\_Pending\CRM_Tracker\Demonstrator\MongoDBWrapper.pas (234):   if aOptionsJson.IsEmpty then[0m
[35md:\Projects\_Pending\CRM_Tracker\Demonstrator\MongoDBWrapper.pas (240):   // Otherwise, parse the JSON and proceed[0m
[35md:\Projects\_Pending\CRM_Tracker\Demonstrator\MongoDBWrapper.pas (241):   if not BsonFromJson(aOptionsJson, Options) then[0m
[35md:\Projects\_Pending\CRM_Tracker\Demonstrator\MongoDBWrapper.pas (309): function TMongoDB.CreateIndex(aCollection: Pmongoc_collection_t; const aKeysJson: string; const aOptionsJson: string): Boolean;[0m
[35md:\Projects\_Pending\CRM_Tracker\Demonstrator\MongoDBWrapper.pas (317):   if not BsonFromJson(aKeysJson, Keys) then[0m
[35md:\Projects\_Pending\CRM_Tracker\Demonstrator\MongoDBWrapper.pas (320):   // Only create the options BSON if the JSON string is provided[0m
[35md:\Projects\_Pending\CRM_Tracker\Demonstrator\MongoDBWrapper.pas (321):   if not aOptionsJson.IsEmpty then[0m
[35md:\Projects\_Pending\CRM_Tracker\Demonstrator\MongoDBWrapper.pas (323):     if not BsonFromJson(aOptionsJson, Options) then[0m
[35md:\Projects\_Pending\CRM_Tracker\Demonstrator\MongoDBWrapper.pas (359): function TMongoDB.InsertOne(aCollection: Pmongoc_collection_t; const aJsonString: string): Boolean;[0m
[35md:\Projects\_Pending\CRM_Tracker\Demonstrator\MongoDBWrapper.pas (363):   if not BsonFromJson(aJsonString, Doc) then[0m
[35md:\Projects\_Pending\CRM_Tracker\Demonstrator\MongoDBWrapper.pas (386): function TMongoDB.InsertManyFromJson(aCollection: Pmongoc_collection_t; const aJsonArray: string): Boolean;[0m
[35md:\Projects\_Pending\CRM_Tracker\Demonstrator\MongoDBWrapper.pas (388):   Parser: TJSONArray;[0m
[35md:\Projects\_Pending\CRM_Tracker\Demonstrator\MongoDBWrapper.pas (396):     Parser := TJSONObject.ParseJSONValue(aJsonArray) as TJSONArray;[0m
[35md:\Projects\_Pending\CRM_Tracker\Demonstrator\MongoDBWrapper.pas (401):         DocStr := Parser.Items[I].ToJSON;[0m
[35md:\Projects\_Pending\CRM_Tracker\Demonstrator\MongoDBWrapper.pas (402):         Doc := bson_new_from_json(PByte(PAnsiChar(AnsiString(DocStr))), Length(DocStr), @Error);[0m
[35md:\Projects\_Pending\CRM_Tracker\Demonstrator\MongoDBWrapper.pas (420):       raise Exception.CreateFmt('InsertManyFromJson failed: %s', [Error.message]);[0m
[35md:\Projects\_Pending\CRM_Tracker\Demonstrator\MongoDBWrapper.pas (433): function TMongoDB.DeleteOne(aCollection: Pmongoc_collection_t; const JsonFilter: string): Boolean;[0m
[35md:\Projects\_Pending\CRM_Tracker\Demonstrator\MongoDBWrapper.pas (437):   if not BsonFromJson(JsonFilter, Filter) then[0m
[35md:\Projects\_Pending\CRM_Tracker\Demonstrator\MongoDBWrapper.pas (456): function TMongoDB.DeleteMany(aCollection: Pmongoc_collection_t; const aJsonFilter: string): Boolean;[0m
[35md:\Projects\_Pending\CRM_Tracker\Demonstrator\MongoDBWrapper.pas (460):   if not BsonFromJson(aJsonFilter, Filter) then[0m
[35md:\Projects\_Pending\CRM_Tracker\Demonstrator\MongoDBWrapper.pas (478): function TMongoDB.UpdateOne(aCollection: Pmongoc_collection_t; const aFilterJson, aUpdateJson: string): Boolean;[0m
[35md:\Projects\_Pending\CRM_Tracker\Demonstrator\MongoDBWrapper.pas (482):   if not BsonFromJson(aFilterJson, Filter) then Exit(False);[0m
[35md:\Projects\_Pending\CRM_Tracker\Demonstrator\MongoDBWrapper.pas (483):   if not BsonFromJson(aUpdateJson, Update) then Exit(False);[0m
[35md:\Projects\_Pending\CRM_Tracker\Demonstrator\MongoDBWrapper.pas (502): function TMongoDB.ReplaceOne(aCollection: Pmongoc_collection_t; const aFilterJson, aReplacementJson: string): Boolean;[0m
[35md:\Projects\_Pending\CRM_Tracker\Demonstrator\MongoDBWrapper.pas (506):   if not BsonFromJson(aFilterJson, Filter) then Exit(False);[0m
[35md:\Projects\_Pending\CRM_Tracker\Demonstrator\MongoDBWrapper.pas (507):   if not BsonFromJson(aReplacementJson, Replacement) then Exit(False);[0m
[35md:\Projects\_Pending\CRM_Tracker\Demonstrator\MongoDBWrapper.pas (518): function TMongoDB.Find(aCollection: Pmongoc_collection_t; const aFilter, aProjection: Pbson_t): TJSONArray;[0m
[35md:\Projects\_Pending\CRM_Tracker\Demonstrator\MongoDBWrapper.pas (522):   JsonStr: PAnsiChar;[0m
[35md:\Projects\_Pending\CRM_Tracker\Demonstrator\MongoDBWrapper.pas (523):   Obj: TJSONObject;[0m
[35md:\Projects\_Pending\CRM_Tracker\Demonstrator\MongoDBWrapper.pas (524):   JsonArr: TJSONArray;[0m
[35md:\Projects\_Pending\CRM_Tracker\Demonstrator\MongoDBWrapper.pas (526):   JsonArr := TJSONArray.Create;[0m
[35md:\Projects\_Pending\CRM_Tracker\Demonstrator\MongoDBWrapper.pas (537):       JsonStr := bson_as_json(BsonDoc, nil);[0m
[35md:\Projects\_Pending\CRM_Tracker\Demonstrator\MongoDBWrapper.pas (539):         Obj := TJSONObject.ParseJSONValue(string(JsonStr)) as TJSONObject;[0m
[35md:\Projects\_Pending\CRM_Tracker\Demonstrator\MongoDBWrapper.pas (541):           JsonArr.AddElement(Obj)[0m
[35md:\Projects\_Pending\CRM_Tracker\Demonstrator\MongoDBWrapper.pas (543):           raise Exception.Create('Find failed: Unable to parse BSON to JSON');[0m
[35md:\Projects\_Pending\CRM_Tracker\Demonstrator\MongoDBWrapper.pas (545):         bson_free(JsonStr);[0m
[35md:\Projects\_Pending\CRM_Tracker\Demonstrator\MongoDBWrapper.pas (551):   Result := JsonArr;[0m
[35md:\Projects\_Pending\CRM_Tracker\Demonstrator\MongoDBWrapper.pas (554): function TMongoDB.Find(aCollection: Pmongoc_collection_t; aJsonFilter: string; aJsonProjection: string): TJSONArray;[0m
[35md:\Projects\_Pending\CRM_Tracker\Demonstrator\MongoDBWrapper.pas (558):   if aJsonFilter.IsEmpty then aJsonFilter := '{}';[0m
[35md:\Projects\_Pending\CRM_Tracker\Demonstrator\MongoDBWrapper.pas (559):   if not BsonFromJson(aJsonFilter, Filter) then[0m
[35md:\Projects\_Pending\CRM_Tracker\Demonstrator\MongoDBWrapper.pas (560):     raise Exception.Create('Find failed: Invalid JSON for filter');[0m
[35md:\Projects\_Pending\CRM_Tracker\Demonstrator\MongoDBWrapper.pas (562):   // Set projection to nil initially. It will only be created if aJsonProjection is not empty.[0m
[35md:\Projects\_Pending\CRM_Tracker\Demonstrator\MongoDBWrapper.pas (564):   if not aJsonProjection.IsEmpty then[0m
[35md:\Projects\_Pending\CRM_Tracker\Demonstrator\MongoDBWrapper.pas (566):     if not BsonFromJson(aJsonProjection, Projection) then[0m
[35md:\Projects\_Pending\CRM_Tracker\Demonstrator\MongoDBWrapper.pas (569):       raise Exception.Create('Find failed: Invalid JSON for projection');[0m
[35md:\Projects\_Pending\CRM_Tracker\Demonstrator\MongoDBWrapper.pas (582): function TMongoDB.Find(aJsonFilter: string; aJsonProjection: string): TJSONArray;[0m
[35md:\Projects\_Pending\CRM_Tracker\Demonstrator\MongoDBWrapper.pas (585):     Result := Find(fCollection, aJsonFilter, aJsonProjection);[0m
[35md:\Projects\_Pending\CRM_Tracker\Demonstrator\MongoDBWrapper.pas (595):   JsonStr: PAnsiChar;[0m
[35md:\Projects\_Pending\CRM_Tracker\Demonstrator\MongoDBWrapper.pas (605):     JsonStr := bson_as_json(Reply, nil);[0m
[35md:\Projects\_Pending\CRM_Tracker\Demonstrator\MongoDBWrapper.pas (607):       Result := string(JsonStr);[0m
[35md:\Projects\_Pending\CRM_Tracker\Demonstrator\MongoDBWrapper.pas (609):       bson_free(JsonStr);[0m
[35md:\Projects\_Pending\CRM_Tracker\Demonstrator\MongoDBWrapper.pas (623): function TMongoDB.RunCommand(const aDatabase, aCommandJson: string): string;[0m
[35md:\Projects\_Pending\CRM_Tracker\Demonstrator\MongoDBWrapper.pas (627):   if not BsonFromJson(aCommandJson, CommandDoc) then[0m
[35md:\Projects\_Pending\CRM_Tracker\Demonstrator\MongoDBWrapper.pas (628):     raise Exception.Create('RunCommand failed: Invalid JSON for command document');[0m
[35md:\Projects\_Pending\CRM_Tracker\Demonstrator\MongoDBWrapper.pas (654):   if not BsonFromJson(aFilter, filterBson) then[0m
[35md:\Projects\_Pending\CRM_Tracker\Demonstrator\MongoDBWrapper.pas (655):     // BsonFromJson already writes the error to the console.[0m
[32mFOUND: d:\Projects\_Pending\CRM_Tracker\LogProcessor\Common\BsonBuilder.pas[0m
[35md:\Projects\_Pending\CRM_Tracker\LogProcessor\Common\BsonBuilder.pas (6):   System.SysUtils, System.Classes, System.JSON,[0m
[32mFOUND: d:\Projects\_Pending\CRM_Tracker\LogProcessor\Common\JSONConfig.pas[0m
[35md:\Projects\_Pending\CRM_Tracker\LogProcessor\Common\JSONConfig.pas (1): unit JSONConfig;[0m
[35md:\Projects\_Pending\CRM_Tracker\LogProcessor\Common\JSONConfig.pas (9):   System.JSON, System.Generics.Collections;[0m
[35md:\Projects\_Pending\CRM_Tracker\LogProcessor\Common\JSONConfig.pas (12):   TJSONConfig = class[0m
[35md:\Projects\_Pending\CRM_Tracker\LogProcessor\Common\JSONConfig.pas (15):     fJSONObject: TJSONObject;[0m
[35md:\Projects\_Pending\CRM_Tracker\LogProcessor\Common\JSONConfig.pas (18):     function GetJsonValue(const aKey: string): TJsonValue;[0m
[35md:\Projects\_Pending\CRM_Tracker\LogProcessor\Common\JSONConfig.pas (42):     procedure SetJSONArray(const aKey: string; aValue: TJSONArray);[0m
[35md:\Projects\_Pending\CRM_Tracker\LogProcessor\Common\JSONConfig.pas (51):     function GetJSONArray(const aKey: string): TJSONArray;[0m
[35md:\Projects\_Pending\CRM_Tracker\LogProcessor\Common\JSONConfig.pas (59): { TJSONConfig }[0m
[35md:\Projects\_Pending\CRM_Tracker\LogProcessor\Common\JSONConfig.pas (61): constructor TJSONConfig.Create;[0m
[35md:\Projects\_Pending\CRM_Tracker\LogProcessor\Common\JSONConfig.pas (64):   fJSONObject := TJSONObject.Create;[0m
[35md:\Projects\_Pending\CRM_Tracker\LogProcessor\Common\JSONConfig.pas (68): destructor TJSONConfig.Destroy;[0m
[35md:\Projects\_Pending\CRM_Tracker\LogProcessor\Common\JSONConfig.pas (70):   fJSONObject.Free;[0m
[35md:\Projects\_Pending\CRM_Tracker\LogProcessor\Common\JSONConfig.pas (74): procedure TJSONConfig.Clear;[0m
[35md:\Projects\_Pending\CRM_Tracker\LogProcessor\Common\JSONConfig.pas (76):   fJSONObject.Free;[0m
[35md:\Projects\_Pending\CRM_Tracker\LogProcessor\Common\JSONConfig.pas (77):   fJSONObject := TJSONObject.Create;[0m
[35md:\Projects\_Pending\CRM_Tracker\LogProcessor\Common\JSONConfig.pas (80): function TJSONConfig.GetJsonValue(const aKey: string): TJsonValue;[0m
[35md:\Projects\_Pending\CRM_Tracker\LogProcessor\Common\JSONConfig.pas (82):   Result := fJSONObject.GetValue(aKey);[0m
[35md:\Projects\_Pending\CRM_Tracker\LogProcessor\Common\JSONConfig.pas (85): function TJSONConfig.LoadFromFile(const aFilePath: string): Boolean;[0m
[35md:\Projects\_Pending\CRM_Tracker\LogProcessor\Common\JSONConfig.pas (87):   jsonString: string;[0m
[35md:\Projects\_Pending\CRM_Tracker\LogProcessor\Common\JSONConfig.pas (88):   jsonValue: TJsonValue;[0m
[35md:\Projects\_Pending\CRM_Tracker\LogProcessor\Common\JSONConfig.pas (94):     raise Exception.CreateFmt('TJSONConfig.LoadFromFile:Configuration file not found: %s',[aFilePath]);[0m
[35md:\Projects\_Pending\CRM_Tracker\LogProcessor\Common\JSONConfig.pas (97):     jsonString := TFile.ReadAllText(aFilePath);[0m
[35md:\Projects\_Pending\CRM_Tracker\LogProcessor\Common\JSONConfig.pas (98):     jsonValue := TJSONObject.ParseJsonValue(jsonString);[0m
[35md:\Projects\_Pending\CRM_Tracker\LogProcessor\Common\JSONConfig.pas (100):       if Assigned(jsonValue) and (jsonValue is TJSONObject) then[0m
[35md:\Projects\_Pending\CRM_Tracker\LogProcessor\Common\JSONConfig.pas (102):         fJSONObject.Free; // Free existing object[0m
[35md:\Projects\_Pending\CRM_Tracker\LogProcessor\Common\JSONConfig.pas (103):         fJSONObject := jsonValue as TJSONObject; // Assign new object[0m
[35md:\Projects\_Pending\CRM_Tracker\LogProcessor\Common\JSONConfig.pas (108):         jsonValue.Free; // Free the non-object JSON value[0m
[35md:\Projects\_Pending\CRM_Tracker\LogProcessor\Common\JSONConfig.pas (109):         raise Exception.CreateFmt('TJSONConfig.LoadFromFile: Invalid JSON structure in file: %s',[aFilePath]);[0m
[35md:\Projects\_Pending\CRM_Tracker\LogProcessor\Common\JSONConfig.pas (114):         // Ensure jsonValue is freed if an error occurs during parsing or type checking[0m
[35md:\Projects\_Pending\CRM_Tracker\LogProcessor\Common\JSONConfig.pas (115):         if Assigned(jsonValue) then jsonValue.Free;[0m
[35md:\Projects\_Pending\CRM_Tracker\LogProcessor\Common\JSONConfig.pas (116):         raise Exception.CreateFmt('TJSONConfig.LoadFromFile: Error parsing JSON from file: %s',[aFilePath]);[0m
[35md:\Projects\_Pending\CRM_Tracker\LogProcessor\Common\JSONConfig.pas (122):       raise Exception.CreateFmt('TJSONConfig.LoadFromFile: Error reading config file: %s',[aFilePath]);[0m
[35md:\Projects\_Pending\CRM_Tracker\LogProcessor\Common\JSONConfig.pas (127): function TJSONConfig.SaveToFile(const aFilePath: string): Boolean;[0m
[35md:\Projects\_Pending\CRM_Tracker\LogProcessor\Common\JSONConfig.pas (133):     TFile.WriteAllText(aFilePath, fJSONObject.ToJSON);[0m
[35md:\Projects\_Pending\CRM_Tracker\LogProcessor\Common\JSONConfig.pas (138):       raise Exception.CreateFmt('TJSONConfig.SaveToFile: Error saving config file to: %s',[aFilePath]);[0m
[35md:\Projects\_Pending\CRM_Tracker\LogProcessor\Common\JSONConfig.pas (143): function TJSONConfig.HasKey(const aKey: string): Boolean;[0m
[35md:\Projects\_Pending\CRM_Tracker\LogProcessor\Common\JSONConfig.pas (145):   Result := GetJsonValue(aKey) <> nil;[0m
[35md:\Projects\_Pending\CRM_Tracker\LogProcessor\Common\JSONConfig.pas (148): procedure TJSONConfig.DeleteKey(const aKey: string);[0m
[35md:\Projects\_Pending\CRM_Tracker\LogProcessor\Common\JSONConfig.pas (150):   value: TJsonValue;[0m
[35md:\Projects\_Pending\CRM_Tracker\LogProcessor\Common\JSONConfig.pas (152):   value := GetJsonValue(aKey);[0m
[35md:\Projects\_Pending\CRM_Tracker\LogProcessor\Common\JSONConfig.pas (153):   if Assigned(value) then fJSONObject.RemovePair(aKey);[0m
[35md:\Projects\_Pending\CRM_Tracker\LogProcessor\Common\JSONConfig.pas (156): procedure TJSONConfig.SetString(const aKey, aValue: string);[0m
[35md:\Projects\_Pending\CRM_Tracker\LogProcessor\Common\JSONConfig.pas (158):   fJSONObject.AddPair(aKey, aValue);[0m
[35md:\Projects\_Pending\CRM_Tracker\LogProcessor\Common\JSONConfig.pas (161): procedure TJSONConfig.SetInteger(const aKey: string; aValue: Integer);[0m
[35md:\Projects\_Pending\CRM_Tracker\LogProcessor\Common\JSONConfig.pas (163):   fJSONObject.AddPair(aKey, TJSONNumber.Create(aValue));[0m
[35md:\Projects\_Pending\CRM_Tracker\LogProcessor\Common\JSONConfig.pas (166): procedure TJSONConfig.SetFloat(const aKey: string; aValue: Double);[0m
[35md:\Projects\_Pending\CRM_Tracker\LogProcessor\Common\JSONConfig.pas (168):   fJSONObject.AddPair(aKey, TJSONNumber.Create(aValue));[0m
[35md:\Projects\_Pending\CRM_Tracker\LogProcessor\Common\JSONConfig.pas (171): procedure TJSONConfig.SetBoolean(const aKey: string; aValue: Boolean);[0m
[35md:\Projects\_Pending\CRM_Tracker\LogProcessor\Common\JSONConfig.pas (173):   fJSONObject.AddPair(aKey, TJSONBool.Create(aValue));[0m
[35md:\Projects\_Pending\CRM_Tracker\LogProcessor\Common\JSONConfig.pas (176): procedure TJSONConfig.SetDateTime(const aKey: string; aValue: TDateTime);[0m
[35md:\Projects\_Pending\CRM_Tracker\LogProcessor\Common\JSONConfig.pas (180):   fJSONObject.AddPair(aKey, DateToISO8601(aValue));[0m
[35md:\Projects\_Pending\CRM_Tracker\LogProcessor\Common\JSONConfig.pas (183): procedure TJSONConfig.SetTime(const aKey: string; aValue: TTime);[0m
[35md:\Projects\_Pending\CRM_Tracker\LogProcessor\Common\JSONConfig.pas (185):   fJSONObject.AddPair(aKey, FormatDateTime('hh:nn', aValue));[0m
[35md:\Projects\_Pending\CRM_Tracker\LogProcessor\Common\JSONConfig.pas (188): procedure TJSONConfig.SetJSONArray(const aKey: string; aValue: TJSONArray);[0m
[35md:\Projects\_Pending\CRM_Tracker\LogProcessor\Common\JSONConfig.pas (192):   fJSONObject.AddPair(aKey, TJSONArray(aValue.Clone));[0m
[35md:\Projects\_Pending\CRM_Tracker\LogProcessor\Common\JSONConfig.pas (195): function TJSONConfig.GetString(const aKey: string; const aDefault: string): string;[0m
[35md:\Projects\_Pending\CRM_Tracker\LogProcessor\Common\JSONConfig.pas (197):   jsonValue: TJsonValue;[0m
[35md:\Projects\_Pending\CRM_Tracker\LogProcessor\Common\JSONConfig.pas (199):   jsonValue := GetJsonValue(aKey);[0m
[35md:\Projects\_Pending\CRM_Tracker\LogProcessor\Common\JSONConfig.pas (200):   if Assigned(jsonValue) and (jsonValue is TJSONString) then[0m
[35md:\Projects\_Pending\CRM_Tracker\LogProcessor\Common\JSONConfig.pas (201):     Result := TJSONString(jsonValue).Value[0m
[35md:\Projects\_Pending\CRM_Tracker\LogProcessor\Common\JSONConfig.pas (206): function TJSONConfig.GetInteger(const aKey: string; const aDefault: Integer): Integer;[0m
[35md:\Projects\_Pending\CRM_Tracker\LogProcessor\Common\JSONConfig.pas (208):   jsonValue: TJsonValue;[0m
[35md:\Projects\_Pending\CRM_Tracker\LogProcessor\Common\JSONConfig.pas (211):   jsonValue := GetJsonValue(aKey);[0m
[35md:\Projects\_Pending\CRM_Tracker\LogProcessor\Common\JSONConfig.pas (212):   if Assigned(jsonValue) then[0m
[35md:\Projects\_Pending\CRM_Tracker\LogProcessor\Common\JSONConfig.pas (214):     if (jsonValue is TJSONNumber) then[0m
[35md:\Projects\_Pending\CRM_Tracker\LogProcessor\Common\JSONConfig.pas (217):         Result := TJSONNumber(jsonValue).AsInt;[0m
[35md:\Projects\_Pending\CRM_Tracker\LogProcessor\Common\JSONConfig.pas (221):           raise Exception.CreateFmt('TJSONConfig.GetInteger: Error converting JSON number to Integer for Key: %s', [aKey]);[0m
[35md:\Projects\_Pending\CRM_Tracker\LogProcessor\Common\JSONConfig.pas (227):       raise Exception.CreateFmt('TJSONConfig.GetInteger: Value for Key "%s" is not a JSON Number.', [aKey]);[0m
[35md:\Projects\_Pending\CRM_Tracker\LogProcessor\Common\JSONConfig.pas (232): function TJSONConfig.GetFloat(const aKey: string; const aDefault: Double): Double;[0m
[35md:\Projects\_Pending\CRM_Tracker\LogProcessor\Common\JSONConfig.pas (234):   jsonValue: TJsonValue;[0m
[35md:\Projects\_Pending\CRM_Tracker\LogProcessor\Common\JSONConfig.pas (237):   jsonValue := GetJsonValue(aKey);[0m
[35md:\Projects\_Pending\CRM_Tracker\LogProcessor\Common\JSONConfig.pas (238):   if Assigned(jsonValue) then[0m
[35md:\Projects\_Pending\CRM_Tracker\LogProcessor\Common\JSONConfig.pas (240):     if (jsonValue is TJSONNumber) then[0m
[35md:\Projects\_Pending\CRM_Tracker\LogProcessor\Common\JSONConfig.pas (243):         Result := TJSONNumber(jsonValue).AsDouble;[0m
[35md:\Projects\_Pending\CRM_Tracker\LogProcessor\Common\JSONConfig.pas (247):           raise Exception.CreateFmt('TJSONConfig.GetFloat: Error converting JSON number to Float for Key: %s', [aKey]);[0m
[35md:\Projects\_Pending\CRM_Tracker\LogProcessor\Common\JSONConfig.pas (253):       raise Exception.CreateFmt('TJSONConfig.GetFloat: Value for Key "%s" is not a JSON Number.', [aKey]);[0m
[35md:\Projects\_Pending\CRM_Tracker\LogProcessor\Common\JSONConfig.pas (258): function TJSONConfig.GetBoolean(const aKey: string; const aDefault: Boolean): Boolean;[0m
[35md:\Projects\_Pending\CRM_Tracker\LogProcessor\Common\JSONConfig.pas (260):   jsonValue: TJsonValue;[0m
[35md:\Projects\_Pending\CRM_Tracker\LogProcessor\Common\JSONConfig.pas (262):   jsonValue := GetJsonValue(aKey);[0m
[35md:\Projects\_Pending\CRM_Tracker\LogProcessor\Common\JSONConfig.pas (263):   if Assigned(jsonValue) and (jsonValue is TJSONBool) then[0m
[35md:\Projects\_Pending\CRM_Tracker\LogProcessor\Common\JSONConfig.pas (264):     Result := TJSONBool(jsonValue).AsBoolean[0m
[35md:\Projects\_Pending\CRM_Tracker\LogProcessor\Common\JSONConfig.pas (269): function TJSONConfig.GetDateTime(const aKey: string; const aDefault: TDateTime): TDateTime;[0m
[35md:\Projects\_Pending\CRM_Tracker\LogProcessor\Common\JSONConfig.pas (271):   jsonValue: TJsonValue;[0m
[35md:\Projects\_Pending\CRM_Tracker\LogProcessor\Common\JSONConfig.pas (275):   jsonValue := GetJsonValue(aKey);[0m
[35md:\Projects\_Pending\CRM_Tracker\LogProcessor\Common\JSONConfig.pas (276):   if Assigned(jsonValue) then[0m
[35md:\Projects\_Pending\CRM_Tracker\LogProcessor\Common\JSONConfig.pas (278):     if (jsonValue is TJSONString) then[0m
[35md:\Projects\_Pending\CRM_Tracker\LogProcessor\Common\JSONConfig.pas (280):       datetimeStr := TJSONString(jsonValue).Value;[0m
[35md:\Projects\_Pending\CRM_Tracker\LogProcessor\Common\JSONConfig.pas (287):           raise Exception.CreateFmt('TJSONConfig.GetDateTime: Error parsing DateTime string for key %s', [aKey]);[0m
[35md:\Projects\_Pending\CRM_Tracker\LogProcessor\Common\JSONConfig.pas (293):       raise Exception.CreateFmt('TJSONConfig.GetDateTime: Value for Key "%s" is not a JSON String.', [aKey]);[0m
[35md:\Projects\_Pending\CRM_Tracker\LogProcessor\Common\JSONConfig.pas (298): function TJSONConfig.GetTime(const aKey: string; const aDefault: TTime): TTime;[0m
[35md:\Projects\_Pending\CRM_Tracker\LogProcessor\Common\JSONConfig.pas (300):   jsonValue: TJsonValue;[0m
[35md:\Projects\_Pending\CRM_Tracker\LogProcessor\Common\JSONConfig.pas (304):   jsonValue := GetJsonValue(aKey);[0m
[35md:\Projects\_Pending\CRM_Tracker\LogProcessor\Common\JSONConfig.pas (305):   if Assigned(jsonValue) then[0m
[35md:\Projects\_Pending\CRM_Tracker\LogProcessor\Common\JSONConfig.pas (307):     if (jsonValue is TJSONString) then[0m
[35md:\Projects\_Pending\CRM_Tracker\LogProcessor\Common\JSONConfig.pas (309):       timeStr := TJSONString(jsonValue).Value;[0m
[35md:\Projects\_Pending\CRM_Tracker\LogProcessor\Common\JSONConfig.pas (315):           raise Exception.CreateFmt('TJSONConfig.GetTime: Error parsing Time string for key %s', [aKey]);[0m
[35md:\Projects\_Pending\CRM_Tracker\LogProcessor\Common\JSONConfig.pas (321):       raise Exception.CreateFmt('TJSONConfig.GetTime: Value for Key "%s" is not a JSON String.', [aKey]);[0m
[35md:\Projects\_Pending\CRM_Tracker\LogProcessor\Common\JSONConfig.pas (326): function TJSONConfig.GetJSONArray(const aKey: string): TJSONArray;[0m
[35md:\Projects\_Pending\CRM_Tracker\LogProcessor\Common\JSONConfig.pas (328):   jsonValue: TJsonValue;[0m
[35md:\Projects\_Pending\CRM_Tracker\LogProcessor\Common\JSONConfig.pas (331):   jsonValue := GetJsonValue(aKey);[0m
[35md:\Projects\_Pending\CRM_Tracker\LogProcessor\Common\JSONConfig.pas (332):   if Assigned(jsonValue) and (jsonValue is TJSONArray) then[0m
[35md:\Projects\_Pending\CRM_Tracker\LogProcessor\Common\JSONConfig.pas (334):     Result := TJSONArray(jsonValue.Clone)[0m
[35md:\Projects\_Pending\CRM_Tracker\LogProcessor\Common\JSONConfig.pas (338): function TJSONConfig.GetValue: string;[0m
[35md:\Projects\_Pending\CRM_Tracker\LogProcessor\Common\JSONConfig.pas (340):   Result := fJSONObject.ToJSON;[0m
[35md:\Projects\_Pending\CRM_Tracker\LogProcessor\Common\JSONConfig.pas (343): procedure TJSONConfig.SetValue(const aValue: string);[0m
[35md:\Projects\_Pending\CRM_Tracker\LogProcessor\Common\JSONConfig.pas (345):   newJSONObject: TJSONObject;[0m
[35md:\Projects\_Pending\CRM_Tracker\LogProcessor\Common\JSONConfig.pas (346):   jsonValue: TJsonValue;[0m
[35md:\Projects\_Pending\CRM_Tracker\LogProcessor\Common\JSONConfig.pas (348):   jsonValue := nil; // Initialize to nil[0m
[35md:\Projects\_Pending\CRM_Tracker\LogProcessor\Common\JSONConfig.pas (350):     jsonValue := TJSONObject.ParseJsonValue(aValue); // Parse the input string[0m
[35md:\Projects\_Pending\CRM_Tracker\LogProcessor\Common\JSONConfig.pas (351):     if Assigned(jsonValue) and (jsonValue is TJSONObject) then[0m
[35md:\Projects\_Pending\CRM_Tracker\LogProcessor\Common\JSONConfig.pas (353):       newJSONObject := jsonValue as TJSONObject; // Cast to TJSONObject[0m
[35md:\Projects\_Pending\CRM_Tracker\LogProcessor\Common\JSONConfig.pas (354):       fJSONObject.Free; // Free the old object to prevent memory leaks[0m
[35md:\Projects\_Pending\CRM_Tracker\LogProcessor\Common\JSONConfig.pas (355):       fJSONObject := newJSONObject; // Assign the new object[0m
[35md:\Projects\_Pending\CRM_Tracker\LogProcessor\Common\JSONConfig.pas (359):       // If parsing fails or the root is not a JSON object, raise an exception[0m
[35md:\Projects\_Pending\CRM_Tracker\LogProcessor\Common\JSONConfig.pas (360):       raise Exception.Create('TJSONConfig.SetValue: Invalid JSON format or not a JSON Object.');[0m
[35md:\Projects\_Pending\CRM_Tracker\LogProcessor\Common\JSONConfig.pas (363):     // Ensure JSONValue is freed only if it's not the one assigned to fJSONObject[0m
[35md:\Projects\_Pending\CRM_Tracker\LogProcessor\Common\JSONConfig.pas (364):     if Assigned(jsonValue) and (jsonValue <> fJSONObject) then jsonValue.Free;[0m
[32mFOUND: d:\Projects\_Pending\CRM_Tracker\LogProcessor\Common\JsonUtils.pas[0m
[35md:\Projects\_Pending\CRM_Tracker\LogProcessor\Common\JsonUtils.pas (1): unit JsonUtils;[0m
[35md:\Projects\_Pending\CRM_Tracker\LogProcessor\Common\JsonUtils.pas (8):   function EscapeJsonString(const Value: string): string;[0m
[35md:\Projects\_Pending\CRM_Tracker\LogProcessor\Common\JsonUtils.pas (9):   function UnEscapeJsonString(const json: string): string;[0m
[35md:\Projects\_Pending\CRM_Tracker\LogProcessor\Common\JsonUtils.pas (10):   function JsonPrettyPrint(const aJson: string): string;[0m
[35md:\Projects\_Pending\CRM_Tracker\LogProcessor\Common\JsonUtils.pas (15):   System.JSON;[0m
[35md:\Projects\_Pending\CRM_Tracker\LogProcessor\Common\JsonUtils.pas (17): function EscapeJsonString(const Value: string): string;[0m
[35md:\Projects\_Pending\CRM_Tracker\LogProcessor\Common\JsonUtils.pas (45): function UnEscapeJsonString(const json: string): string;[0m
[35md:\Projects\_Pending\CRM_Tracker\LogProcessor\Common\JsonUtils.pas (54):   len := Length(json);[0m
[35md:\Projects\_Pending\CRM_Tracker\LogProcessor\Common\JsonUtils.pas (56):   // 1. Strip the enclosing quotes that EscapeJsonString adds[0m
[35md:\Projects\_Pending\CRM_Tracker\LogProcessor\Common\JsonUtils.pas (57):   if (len >= 2) and (json[1] = '"') and (json[len] = '"') then[0m
[35md:\Projects\_Pending\CRM_Tracker\LogProcessor\Common\JsonUtils.pas (66):     ch := json[i];[0m
[35md:\Projects\_Pending\CRM_Tracker\LogProcessor\Common\JsonUtils.pas (75):       case json[i] of[0m
[35md:\Projects\_Pending\CRM_Tracker\LogProcessor\Common\JsonUtils.pas (89):               hexStr := Copy(json, i + 1, 4);[0m
[35md:\Projects\_Pending\CRM_Tracker\LogProcessor\Common\JsonUtils.pas (105):         // The character after '\' is not a valid JSON escape char (e.g., "\z").[0m
[35md:\Projects\_Pending\CRM_Tracker\LogProcessor\Common\JsonUtils.pas (107):         Result := Result + '\' + json[i];[0m
[35md:\Projects\_Pending\CRM_Tracker\LogProcessor\Common\JsonUtils.pas (121): function JsonPrettyPrint(const aJson: string): string;[0m
[35md:\Projects\_Pending\CRM_Tracker\LogProcessor\Common\JsonUtils.pas (123):   jsonValue: TJSONValue;[0m
[35md:\Projects\_Pending\CRM_Tracker\LogProcessor\Common\JsonUtils.pas (126):   if aJson.IsEmpty then[0m
[35md:\Projects\_Pending\CRM_Tracker\LogProcessor\Common\JsonUtils.pas (134):   Result := aJson;[0m
[35md:\Projects\_Pending\CRM_Tracker\LogProcessor\Common\JsonUtils.pas (137):     // Attempt to parse the JSON string into a TJSONValue object.[0m
[35md:\Projects\_Pending\CRM_Tracker\LogProcessor\Common\JsonUtils.pas (138):     // TJSONObject.ParseJSONValue can handle both JSON objects ({...}) and[0m
[35md:\Projects\_Pending\CRM_Tracker\LogProcessor\Common\JsonUtils.pas (139):     // JSON arrays ([...]) as the root element.[0m
[35md:\Projects\_Pending\CRM_Tracker\LogProcessor\Common\JsonUtils.pas (140):     jsonValue := TJSONObject.ParseJSONValue(aJson);[0m
[35md:\Projects\_Pending\CRM_Tracker\LogProcessor\Common\JsonUtils.pas (143):     if Assigned(jsonValue) then[0m
[35md:\Projects\_Pending\CRM_Tracker\LogProcessor\Common\JsonUtils.pas (146):         // Format the JSON object into a string with an indentation of 2 spaces.[0m
[35md:\Projects\_Pending\CRM_Tracker\LogProcessor\Common\JsonUtils.pas (148):         Result := jsonValue.Format(2);[0m
[35md:\Projects\_Pending\CRM_Tracker\LogProcessor\Common\JsonUtils.pas (150):         jsonValue.Free;[0m
[35md:\Projects\_Pending\CRM_Tracker\LogProcessor\Common\JsonUtils.pas (156):       raise Exception.CreateFmt('JsonPrettyPrint failed: %s',[e.Message]);[0m
[32mFOUND: d:\Projects\_Pending\CRM_Tracker\LogProcessor\Common\MongoCLib.pas[0m
[35md:\Projects\_Pending\CRM_Tracker\LogProcessor\Common\MongoCLib.pas (79): function bson_as_json(bson: Pbson_t; length: PCardinal = nil): PAnsiChar; cdecl; external LIBBSON;[0m
[35md:\Projects\_Pending\CRM_Tracker\LogProcessor\Common\MongoCLib.pas (80): function bson_as_canonical_extended_json(bson: Pbson_t; length: PCardinal = nil): PAnsiChar; cdecl; external LIBBSON;[0m
[35md:\Projects\_Pending\CRM_Tracker\LogProcessor\Common\MongoCLib.pas (81): function bson_new_from_json(data: PByte; length: integer; error: Pbson_error_t): Pbson_t; cdecl; external LIBBSON;[0m
[32mFOUND: d:\Projects\_Pending\CRM_Tracker\LogProcessor\Common\MongoDBWrapper.pas[0m
[35md:\Projects\_Pending\CRM_Tracker\LogProcessor\Common\MongoDBWrapper.pas (6):   System.SysUtils, System.Classes, System.JSON,[0m
[35md:\Projects\_Pending\CRM_Tracker\LogProcessor\Common\MongoDBWrapper.pas (10):   JsonUtils;[0m
[35md:\Projects\_Pending\CRM_Tracker\LogProcessor\Common\MongoDBWrapper.pas (15):     JSONArray: TJSONArray;[0m
[35md:\Projects\_Pending\CRM_Tracker\LogProcessor\Common\MongoDBWrapper.pas (31):     function BsonFromJson(const aJson: string; out oBson: Pbson_t): boolean;[0m
[35md:\Projects\_Pending\CRM_Tracker\LogProcessor\Common\MongoDBWrapper.pas (50):     function CreateCollection(Database: Pmongoc_database_t; const aName: string; const aOptionsJson: string): Pmongoc_collection_t; overload;[0m
[35md:\Projects\_Pending\CRM_Tracker\LogProcessor\Common\MongoDBWrapper.pas (56):     function CreateIndex(aCollection: Pmongoc_collection_t; const aKeysJson: string; const aOptionsJson: string = ''): boolean; overload;[0m
[35md:\Projects\_Pending\CRM_Tracker\LogProcessor\Common\MongoDBWrapper.pas (62):     function InsertOne(aCollection: Pmongoc_collection_t; const aJsonString: string): boolean; overload;[0m
[35md:\Projects\_Pending\CRM_Tracker\LogProcessor\Common\MongoDBWrapper.pas (65):     function DeleteOne(aCollection: Pmongoc_collection_t; const JsonFilter: string): boolean; overload;[0m
[35md:\Projects\_Pending\CRM_Tracker\LogProcessor\Common\MongoDBWrapper.pas (68):     function UpdateOne(aCollection: Pmongoc_collection_t; const aFilterJson, aUpdateJson: string): boolean; overload;[0m
[35md:\Projects\_Pending\CRM_Tracker\LogProcessor\Common\MongoDBWrapper.pas (71):     function ReplaceOne(aCollection: Pmongoc_collection_t; const aFilterJson, aReplacementJson: string): boolean; overload;[0m
[35md:\Projects\_Pending\CRM_Tracker\LogProcessor\Common\MongoDBWrapper.pas (75):     function DeleteMany(aCollection: Pmongoc_collection_t; const aJsonFilter: string): boolean; overload;[0m
[35md:\Projects\_Pending\CRM_Tracker\LogProcessor\Common\MongoDBWrapper.pas (78):     function InsertManyFromJson(aCollection: Pmongoc_collection_t; const aJsonArray: string): TMongoOperationResult;[0m
[35md:\Projects\_Pending\CRM_Tracker\LogProcessor\Common\MongoDBWrapper.pas (81):     function Find(aCollection: Pmongoc_collection_t; const aFilter, aProjection: Pbson_t): TJSONArray; overload;[0m
[35md:\Projects\_Pending\CRM_Tracker\LogProcessor\Common\MongoDBWrapper.pas (82):     function Find(aCollection: Pmongoc_collection_t; aJsonFilter: string; aJsonProjection: string = ''): TJSONArray; overload;[0m
[35md:\Projects\_Pending\CRM_Tracker\LogProcessor\Common\MongoDBWrapper.pas (83):     function Find(aJsonFilter, aJsonProjection: string): TMongoOperationResult; overload;[0m
[35md:\Projects\_Pending\CRM_Tracker\LogProcessor\Common\MongoDBWrapper.pas (88):     function RunCommand(const aDatabase, aCommandJson: string): string; overload;[0m
[35md:\Projects\_Pending\CRM_Tracker\LogProcessor\Common\MongoDBWrapper.pas (150): function TMongoDB.BsonFromJson(const aJson: string; out oBson: Pbson_t): boolean;[0m
[35md:\Projects\_Pending\CRM_Tracker\LogProcessor\Common\MongoDBWrapper.pas (154):   oBson := bson_new_from_json(PByte(PAnsiChar(AnsiString(aJson))), Length(aJson), @Error);[0m
[35md:\Projects\_Pending\CRM_Tracker\LogProcessor\Common\MongoDBWrapper.pas (157):     raise Exception.CreateFmt('BsonFromJson failed: %s',[Error.message]);[0m
[35md:\Projects\_Pending\CRM_Tracker\LogProcessor\Common\MongoDBWrapper.pas (236): function TMongoDB.CreateCollection(Database: Pmongoc_database_t; const aName: string; const aOptionsJson: string): Pmongoc_collection_t;[0m
[35md:\Projects\_Pending\CRM_Tracker\LogProcessor\Common\MongoDBWrapper.pas (242):   if aOptionsJson.IsEmpty then[0m
[35md:\Projects\_Pending\CRM_Tracker\LogProcessor\Common\MongoDBWrapper.pas (248):   // Otherwise, parse the JSON and proceed[0m
[35md:\Projects\_Pending\CRM_Tracker\LogProcessor\Common\MongoDBWrapper.pas (249):   if not BsonFromJson(aOptionsJson, Options) then[0m
[35md:\Projects\_Pending\CRM_Tracker\LogProcessor\Common\MongoDBWrapper.pas (317): function TMongoDB.CreateIndex(aCollection: Pmongoc_collection_t; const aKeysJson: string; const aOptionsJson: string): boolean;[0m
[35md:\Projects\_Pending\CRM_Tracker\LogProcessor\Common\MongoDBWrapper.pas (325):   if not BsonFromJson(aKeysJson, Keys) then[0m
[35md:\Projects\_Pending\CRM_Tracker\LogProcessor\Common\MongoDBWrapper.pas (328):   // Only create the options BSON if the JSON string is provided[0m
[35md:\Projects\_Pending\CRM_Tracker\LogProcessor\Common\MongoDBWrapper.pas (329):   if not aOptionsJson.IsEmpty then[0m
[35md:\Projects\_Pending\CRM_Tracker\LogProcessor\Common\MongoDBWrapper.pas (331):     if not BsonFromJson(aOptionsJson, Options) then[0m
[35md:\Projects\_Pending\CRM_Tracker\LogProcessor\Common\MongoDBWrapper.pas (367): function TMongoDB.InsertOne(aCollection: Pmongoc_collection_t; const aJsonString: string): boolean;[0m
[35md:\Projects\_Pending\CRM_Tracker\LogProcessor\Common\MongoDBWrapper.pas (371):   if not BsonFromJson(aJsonString, Doc) then[0m
[35md:\Projects\_Pending\CRM_Tracker\LogProcessor\Common\MongoDBWrapper.pas (395): function TMongoDB.InsertManyFromJson(aCollection: Pmongoc_collection_t; const aJsonArray: string): TMongoOperationResult;[0m
[35md:\Projects\_Pending\CRM_Tracker\LogProcessor\Common\MongoDBWrapper.pas (397):   jsonArr: TJSONArray;[0m
[35md:\Projects\_Pending\CRM_Tracker\LogProcessor\Common\MongoDBWrapper.pas (405):     jsonArr := TJSONObject.ParseJSONValue(aJsonArray) as TJSONArray;[0m
[35md:\Projects\_Pending\CRM_Tracker\LogProcessor\Common\MongoDBWrapper.pas (407):       SetLength(bsonList, jsonArr.Count);[0m
[35md:\Projects\_Pending\CRM_Tracker\LogProcessor\Common\MongoDBWrapper.pas (408):       for i := 0 to jsonArr.Count - 1 do[0m
[35md:\Projects\_Pending\CRM_Tracker\LogProcessor\Common\MongoDBWrapper.pas (410):         docStr := jsonArr.Items[i].ToJSON;[0m
[35md:\Projects\_Pending\CRM_Tracker\LogProcessor\Common\MongoDBWrapper.pas (411):         doc := bson_new_from_json(PByte(PAnsiChar(AnsiString(docStr))), Length(docStr), @bsonError);[0m
[35md:\Projects\_Pending\CRM_Tracker\LogProcessor\Common\MongoDBWrapper.pas (414):           Result.JSONArray := nil;[0m
[35md:\Projects\_Pending\CRM_Tracker\LogProcessor\Common\MongoDBWrapper.pas (425):         Result.JSONArray := jsonArr;[0m
[35md:\Projects\_Pending\CRM_Tracker\LogProcessor\Common\MongoDBWrapper.pas (426):         Result.Text := UnEscapeJsonString( Result.JSONArray.Format(4) );[0m
[35md:\Projects\_Pending\CRM_Tracker\LogProcessor\Common\MongoDBWrapper.pas (427):         Result.Count := Result.JSONArray.Count;[0m
[35md:\Projects\_Pending\CRM_Tracker\LogProcessor\Common\MongoDBWrapper.pas (431):         raise Exception.CreateFmt('InsertManyFromJson failed: %s', [bsonError.message]);[0m
[35md:\Projects\_Pending\CRM_Tracker\LogProcessor\Common\MongoDBWrapper.pas (439):       jsonArr.Free;[0m
[35md:\Projects\_Pending\CRM_Tracker\LogProcessor\Common\MongoDBWrapper.pas (443):       raise Exception.CreateFmt('InsertManyFromJson failed: %s', [bsonError.message]);[0m
[35md:\Projects\_Pending\CRM_Tracker\LogProcessor\Common\MongoDBWrapper.pas (456): function TMongoDB.DeleteOne(aCollection: Pmongoc_collection_t; const JsonFilter: string): boolean;[0m
[35md:\Projects\_Pending\CRM_Tracker\LogProcessor\Common\MongoDBWrapper.pas (460):   if not BsonFromJson(JsonFilter, Filter) then[0m
[35md:\Projects\_Pending\CRM_Tracker\LogProcessor\Common\MongoDBWrapper.pas (479): function TMongoDB.DeleteMany(aCollection: Pmongoc_collection_t; const aJsonFilter: string): boolean;[0m
[35md:\Projects\_Pending\CRM_Tracker\LogProcessor\Common\MongoDBWrapper.pas (483):   if not BsonFromJson(aJsonFilter, Filter) then[0m
[35md:\Projects\_Pending\CRM_Tracker\LogProcessor\Common\MongoDBWrapper.pas (501): function TMongoDB.UpdateOne(aCollection: Pmongoc_collection_t; const aFilterJson, aUpdateJson: string): boolean;[0m
[35md:\Projects\_Pending\CRM_Tracker\LogProcessor\Common\MongoDBWrapper.pas (505):   if not BsonFromJson(aFilterJson, Filter) then Exit(False);[0m
[35md:\Projects\_Pending\CRM_Tracker\LogProcessor\Common\MongoDBWrapper.pas (506):   if not BsonFromJson(aUpdateJson, Update) then Exit(False);[0m
[35md:\Projects\_Pending\CRM_Tracker\LogProcessor\Common\MongoDBWrapper.pas (525): function TMongoDB.ReplaceOne(aCollection: Pmongoc_collection_t; const aFilterJson, aReplacementJson: string): boolean;[0m
[35md:\Projects\_Pending\CRM_Tracker\LogProcessor\Common\MongoDBWrapper.pas (529):   if not BsonFromJson(aFilterJson, Filter) then Exit(False);[0m
[35md:\Projects\_Pending\CRM_Tracker\LogProcessor\Common\MongoDBWrapper.pas (530):   if not BsonFromJson(aReplacementJson, Replacement) then Exit(False);[0m
[35md:\Projects\_Pending\CRM_Tracker\LogProcessor\Common\MongoDBWrapper.pas (541): function TMongoDB.Find(aCollection: Pmongoc_collection_t; const aFilter, aProjection: Pbson_t): TJSONArray;[0m
[35md:\Projects\_Pending\CRM_Tracker\LogProcessor\Common\MongoDBWrapper.pas (545):   JsonStr: PAnsiChar;[0m
[35md:\Projects\_Pending\CRM_Tracker\LogProcessor\Common\MongoDBWrapper.pas (546):   Obj: TJSONObject;[0m
[35md:\Projects\_Pending\CRM_Tracker\LogProcessor\Common\MongoDBWrapper.pas (547):   JsonArr: TJSONArray;[0m
[35md:\Projects\_Pending\CRM_Tracker\LogProcessor\Common\MongoDBWrapper.pas (549):   JsonArr := TJSONArray.Create;[0m
[35md:\Projects\_Pending\CRM_Tracker\LogProcessor\Common\MongoDBWrapper.pas (560):       JsonStr := bson_as_json(BsonDoc, nil);[0m
[35md:\Projects\_Pending\CRM_Tracker\LogProcessor\Common\MongoDBWrapper.pas (562):         Obj := TJSONObject.ParseJSONValue(string(JsonStr)) as TJSONObject;[0m
[35md:\Projects\_Pending\CRM_Tracker\LogProcessor\Common\MongoDBWrapper.pas (564):           JsonArr.AddElement(Obj)[0m
[35md:\Projects\_Pending\CRM_Tracker\LogProcessor\Common\MongoDBWrapper.pas (566):           raise Exception.Create('Find failed: Unable to parse BSON to JSON');[0m
[35md:\Projects\_Pending\CRM_Tracker\LogProcessor\Common\MongoDBWrapper.pas (568):         bson_free(JsonStr);[0m
[35md:\Projects\_Pending\CRM_Tracker\LogProcessor\Common\MongoDBWrapper.pas (574):   Result := JsonArr;[0m
[35md:\Projects\_Pending\CRM_Tracker\LogProcessor\Common\MongoDBWrapper.pas (577): function TMongoDB.Find(aCollection: Pmongoc_collection_t; aJsonFilter: string; aJsonProjection: string): TJSONArray;[0m
[35md:\Projects\_Pending\CRM_Tracker\LogProcessor\Common\MongoDBWrapper.pas (581):   if aJsonFilter.IsEmpty then aJsonFilter := '{}';[0m
[35md:\Projects\_Pending\CRM_Tracker\LogProcessor\Common\MongoDBWrapper.pas (582):   if not BsonFromJson(aJsonFilter, Filter) then[0m
[35md:\Projects\_Pending\CRM_Tracker\LogProcessor\Common\MongoDBWrapper.pas (583):     raise Exception.Create('Find failed: Invalid JSON for filter');[0m
[35md:\Projects\_Pending\CRM_Tracker\LogProcessor\Common\MongoDBWrapper.pas (585):   // Set projection to nil initially. It will only be created if aJsonProjection is not empty.[0m
[35md:\Projects\_Pending\CRM_Tracker\LogProcessor\Common\MongoDBWrapper.pas (587):   if not aJsonProjection.IsEmpty then[0m
[35md:\Projects\_Pending\CRM_Tracker\LogProcessor\Common\MongoDBWrapper.pas (589):     if not BsonFromJson(aJsonProjection, Projection) then[0m
[35md:\Projects\_Pending\CRM_Tracker\LogProcessor\Common\MongoDBWrapper.pas (592):       raise Exception.Create('Find failed: Invalid JSON for projection');[0m
[35md:\Projects\_Pending\CRM_Tracker\LogProcessor\Common\MongoDBWrapper.pas (605): function TMongoDB.Find(aJsonFilter: string; aJsonProjection: string): TMongoOperationResult;[0m
[35md:\Projects\_Pending\CRM_Tracker\LogProcessor\Common\MongoDBWrapper.pas (608):     Result.JSONArray := Find( fCollection, aJsonFilter, aJsonProjection );[0m
[35md:\Projects\_Pending\CRM_Tracker\LogProcessor\Common\MongoDBWrapper.pas (609):     Result.Text := UnEscapeJsonString( Result.JSONArray.Format(4) );[0m
[35md:\Projects\_Pending\CRM_Tracker\LogProcessor\Common\MongoDBWrapper.pas (610):     Result.Count := Result.JSONArray.Count;[0m
[35md:\Projects\_Pending\CRM_Tracker\LogProcessor\Common\MongoDBWrapper.pas (621):   JsonStr: PAnsiChar;[0m
[35md:\Projects\_Pending\CRM_Tracker\LogProcessor\Common\MongoDBWrapper.pas (631):     JsonStr := bson_as_json(Reply, nil);[0m
[35md:\Projects\_Pending\CRM_Tracker\LogProcessor\Common\MongoDBWrapper.pas (633):       Result := string(JsonStr);[0m
[35md:\Projects\_Pending\CRM_Tracker\LogProcessor\Common\MongoDBWrapper.pas (635):       bson_free(JsonStr);[0m
[35md:\Projects\_Pending\CRM_Tracker\LogProcessor\Common\MongoDBWrapper.pas (649): function TMongoDB.RunCommand(const aDatabase, aCommandJson: string): string;[0m
[35md:\Projects\_Pending\CRM_Tracker\LogProcessor\Common\MongoDBWrapper.pas (653):   if not BsonFromJson(aCommandJson, CommandDoc) then[0m
[35md:\Projects\_Pending\CRM_Tracker\LogProcessor\Common\MongoDBWrapper.pas (654):     raise Exception.Create('RunCommand failed: Invalid JSON for command document');[0m
[35md:\Projects\_Pending\CRM_Tracker\LogProcessor\Common\MongoDBWrapper.pas (680):   if not BsonFromJson(aFilter, filterBson) then[0m
[35md:\Projects\_Pending\CRM_Tracker\LogProcessor\Common\MongoDBWrapper.pas (681):     // BsonFromJson already writes the error to the console.[0m
[32mFOUND: d:\Projects\_Pending\CRM_Tracker\LogProcessor\LogProcessor\Service\LogProcessorServiceControl.pas[0m
[35md:\Projects\_Pending\CRM_Tracker\LogProcessor\LogProcessor\Service\LogProcessorServiceControl.pas (11):   JSONConfig;[0m
[35md:\Projects\_Pending\CRM_Tracker\LogProcessor\LogProcessor\Service\LogProcessorServiceControl.pas (28):       fConfig: TJSONConfig;[0m
[35md:\Projects\_Pending\CRM_Tracker\LogProcessor\LogProcessor\Service\LogProcessorServiceControl.pas (29):       fCurrentConfig: string;  // Current JSON config as a string[0m
[35md:\Projects\_Pending\CRM_Tracker\LogProcessor\LogProcessor\Service\LogProcessorServiceControl.pas (62):   fConfig := TJSONConfig.Create;[0m
[32mFOUND: d:\Projects\_Pending\CRM_Tracker\LogProcessor (Original)\Service\LogProcessorServiceControl.pas[0m
[35md:\Projects\_Pending\CRM_Tracker\LogProcessor (Original)\Service\LogProcessorServiceControl.pas (11):   System.JSON, System.IOUtils,[0m
[35md:\Projects\_Pending\CRM_Tracker\LogProcessor (Original)\Service\LogProcessorServiceControl.pas (19):   JSONUtils,[0m
[35md:\Projects\_Pending\CRM_Tracker\LogProcessor (Original)\Service\LogProcessorServiceControl.pas (20):   JSONConfig;[0m
[35md:\Projects\_Pending\CRM_Tracker\LogProcessor (Original)\Service\LogProcessorServiceControl.pas (66):       fConfig: TJSONConfig;[0m
[35md:\Projects\_Pending\CRM_Tracker\LogProcessor (Original)\Service\LogProcessorServiceControl.pas (72):       fCurrentConfig: string;  // Current JSON config as a string[0m
[35md:\Projects\_Pending\CRM_Tracker\LogProcessor (Original)\Service\LogProcessorServiceControl.pas (129):   fConfig := TJSONConfig.Create;[0m
[35md:\Projects\_Pending\CRM_Tracker\LogProcessor (Original)\Service\LogProcessorServiceControl.pas (169):   // 1. Retrieve the server connection config from the local JSON file.[0m
[35md:\Projects\_Pending\CRM_Tracker\LogProcessor (Original)\Service\LogProcessorServiceControl.pas (175):     Log('Could not find usable server configuration in LogProcessorService.json. Service cannot start properly.', etError);[0m
[35md:\Projects\_Pending\CRM_Tracker\LogProcessor (Original)\Service\LogProcessorServiceControl.pas (256):     ConfigPath :=  IncludeTrailingBackslash(ExtractFilePath(ParamStr(0))) + 'LogProcessorService.json';[0m
[35md:\Projects\_Pending\CRM_Tracker\LogProcessor (Original)\Service\LogProcessorServiceControl.pas (290):   jsonObj: TJSONObject;[0m
[35md:\Projects\_Pending\CRM_Tracker\LogProcessor (Original)\Service\LogProcessorServiceControl.pas (291):   jsonArr: TJSONArray;[0m
[35md:\Projects\_Pending\CRM_Tracker\LogProcessor (Original)\Service\LogProcessorServiceControl.pas (292):   arrayObj: TJSONValue;[0m
[35md:\Projects\_Pending\CRM_Tracker\LogProcessor (Original)\Service\LogProcessorServiceControl.pas (313):     if not Assigned(mor.JSONArray) or (mor.JSONArray.Count = 0) then[0m
[35md:\Projects\_Pending\CRM_Tracker\LogProcessor (Original)\Service\LogProcessorServiceControl.pas (320):     firstRec := mor.JSONArray.Items[0].ToString;[0m
[35md:\Projects\_Pending\CRM_Tracker\LogProcessor (Original)\Service\LogProcessorServiceControl.pas (322):     jsonObj := TJSONObject.ParseJSONValue(firstRec) as TJSONObject;[0m
[35md:\Projects\_Pending\CRM_Tracker\LogProcessor (Original)\Service\LogProcessorServiceControl.pas (325):       fMongoConfig.Text := jsonObj.ToJSON;[0m
[35md:\Projects\_Pending\CRM_Tracker\LogProcessor (Original)\Service\LogProcessorServiceControl.pas (326):       fMongoConfig.ConfigName := jsonObj.GetValue<string>('name');[0m
[35md:\Projects\_Pending\CRM_Tracker\LogProcessor (Original)\Service\LogProcessorServiceControl.pas (327):       fMongoConfig.Time := jsonObj.GetValue<string>('time');[0m
[35md:\Projects\_Pending\CRM_Tracker\LogProcessor (Original)\Service\LogProcessorServiceControl.pas (330):       jsonArr := jsonObj.GetValue<TJSONArray>('folders');[0m
[35md:\Projects\_Pending\CRM_Tracker\LogProcessor (Original)\Service\LogProcessorServiceControl.pas (331):       // MEMORY FIX: Do NOT free jsonArr, it is owned by jsonObj.[0m
[35md:\Projects\_Pending\CRM_Tracker\LogProcessor (Original)\Service\LogProcessorServiceControl.pas (332):       if Assigned(jsonArr) and (jsonArr.Count > 0) then[0m
[35md:\Projects\_Pending\CRM_Tracker\LogProcessor (Original)\Service\LogProcessorServiceControl.pas (334):         for i := 0 to jsonArr.Count - 1 do[0m
[35md:\Projects\_Pending\CRM_Tracker\LogProcessor (Original)\Service\LogProcessorServiceControl.pas (336):           arrayObj := jsonArr.items[i];[0m
[35md:\Projects\_Pending\CRM_Tracker\LogProcessor (Original)\Service\LogProcessorServiceControl.pas (343):       // We need to change all \'s into :'s becuase mogo/json get's confused[0m
[35md:\Projects\_Pending\CRM_Tracker\LogProcessor (Original)\Service\LogProcessorServiceControl.pas (350):       fMongoConfig.Status := jsonObj.GetValue<string>('status');[0m
[35md:\Projects\_Pending\CRM_Tracker\LogProcessor (Original)\Service\LogProcessorServiceControl.pas (352):       jsonObj.Free;[0m
[35md:\Projects\_Pending\CRM_Tracker\LogProcessor (Original)\Service\LogProcessorServiceControl.pas (562):       Result.JSONArray := nil;[0m
[35md:\Projects\_Pending\CRM_Tracker\LogProcessor (Original)\Service\LogProcessorServiceControl.pas (574):   jsonArr: TJSONArray;[0m
[35md:\Projects\_Pending\CRM_Tracker\LogProcessor (Original)\Service\LogProcessorServiceControl.pas (579):   // Parse JSON array[0m
[35md:\Projects\_Pending\CRM_Tracker\LogProcessor (Original)\Service\LogProcessorServiceControl.pas (580):   jsonArr := TJSONObject.ParseJSONValue(aDocuments) as TJSONArray;[0m
[35md:\Projects\_Pending\CRM_Tracker\LogProcessor (Original)\Service\LogProcessorServiceControl.pas (581):   if not Assigned(jsonArr) then[0m
[35md:\Projects\_Pending\CRM_Tracker\LogProcessor (Original)\Service\LogProcessorServiceControl.pas (582):     raise Exception.Create('InsertIndividuallyFromArray: Invalid JSON format.');[0m
[35md:\Projects\_Pending\CRM_Tracker\LogProcessor (Original)\Service\LogProcessorServiceControl.pas (584):   mgoOpResult.Count := jsonArr.Count;[0m
[35md:\Projects\_Pending\CRM_Tracker\LogProcessor (Original)\Service\LogProcessorServiceControl.pas (587):   if jsonArr.Count > 0 then[0m
[35md:\Projects\_Pending\CRM_Tracker\LogProcessor (Original)\Service\LogProcessorServiceControl.pas (589):     for i := 0 to jsonArr.Count - 1 do[0m
[35md:\Projects\_Pending\CRM_Tracker\LogProcessor (Original)\Service\LogProcessorServiceControl.pas (592):         doc := jsonArr.Items[i].ToJSON;[0m
[35md:\Projects\_Pending\CRM_Tracker\LogProcessor (Original)\Service\LogProcessorServiceControl.pas (604):   jsonArr.Free;[0m
[32mFOUND: d:\Projects\_Pending\CRM_Tracker\UnitTests\JSONConfigTests.pas[0m
[35md:\Projects\_Pending\CRM_Tracker\UnitTests\JSONConfigTests.pas (1): unit JSONConfigTests;[0m
[35md:\Projects\_Pending\CRM_Tracker\UnitTests\JSONConfigTests.pas (7):   JSONConfig,[0m
[35md:\Projects\_Pending\CRM_Tracker\UnitTests\JSONConfigTests.pas (14):   TJSONConfigTests = class[0m
[35md:\Projects\_Pending\CRM_Tracker\UnitTests\JSONConfigTests.pas (16):     fConfig: TJSONConfig;[0m
[35md:\Projects\_Pending\CRM_Tracker\UnitTests\JSONConfigTests.pas (80):     procedure TestLoadInvalidJson_RaisesException;[0m
[35md:\Projects\_Pending\CRM_Tracker\UnitTests\JSONConfigTests.pas (82):     // --- Value Property (Raw JSON) Tests ---[0m
[35md:\Projects\_Pending\CRM_Tracker\UnitTests\JSONConfigTests.pas (86):     procedure TestSetValueValidJson;[0m
[35md:\Projects\_Pending\CRM_Tracker\UnitTests\JSONConfigTests.pas (88):     procedure TestSetValueInvalidJson_RaisesException;[0m
[35md:\Projects\_Pending\CRM_Tracker\UnitTests\JSONConfigTests.pas (93): { TJSONConfigTest }[0m
[35md:\Projects\_Pending\CRM_Tracker\UnitTests\JSONConfigTests.pas (95): procedure TJSONConfigTests.SetUp;[0m
[35md:\Projects\_Pending\CRM_Tracker\UnitTests\JSONConfigTests.pas (98):   fConfig := TJSONConfig.Create;[0m
[35md:\Projects\_Pending\CRM_Tracker\UnitTests\JSONConfigTests.pas (103): procedure TJSONConfigTests.TearDown;[0m
[35md:\Projects\_Pending\CRM_Tracker\UnitTests\JSONConfigTests.pas (112): procedure TJSONConfigTests.TestCreateAndDestroy;[0m
[35md:\Projects\_Pending\CRM_Tracker\UnitTests\JSONConfigTests.pas (118):   Assert.AreEqual('{}', fConfig.Value, 'Initial Value should be an empty JSON object.');[0m
[35md:\Projects\_Pending\CRM_Tracker\UnitTests\JSONConfigTests.pas (121): procedure TJSONConfigTests.TestClear;[0m
[35md:\Projects\_Pending\CRM_Tracker\UnitTests\JSONConfigTests.pas (133):   Assert.AreEqual('{}', fConfig.Value, 'Value should be empty JSON object after clear.');[0m
[35md:\Projects\_Pending\CRM_Tracker\UnitTests\JSONConfigTests.pas (136): procedure TJSONConfigTests.TestSetAndGetString;[0m
[35md:\Projects\_Pending\CRM_Tracker\UnitTests\JSONConfigTests.pas (145): procedure TJSONConfigTests.TestSetAndGetInteger;[0m
[35md:\Projects\_Pending\CRM_Tracker\UnitTests\JSONConfigTests.pas (154): procedure TJSONConfigTests.TestSetAndGetFloat;[0m
[35md:\Projects\_Pending\CRM_Tracker\UnitTests\JSONConfigTests.pas (164): procedure TJSONConfigTests.TestSetAndGetBoolean;[0m
[35md:\Projects\_Pending\CRM_Tracker\UnitTests\JSONConfigTests.pas (175): procedure TJSONConfigTests.TestSetAndGetDateTime;[0m
[35md:\Projects\_Pending\CRM_Tracker\UnitTests\JSONConfigTests.pas (191): procedure TJSONConfigTests.TestSetAndGetTime;[0m
[35md:\Projects\_Pending\CRM_Tracker\UnitTests\JSONConfigTests.pas (205): procedure TJSONConfigTests.TestGetStringWithDefault;[0m
[35md:\Projects\_Pending\CRM_Tracker\UnitTests\JSONConfigTests.pas (216): procedure TJSONConfigTests.TestGetIntegerWithDefault;[0m
[35md:\Projects\_Pending\CRM_Tracker\UnitTests\JSONConfigTests.pas (224): procedure TJSONConfigTests.TestGetFloatWithDefault;[0m
[35md:\Projects\_Pending\CRM_Tracker\UnitTests\JSONConfigTests.pas (232): procedure TJSONConfigTests.TestGetBooleanWithDefault;[0m
[35md:\Projects\_Pending\CRM_Tracker\UnitTests\JSONConfigTests.pas (243): procedure TJSONConfigTests.TestGetDateTimeWithDefault;[0m
[35md:\Projects\_Pending\CRM_Tracker\UnitTests\JSONConfigTests.pas (253): procedure TJSONConfigTests.TestGetTimeWithDefault;[0m
[35md:\Projects\_Pending\CRM_Tracker\UnitTests\JSONConfigTests.pas (263): procedure TJSONConfigTests.TestGetIntegerFromNonNumber_RaisesException;[0m
[35md:\Projects\_Pending\CRM_Tracker\UnitTests\JSONConfigTests.pas (279): procedure TJSONConfigTests.TestGetFloatFromNonNumber_RaisesException;[0m
[35md:\Projects\_Pending\CRM_Tracker\UnitTests\JSONConfigTests.pas (294): procedure TJSONConfigTests.TestGetDateTimeFromNonString_RaisesException;[0m
[35md:\Projects\_Pending\CRM_Tracker\UnitTests\JSONConfigTests.pas (309): procedure TJSONConfigTests.TestGetTimeFromNonString_RaisesException;[0m
[35md:\Projects\_Pending\CRM_Tracker\UnitTests\JSONConfigTests.pas (324): procedure TJSONConfigTests.TestHasKey;[0m
[35md:\Projects\_Pending\CRM_Tracker\UnitTests\JSONConfigTests.pas (334): procedure TJSONConfigTests.TestDeleteKey;[0m
[35md:\Projects\_Pending\CRM_Tracker\UnitTests\JSONConfigTests.pas (348): procedure TJSONConfigTests.TestLoadAndSaveFile;[0m
[35md:\Projects\_Pending\CRM_Tracker\UnitTests\JSONConfigTests.pas (375): procedure TJSONConfigTests.TestLoadFileNotFound_RaisesException;[0m
[35md:\Projects\_Pending\CRM_Tracker\UnitTests\JSONConfigTests.pas (390): procedure TJSONConfigTests.TestLoadInvalidJson_RaisesException;[0m
[35md:\Projects\_Pending\CRM_Tracker\UnitTests\JSONConfigTests.pas (392):   // Write malformed JSON to the test file[0m
[35md:\Projects\_Pending\CRM_Tracker\UnitTests\JSONConfigTests.pas (401):     'LoadFromFile should raise an exception for invalid JSON syntax.'[0m
[35md:\Projects\_Pending\CRM_Tracker\UnitTests\JSONConfigTests.pas (405): procedure TJSONConfigTests.TestGetValue;[0m
[35md:\Projects\_Pending\CRM_Tracker\UnitTests\JSONConfigTests.pas (412):   Assert.IsTrue(fConfig.Value.StartsWith('{') and fConfig.Value.EndsWith('}'), 'GetValue should return a valid JSON object string.');[0m
[35md:\Projects\_Pending\CRM_Tracker\UnitTests\JSONConfigTests.pas (415): procedure TJSONConfigTests.TestSetValueValidJson;[0m
[35md:\Projects\_Pending\CRM_Tracker\UnitTests\JSONConfigTests.pas (417):   ValidJson = '{"Product":"Delphi","Version":11.3,"IsAwesome":true}';[0m
[35md:\Projects\_Pending\CRM_Tracker\UnitTests\JSONConfigTests.pas (419):   fConfig.Value := ValidJson;[0m
[35md:\Projects\_Pending\CRM_Tracker\UnitTests\JSONConfigTests.pas (425): procedure TJSONConfigTests.TestSetValueInvalidJson_RaisesException;[0m
[35md:\Projects\_Pending\CRM_Tracker\UnitTests\JSONConfigTests.pas (427):   InvalidJson = '{ "key": "value", "another": '; // Malformed[0m
[35md:\Projects\_Pending\CRM_Tracker\UnitTests\JSONConfigTests.pas (428):   NonObjectJson = '["item1", "item2"]'; // Valid JSON, but not an object[0m
[35md:\Projects\_Pending\CRM_Tracker\UnitTests\JSONConfigTests.pas (430):   // Test malformed JSON[0m
[35md:\Projects\_Pending\CRM_Tracker\UnitTests\JSONConfigTests.pas (434):       fConfig.Value := InvalidJson;[0m
[35md:\Projects\_Pending\CRM_Tracker\UnitTests\JSONConfigTests.pas (437):     'SetValue should raise an exception for malformed JSON.'[0m
[35md:\Projects\_Pending\CRM_Tracker\UnitTests\JSONConfigTests.pas (440):   // Test valid JSON but not a root object[0m
[35md:\Projects\_Pending\CRM_Tracker\UnitTests\JSONConfigTests.pas (444):       fConfig.Value := NonObjectJson;[0m
[35md:\Projects\_Pending\CRM_Tracker\UnitTests\JSONConfigTests.pas (447):     'SetValue should raise an exception if the raw JSON is not a root object.'[0m
[35md:\Projects\_Pending\CRM_Tracker\UnitTests\JSONConfigTests.pas (452):   TDUnitX.RegisterTestFixture(TJSONConfigTests);[0m
[32mFOUND: d:\Projects\_Pending\CRM_Tracker\UnitTests\TestBsonBuilder.pas[0m
[35md:\Projects\_Pending\CRM_Tracker\UnitTests\TestBsonBuilder.pas (11):   System.JSON,[0m
[35md:\Projects\_Pending\CRM_Tracker\UnitTests\TestBsonBuilder.pas (47):   json: string;[0m
[35md:\Projects\_Pending\CRM_Tracker\UnitTests\TestBsonBuilder.pas (54):       json := bson_as_json(bson, nil);[0m
[35md:\Projects\_Pending\CRM_Tracker\UnitTests\TestBsonBuilder.pas (55):       Assert.AreEqual('{ "key" : "value" }', json, 'Failed to add string');[0m
[35md:\Projects\_Pending\CRM_Tracker\UnitTests\TestBsonBuilder.pas (68):   json: string;[0m
[35md:\Projects\_Pending\CRM_Tracker\UnitTests\TestBsonBuilder.pas (75):       json := bson_as_json(bson, nil);[0m
[35md:\Projects\_Pending\CRM_Tracker\UnitTests\TestBsonBuilder.pas (76):       Assert.AreEqual('{ "key" : 123 }', json, 'Failed to add integer');[0m
[35md:\Projects\_Pending\CRM_Tracker\UnitTests\TestBsonBuilder.pas (89):   json: string;[0m
[35md:\Projects\_Pending\CRM_Tracker\UnitTests\TestBsonBuilder.pas (98):       json := bson_as_json(bson, nil);[0m
[35md:\Projects\_Pending\CRM_Tracker\UnitTests\TestBsonBuilder.pas (99):       Assert.AreEqual('{ "key" : 9876543210 }', json, 'Failed to add Int64');[0m
[35md:\Projects\_Pending\CRM_Tracker\UnitTests\TestBsonBuilder.pas (112):   json: string;[0m
[35md:\Projects\_Pending\CRM_Tracker\UnitTests\TestBsonBuilder.pas (120):       json := bson_as_json(bson, nil);[0m
[35md:\Projects\_Pending\CRM_Tracker\UnitTests\TestBsonBuilder.pas (121):       Assert.AreEqual('{ "key" : 123.5 }', json, 'Failed to add double');[0m
[35md:\Projects\_Pending\CRM_Tracker\UnitTests\TestBsonBuilder.pas (134):   json: string;[0m
[35md:\Projects\_Pending\CRM_Tracker\UnitTests\TestBsonBuilder.pas (141):       json := bson_as_json(bson, nil);[0m
[35md:\Projects\_Pending\CRM_Tracker\UnitTests\TestBsonBuilder.pas (142):       Assert.AreEqual('{ "keyTrue" : true, "keyFalse" : false }', json, 'Failed to add boolean');[0m
[35md:\Projects\_Pending\CRM_Tracker\UnitTests\TestBsonBuilder.pas (155):   json: string;[0m
[35md:\Projects\_Pending\CRM_Tracker\UnitTests\TestBsonBuilder.pas (157):   expectedJson: string;[0m
[35md:\Projects\_Pending\CRM_Tracker\UnitTests\TestBsonBuilder.pas (158):   jsonValue,[0m
[35md:\Projects\_Pending\CRM_Tracker\UnitTests\TestBsonBuilder.pas (160):   dateValue: TJSONValue;[0m
[35md:\Projects\_Pending\CRM_Tracker\UnitTests\TestBsonBuilder.pas (172):       json := bson_as_json(bson, nil);[0m
[35md:\Projects\_Pending\CRM_Tracker\UnitTests\TestBsonBuilder.pas (173):       jsonValue := TJSONObject.ParseJSONValue(json);[0m
[35md:\Projects\_Pending\CRM_Tracker\UnitTests\TestBsonBuilder.pas (176):       eventTimeObj := TJSONObject(jsonValue).GetValue('event_time');[0m
[35md:\Projects\_Pending\CRM_Tracker\UnitTests\TestBsonBuilder.pas (177):       dateValue := TJSONObject(eventTimeObj).GetValue('$date');[0m
[35md:\Projects\_Pending\CRM_Tracker\UnitTests\TestBsonBuilder.pas (179):       unixMillis := TJSONNumber(dateValue).AsInt64;[0m
[35md:\Projects\_Pending\CRM_Tracker\UnitTests\TestBsonBuilder.pas (188):       expectedJson := '{ "event_time" : { "$date" : 1698402605000 } }';[0m
[35md:\Projects\_Pending\CRM_Tracker\UnitTests\TestBsonBuilder.pas (189):       Assert.AreEqual(expectedJson, json, 'Failed to add TDateTime');[0m
[35md:\Projects\_Pending\CRM_Tracker\UnitTests\TestBsonBuilder.pas (195):     jsonValue.Free;[0m
[35md:\Projects\_Pending\CRM_Tracker\UnitTests\TestBsonBuilder.pas (204):   json: string;[0m
[35md:\Projects\_Pending\CRM_Tracker\UnitTests\TestBsonBuilder.pas (211):       json := bson_as_json(bson, nil);[0m
[35md:\Projects\_Pending\CRM_Tracker\UnitTests\TestBsonBuilder.pas (212):       Assert.AreEqual('{ "my_array" : [ "A", "B", "C" ] }', json, 'Failed to add array of strings');[0m
[35md:\Projects\_Pending\CRM_Tracker\UnitTests\TestBsonBuilder.pas (225):   json: string;[0m
[35md:\Projects\_Pending\CRM_Tracker\UnitTests\TestBsonBuilder.pas (239):       json := bson_as_json(bson, nil);[0m
[35md:\Projects\_Pending\CRM_Tracker\UnitTests\TestBsonBuilder.pas (240):       Assert.AreEqual('{ "embedded_doc" : { "field1" : "value1", "field2" : 99 } }', json, 'Failed to add embedded document');[0m
[35md:\Projects\_Pending\CRM_Tracker\UnitTests\TestBsonBuilder.pas (253):   json: string;[0m
[35md:\Projects\_Pending\CRM_Tracker\UnitTests\TestBsonBuilder.pas (262):       json := bson_as_json(bson, nil);[0m
[35md:\Projects\_Pending\CRM_Tracker\UnitTests\TestBsonBuilder.pas (263):       Assert.AreEqual('{ "name" : "test", "count" : 1, "enabled" : true }', json, 'Failed to chain Add calls');[0m
[32mFOUND: d:\Projects\_Pending\CRM_Tracker\UnitTests\TestJSONUtils.pas[0m
[35md:\Projects\_Pending\CRM_Tracker\UnitTests\TestJSONUtils.pas (1): unit TestJSONUtils;[0m
[35md:\Projects\_Pending\CRM_Tracker\UnitTests\TestJSONUtils.pas (7):   JsonUtils,[0m
[35md:\Projects\_Pending\CRM_Tracker\UnitTests\TestJSONUtils.pas (12):   TJSONUtilsTests = class(TObject)[0m
[35md:\Projects\_Pending\CRM_Tracker\UnitTests\TestJSONUtils.pas (15):     procedure TestEscapeJsonString_Simple;[0m
[35md:\Projects\_Pending\CRM_Tracker\UnitTests\TestJSONUtils.pas (17):     procedure TestEscapeJsonString_WithQuotesAndSlashes;[0m
[35md:\Projects\_Pending\CRM_Tracker\UnitTests\TestJSONUtils.pas (19):     procedure TestEscapeJsonString_WithControlChars;[0m
[35md:\Projects\_Pending\CRM_Tracker\UnitTests\TestJSONUtils.pas (22):     procedure TestUnEscapeJsonString_Simple;[0m
[35md:\Projects\_Pending\CRM_Tracker\UnitTests\TestJSONUtils.pas (24):     procedure TestUnEscapeJsonString_WithQuotesAndSlashes;[0m
[35md:\Projects\_Pending\CRM_Tracker\UnitTests\TestJSONUtils.pas (26):     procedure TestUnEscapeJsonString_WithControlChars;[0m
[35md:\Projects\_Pending\CRM_Tracker\UnitTests\TestJSONUtils.pas (28):     procedure TestUnEscapeJsonString_WithUnicode;[0m
[35md:\Projects\_Pending\CRM_Tracker\UnitTests\TestJSONUtils.pas (30):     procedure TestUnEscapeJsonString_WithoutOuterQuotes;[0m
[35md:\Projects\_Pending\CRM_Tracker\UnitTests\TestJSONUtils.pas (33):     procedure TestJsonPrettyPrint_SimpleObject;[0m
[35md:\Projects\_Pending\CRM_Tracker\UnitTests\TestJSONUtils.pas (35):     procedure TestJsonPrettyPrint_NestedObject;[0m
[35md:\Projects\_Pending\CRM_Tracker\UnitTests\TestJSONUtils.pas (37):     procedure TestJsonPrettyPrint_InvalidJsonReturnsOriginal;[0m
[35md:\Projects\_Pending\CRM_Tracker\UnitTests\TestJSONUtils.pas (39):     procedure TestJsonPrettyPrint_EmptyString;[0m
[35md:\Projects\_Pending\CRM_Tracker\UnitTests\TestJSONUtils.pas (44): { TJSONUtilsTests }[0m
[35md:\Projects\_Pending\CRM_Tracker\UnitTests\TestJSONUtils.pas (46): procedure TJSONUtilsTests.TestEscapeJsonString_Simple;[0m
[35md:\Projects\_Pending\CRM_Tracker\UnitTests\TestJSONUtils.pas (48):   Assert.AreEqual('"hello world"', EscapeJsonString('hello world'));[0m
[35md:\Projects\_Pending\CRM_Tracker\UnitTests\TestJSONUtils.pas (51): procedure TJSONUtilsTests.TestEscapeJsonString_WithQuotesAndSlashes;[0m
[35md:\Projects\_Pending\CRM_Tracker\UnitTests\TestJSONUtils.pas (53):   Assert.AreEqual('"say \"hi\" to C:\\path"', EscapeJsonString('say "hi" to C:\path'));[0m
[35md:\Projects\_Pending\CRM_Tracker\UnitTests\TestJSONUtils.pas (56): procedure TJSONUtilsTests.TestEscapeJsonString_WithControlChars;[0m
[35md:\Projects\_Pending\CRM_Tracker\UnitTests\TestJSONUtils.pas (58):   Assert.AreEqual('"line1\nline2\r\t-tabbed"', EscapeJsonString('line1'#10'line2'#13#9'-tabbed'));[0m
[35md:\Projects\_Pending\CRM_Tracker\UnitTests\TestJSONUtils.pas (61): procedure TJSONUtilsTests.TestUnEscapeJsonString_Simple;[0m
[35md:\Projects\_Pending\CRM_Tracker\UnitTests\TestJSONUtils.pas (63):   Assert.AreEqual('hello world', UnEscapeJsonString('"hello world"'));[0m
[35md:\Projects\_Pending\CRM_Tracker\UnitTests\TestJSONUtils.pas (66): procedure TJSONUtilsTests.TestUnEscapeJsonString_WithQuotesAndSlashes;[0m
[35md:\Projects\_Pending\CRM_Tracker\UnitTests\TestJSONUtils.pas (68):   Assert.AreEqual('say "hi" to C:\path', UnEscapeJsonString('"say \"hi\" to C:\\path"'));[0m
[35md:\Projects\_Pending\CRM_Tracker\UnitTests\TestJSONUtils.pas (71): procedure TJSONUtilsTests.TestUnEscapeJsonString_WithControlChars;[0m
[35md:\Projects\_Pending\CRM_Tracker\UnitTests\TestJSONUtils.pas (73):   Assert.AreEqual('line1'#10'line2'#13#9'-tabbed', UnEscapeJsonString('"line1\nline2\r\t-tabbed"'));[0m
[35md:\Projects\_Pending\CRM_Tracker\UnitTests\TestJSONUtils.pas (76): procedure TJSONUtilsTests.TestUnEscapeJsonString_WithUnicode;[0m
[35md:\Projects\_Pending\CRM_Tracker\UnitTests\TestJSONUtils.pas (79):   Assert.AreEqual('A', UnEscapeJsonString('"\u0041"'));[0m
[35md:\Projects\_Pending\CRM_Tracker\UnitTests\TestJSONUtils.pas (82): procedure TJSONUtilsTests.TestUnEscapeJsonString_WithoutOuterQuotes;[0m
[35md:\Projects\_Pending\CRM_Tracker\UnitTests\TestJSONUtils.pas (85):   Assert.AreEqual('test', UnEscapeJsonString('test'));[0m
[35md:\Projects\_Pending\CRM_Tracker\UnitTests\TestJSONUtils.pas (88): procedure TJSONUtilsTests.TestJsonPrettyPrint_SimpleObject;[0m
[35md:\Projects\_Pending\CRM_Tracker\UnitTests\TestJSONUtils.pas (97):   Assert.AreEqual(expected, JsonPrettyPrint(compact));[0m
[35md:\Projects\_Pending\CRM_Tracker\UnitTests\TestJSONUtils.pas (100): procedure TJSONUtilsTests.TestJsonPrettyPrint_NestedObject;[0m
[35md:\Projects\_Pending\CRM_Tracker\UnitTests\TestJSONUtils.pas (114):   Assert.AreEqual(expected, JsonPrettyPrint(compact));[0m
[35md:\Projects\_Pending\CRM_Tracker\UnitTests\TestJSONUtils.pas (117): procedure TJSONUtilsTests.TestJsonPrettyPrint_InvalidJsonReturnsOriginal;[0m
[35md:\Projects\_Pending\CRM_Tracker\UnitTests\TestJSONUtils.pas (119):   invalidJson: string;[0m
[35md:\Projects\_Pending\CRM_Tracker\UnitTests\TestJSONUtils.pas (123):   invalidJson := '{"name":"test"';[0m
[35md:\Projects\_Pending\CRM_Tracker\UnitTests\TestJSONUtils.pas (124):   expected := JsonPrettyPrint(invalidJson);[0m
[35md:\Projects\_Pending\CRM_Tracker\UnitTests\TestJSONUtils.pas (128):   Assert.AreEqual(expected, invalidJson);[0m
[35md:\Projects\_Pending\CRM_Tracker\UnitTests\TestJSONUtils.pas (131): procedure TJSONUtilsTests.TestJsonPrettyPrint_EmptyString;[0m
[35md:\Projects\_Pending\CRM_Tracker\UnitTests\TestJSONUtils.pas (133):   Assert.AreEqual('', JsonPrettyPrint(''));[0m
[32mFOUND: d:\Projects\_Pending\CRM_Tracker\UnitTests\TestLogProcessorServiceControl.pas[0m
[35md:\Projects\_Pending\CRM_Tracker\UnitTests\TestLogProcessorServiceControl.pas (50):   FConfigPath := ExtractFilePath(ParamStr(0)) + 'LogProcessorService.json';[0m
[32mFOUND: d:\Projects\_Pending\Demonstrator\BsonBuilder.pas[0m
[35md:\Projects\_Pending\Demonstrator\BsonBuilder.pas (6):   System.SysUtils, System.Classes, System.JSON,[0m
[32mFOUND: d:\Projects\_Pending\Demonstrator\DemonstratorController.pas[0m
[35md:\Projects\_Pending\Demonstrator\DemonstratorController.pas (6):   System.SysUtils, System.Classes, VCL.Dialogs, System.JSON, System.IOUtils,[0m
[35md:\Projects\_Pending\Demonstrator\DemonstratorController.pas (9):   MongoDBWrapper, MongoCLib, BSonBuilder, JsonUtils;[0m
[35md:\Projects\_Pending\Demonstrator\DemonstratorController.pas (24):     procedure InsertManyFromJsonClick(Sender: TObject);[0m
[35md:\Projects\_Pending\Demonstrator\DemonstratorController.pas (57):     function InsertManyFromJson: TMongoOperationResult;[0m
[35md:\Projects\_Pending\Demonstrator\DemonstratorController.pas (74):     function PrettyPrint(json: string): string;[0m
[35md:\Projects\_Pending\Demonstrator\DemonstratorController.pas (92):   fView.btnInsertManyFromJson.OnClick := InsertManyFromJsonClick;[0m
[35md:\Projects\_Pending\Demonstrator\DemonstratorController.pas (172):   json: string;[0m
[35md:\Projects\_Pending\Demonstrator\DemonstratorController.pas (176):     json := fView.memInsert.Text;[0m
[35md:\Projects\_Pending\Demonstrator\DemonstratorController.pas (177):     insertResult := InsertOne(json);[0m
[35md:\Projects\_Pending\Demonstrator\DemonstratorController.pas (188):   json: string;[0m
[35md:\Projects\_Pending\Demonstrator\DemonstratorController.pas (192):     json := fView.memInsert.Text;[0m
[35md:\Projects\_Pending\Demonstrator\DemonstratorController.pas (193):     insertResult := InsertMany(json);[0m
[35md:\Projects\_Pending\Demonstrator\DemonstratorController.pas (204): procedure TController.InsertManyFromJsonClick(Sender: TObject);[0m
[35md:\Projects\_Pending\Demonstrator\DemonstratorController.pas (209):     insertResult := InsertManyFromJson;[0m
[35md:\Projects\_Pending\Demonstrator\DemonstratorController.pas (530):     Result := fMongoDB.InsertManyFromJson(fMongoDB.GetCollection,aDocuments);[0m
[35md:\Projects\_Pending\Demonstrator\DemonstratorController.pas (537): function TController.InsertManyFromJson: TMongoOperationResult;[0m
[35md:\Projects\_Pending\Demonstrator\DemonstratorController.pas (549):         Result := fMongoDB.InsertManyFromJson(fMongoDB.GetCollection,documents);[0m
[35md:\Projects\_Pending\Demonstrator\DemonstratorController.pas (551):          on E: Exception do Log('Failed to insert many from json; execution failed.');[0m
[35md:\Projects\_Pending\Demonstrator\DemonstratorController.pas (556):       Log('Failed to insert many from json; file is empty.');[0m
[35md:\Projects\_Pending\Demonstrator\DemonstratorController.pas (559):     Log('Failed to insert many from json; no file specified.');[0m
[35md:\Projects\_Pending\Demonstrator\DemonstratorController.pas (576):     if ((Assigned(Result.JSONArray)) and (Result.JSONArray.Count >= 1)) then[0m
[35md:\Projects\_Pending\Demonstrator\DemonstratorController.pas (578):       Result.Text := JsonPrettyPrint( Result.JSONArray.Items[0].ToString );[0m
[35md:\Projects\_Pending\Demonstrator\DemonstratorController.pas (630):   optionsJson: string;[0m
[35md:\Projects\_Pending\Demonstrator\DemonstratorController.pas (633):   optionsJson := '';[0m
[35md:\Projects\_Pending\Demonstrator\DemonstratorController.pas (636):     collection := fMongoDB.CreateCollection(fMongoDB.GetDatabase, aCollectionName, optionsJson);[0m
[35md:\Projects\_Pending\Demonstrator\DemonstratorController.pas (676):     if not dbName.IsEmpty then Result := UnEscapeJsonString( fMongoDB.RunCommand(dbName, aCommand) );[0m
[35md:\Projects\_Pending\Demonstrator\DemonstratorController.pas (693): function TController.PrettyPrint(json: string): string;[0m
[35md:\Projects\_Pending\Demonstrator\DemonstratorController.pas (695):   Result := JsonPrettyPrint(json);[0m
[32mFOUND: d:\Projects\_Pending\Demonstrator\DemonstratorMainForm.pas[0m
[35md:\Projects\_Pending\Demonstrator\DemonstratorMainForm.pas (71):     btnInsertManyFromJson: TButton;[0m
[32mFOUND: d:\Projects\_Pending\Demonstrator\JsonUtils.pas[0m
[35md:\Projects\_Pending\Demonstrator\JsonUtils.pas (1): unit JsonUtils;[0m
[35md:\Projects\_Pending\Demonstrator\JsonUtils.pas (8):   function EscapeJsonString(const Value: string): string;[0m
[35md:\Projects\_Pending\Demonstrator\JsonUtils.pas (9):   function UnEscapeJsonString(const json: string): string;[0m
[35md:\Projects\_Pending\Demonstrator\JsonUtils.pas (10):   function JsonPrettyPrint(const aJson: string): string;[0m
[35md:\Projects\_Pending\Demonstrator\JsonUtils.pas (15):   System.JSON;[0m
[35md:\Projects\_Pending\Demonstrator\JsonUtils.pas (17): function EscapeJsonString(const Value: string): string;[0m
[35md:\Projects\_Pending\Demonstrator\JsonUtils.pas (45): function UnEscapeJsonString(const json: string): string;[0m
[35md:\Projects\_Pending\Demonstrator\JsonUtils.pas (54):   len := Length(json);[0m
[35md:\Projects\_Pending\Demonstrator\JsonUtils.pas (56):   // 1. Strip the enclosing quotes that EscapeJsonString adds[0m
[35md:\Projects\_Pending\Demonstrator\JsonUtils.pas (57):   if (len >= 2) and (json[1] = '"') and (json[len] = '"') then[0m
[35md:\Projects\_Pending\Demonstrator\JsonUtils.pas (66):     ch := json[i];[0m
[35md:\Projects\_Pending\Demonstrator\JsonUtils.pas (75):       case json[i] of[0m
[35md:\Projects\_Pending\Demonstrator\JsonUtils.pas (89):               hexStr := Copy(json, i + 1, 4);[0m
[35md:\Projects\_Pending\Demonstrator\JsonUtils.pas (105):         // The character after '\' is not a valid JSON escape char (e.g., "\z").[0m
[35md:\Projects\_Pending\Demonstrator\JsonUtils.pas (107):         Result := Result + '\' + json[i];[0m
[35md:\Projects\_Pending\Demonstrator\JsonUtils.pas (121): function JsonPrettyPrint(const aJson: string): string;[0m
[35md:\Projects\_Pending\Demonstrator\JsonUtils.pas (123):   jsonValue: TJSONValue;[0m
[35md:\Projects\_Pending\Demonstrator\JsonUtils.pas (126):   if aJson.IsEmpty then[0m
[35md:\Projects\_Pending\Demonstrator\JsonUtils.pas (134):   Result := aJson;[0m
[35md:\Projects\_Pending\Demonstrator\JsonUtils.pas (137):     // Attempt to parse the JSON string into a TJSONValue object.[0m
[35md:\Projects\_Pending\Demonstrator\JsonUtils.pas (138):     // TJSONObject.ParseJSONValue can handle both JSON objects ({...}) and[0m
[35md:\Projects\_Pending\Demonstrator\JsonUtils.pas (139):     // JSON arrays ([...]) as the root element.[0m
[35md:\Projects\_Pending\Demonstrator\JsonUtils.pas (140):     jsonValue := TJSONObject.ParseJSONValue(aJson);[0m
[35md:\Projects\_Pending\Demonstrator\JsonUtils.pas (143):     if Assigned(jsonValue) then[0m
[35md:\Projects\_Pending\Demonstrator\JsonUtils.pas (146):         // Format the JSON object into a string with an indentation of 2 spaces.[0m
[35md:\Projects\_Pending\Demonstrator\JsonUtils.pas (148):         Result := jsonValue.Format(2);[0m
[35md:\Projects\_Pending\Demonstrator\JsonUtils.pas (150):         jsonValue.Free;[0m
[35md:\Projects\_Pending\Demonstrator\JsonUtils.pas (156):       raise Exception.CreateFmt('JsonPrettyPrint failed: %s',[e.Message]);[0m
[32mFOUND: d:\Projects\_Pending\Demonstrator\MongoCLib.pas[0m
[35md:\Projects\_Pending\Demonstrator\MongoCLib.pas (79): function bson_as_json(bson: Pbson_t; length: PCardinal = nil): PAnsiChar; cdecl; external LIBBSON;[0m
[35md:\Projects\_Pending\Demonstrator\MongoCLib.pas (80): function bson_as_canonical_extended_json(bson: Pbson_t; length: PCardinal = nil): PAnsiChar; cdecl; external LIBBSON;[0m
[35md:\Projects\_Pending\Demonstrator\MongoCLib.pas (81): function bson_new_from_json(data: PByte; length: integer; error: Pbson_error_t): Pbson_t; cdecl; external LIBBSON;[0m
[32mFOUND: d:\Projects\_Pending\Demonstrator\MongoDBWrapper.pas[0m
[35md:\Projects\_Pending\Demonstrator\MongoDBWrapper.pas (6):   System.SysUtils, System.Classes, System.JSON,[0m
[35md:\Projects\_Pending\Demonstrator\MongoDBWrapper.pas (23):     function BsonFromJson(const aJson: string; out oBson: Pbson_t): Boolean;[0m
[35md:\Projects\_Pending\Demonstrator\MongoDBWrapper.pas (42):     function CreateCollection(Database: Pmongoc_database_t; const aName: string; const aOptionsJson: string): Pmongoc_collection_t; overload;[0m
[35md:\Projects\_Pending\Demonstrator\MongoDBWrapper.pas (48):     function CreateIndex(aCollection: Pmongoc_collection_t; const aKeysJson: string; const aOptionsJson: string = ''): Boolean; overload;[0m
[35md:\Projects\_Pending\Demonstrator\MongoDBWrapper.pas (54):     function InsertOne(aCollection: Pmongoc_collection_t; const aJsonString: string): Boolean; overload;[0m
[35md:\Projects\_Pending\Demonstrator\MongoDBWrapper.pas (57):     function DeleteOne(aCollection: Pmongoc_collection_t; const JsonFilter: string): Boolean; overload;[0m
[35md:\Projects\_Pending\Demonstrator\MongoDBWrapper.pas (60):     function UpdateOne(aCollection: Pmongoc_collection_t; const aFilterJson, aUpdateJson: string): Boolean; overload;[0m
[35md:\Projects\_Pending\Demonstrator\MongoDBWrapper.pas (63):     function ReplaceOne(aCollection: Pmongoc_collection_t; const aFilterJson, aReplacementJson: string): Boolean; overload;[0m
[35md:\Projects\_Pending\Demonstrator\MongoDBWrapper.pas (67):     function DeleteMany(aCollection: Pmongoc_collection_t; const aJsonFilter: string): Boolean; overload;[0m
[35md:\Projects\_Pending\Demonstrator\MongoDBWrapper.pas (70):     function InsertManyFromJson(aCollection: Pmongoc_collection_t; const aJsonArray: string): Boolean;[0m
[35md:\Projects\_Pending\Demonstrator\MongoDBWrapper.pas (73):     function Find(aCollection: Pmongoc_collection_t; const aFilter, aProjection: Pbson_t): TJSONArray; overload;[0m
[35md:\Projects\_Pending\Demonstrator\MongoDBWrapper.pas (74):     function Find(aCollection: Pmongoc_collection_t; aJsonFilter: string; aJsonProjection: string = ''): TJSONArray; overload;[0m
[35md:\Projects\_Pending\Demonstrator\MongoDBWrapper.pas (75):     function Find(aJsonFilter, aJsonProjection: string): TJSONArray; overload;[0m
[35md:\Projects\_Pending\Demonstrator\MongoDBWrapper.pas (80):     function RunCommand(const aDatabase, aCommandJson: string): string; overload;[0m
[35md:\Projects\_Pending\Demonstrator\MongoDBWrapper.pas (142): function TMongoDB.BsonFromJson(const aJson: string; out oBson: Pbson_t): Boolean;[0m
[35md:\Projects\_Pending\Demonstrator\MongoDBWrapper.pas (146):   oBson := bson_new_from_json(PByte(PAnsiChar(AnsiString(aJson))), Length(aJson), @Error);[0m
[35md:\Projects\_Pending\Demonstrator\MongoDBWrapper.pas (149):     raise Exception.CreateFmt('BsonFromJson failed: %s',[Error.message]);[0m
[35md:\Projects\_Pending\Demonstrator\MongoDBWrapper.pas (228): function TMongoDB.CreateCollection(Database: Pmongoc_database_t; const aName: string; const aOptionsJson: string): Pmongoc_collection_t;[0m
[35md:\Projects\_Pending\Demonstrator\MongoDBWrapper.pas (234):   if aOptionsJson.IsEmpty then[0m
[35md:\Projects\_Pending\Demonstrator\MongoDBWrapper.pas (240):   // Otherwise, parse the JSON and proceed[0m
[35md:\Projects\_Pending\Demonstrator\MongoDBWrapper.pas (241):   if not BsonFromJson(aOptionsJson, Options) then[0m
[35md:\Projects\_Pending\Demonstrator\MongoDBWrapper.pas (309): function TMongoDB.CreateIndex(aCollection: Pmongoc_collection_t; const aKeysJson: string; const aOptionsJson: string): Boolean;[0m
[35md:\Projects\_Pending\Demonstrator\MongoDBWrapper.pas (317):   if not BsonFromJson(aKeysJson, Keys) then[0m
[35md:\Projects\_Pending\Demonstrator\MongoDBWrapper.pas (320):   // Only create the options BSON if the JSON string is provided[0m
[35md:\Projects\_Pending\Demonstrator\MongoDBWrapper.pas (321):   if not aOptionsJson.IsEmpty then[0m
[35md:\Projects\_Pending\Demonstrator\MongoDBWrapper.pas (323):     if not BsonFromJson(aOptionsJson, Options) then[0m
[35md:\Projects\_Pending\Demonstrator\MongoDBWrapper.pas (359): function TMongoDB.InsertOne(aCollection: Pmongoc_collection_t; const aJsonString: string): Boolean;[0m
[35md:\Projects\_Pending\Demonstrator\MongoDBWrapper.pas (363):   if not BsonFromJson(aJsonString, Doc) then[0m
[35md:\Projects\_Pending\Demonstrator\MongoDBWrapper.pas (386): function TMongoDB.InsertManyFromJson(aCollection: Pmongoc_collection_t; const aJsonArray: string): Boolean;[0m
[35md:\Projects\_Pending\Demonstrator\MongoDBWrapper.pas (388):   Parser: TJSONArray;[0m
[35md:\Projects\_Pending\Demonstrator\MongoDBWrapper.pas (396):     Parser := TJSONObject.ParseJSONValue(aJsonArray) as TJSONArray;[0m
[35md:\Projects\_Pending\Demonstrator\MongoDBWrapper.pas (401):         DocStr := Parser.Items[I].ToJSON;[0m
[35md:\Projects\_Pending\Demonstrator\MongoDBWrapper.pas (402):         Doc := bson_new_from_json(PByte(PAnsiChar(AnsiString(DocStr))), Length(DocStr), @Error);[0m
[35md:\Projects\_Pending\Demonstrator\MongoDBWrapper.pas (420):       raise Exception.CreateFmt('InsertManyFromJson failed: %s', [Error.message]);[0m
[35md:\Projects\_Pending\Demonstrator\MongoDBWrapper.pas (433): function TMongoDB.DeleteOne(aCollection: Pmongoc_collection_t; const JsonFilter: string): Boolean;[0m
[35md:\Projects\_Pending\Demonstrator\MongoDBWrapper.pas (437):   if not BsonFromJson(JsonFilter, Filter) then[0m
[35md:\Projects\_Pending\Demonstrator\MongoDBWrapper.pas (456): function TMongoDB.DeleteMany(aCollection: Pmongoc_collection_t; const aJsonFilter: string): Boolean;[0m
[35md:\Projects\_Pending\Demonstrator\MongoDBWrapper.pas (460):   if not BsonFromJson(aJsonFilter, Filter) then[0m
[35md:\Projects\_Pending\Demonstrator\MongoDBWrapper.pas (478): function TMongoDB.UpdateOne(aCollection: Pmongoc_collection_t; const aFilterJson, aUpdateJson: string): Boolean;[0m
[35md:\Projects\_Pending\Demonstrator\MongoDBWrapper.pas (482):   if not BsonFromJson(aFilterJson, Filter) then Exit(False);[0m
[35md:\Projects\_Pending\Demonstrator\MongoDBWrapper.pas (483):   if not BsonFromJson(aUpdateJson, Update) then Exit(False);[0m
[35md:\Projects\_Pending\Demonstrator\MongoDBWrapper.pas (502): function TMongoDB.ReplaceOne(aCollection: Pmongoc_collection_t; const aFilterJson, aReplacementJson: string): Boolean;[0m
[35md:\Projects\_Pending\Demonstrator\MongoDBWrapper.pas (506):   if not BsonFromJson(aFilterJson, Filter) then Exit(False);[0m
[35md:\Projects\_Pending\Demonstrator\MongoDBWrapper.pas (507):   if not BsonFromJson(aReplacementJson, Replacement) then Exit(False);[0m
[35md:\Projects\_Pending\Demonstrator\MongoDBWrapper.pas (518): function TMongoDB.Find(aCollection: Pmongoc_collection_t; const aFilter, aProjection: Pbson_t): TJSONArray;[0m
[35md:\Projects\_Pending\Demonstrator\MongoDBWrapper.pas (522):   JsonStr: PAnsiChar;[0m
[35md:\Projects\_Pending\Demonstrator\MongoDBWrapper.pas (523):   Obj: TJSONObject;[0m
[35md:\Projects\_Pending\Demonstrator\MongoDBWrapper.pas (524):   JsonArr: TJSONArray;[0m
[35md:\Projects\_Pending\Demonstrator\MongoDBWrapper.pas (526):   JsonArr := TJSONArray.Create;[0m
[35md:\Projects\_Pending\Demonstrator\MongoDBWrapper.pas (537):       JsonStr := bson_as_json(BsonDoc, nil);[0m
[35md:\Projects\_Pending\Demonstrator\MongoDBWrapper.pas (539):         Obj := TJSONObject.ParseJSONValue(string(JsonStr)) as TJSONObject;[0m
[35md:\Projects\_Pending\Demonstrator\MongoDBWrapper.pas (541):           JsonArr.AddElement(Obj)[0m
[35md:\Projects\_Pending\Demonstrator\MongoDBWrapper.pas (543):           raise Exception.Create('Find failed: Unable to parse BSON to JSON');[0m
[35md:\Projects\_Pending\Demonstrator\MongoDBWrapper.pas (545):         bson_free(JsonStr);[0m
[35md:\Projects\_Pending\Demonstrator\MongoDBWrapper.pas (551):   Result := JsonArr;[0m
[35md:\Projects\_Pending\Demonstrator\MongoDBWrapper.pas (554): function TMongoDB.Find(aCollection: Pmongoc_collection_t; aJsonFilter: string; aJsonProjection: string): TJSONArray;[0m
[35md:\Projects\_Pending\Demonstrator\MongoDBWrapper.pas (558):   if aJsonFilter.IsEmpty then aJsonFilter := '{}';[0m
[35md:\Projects\_Pending\Demonstrator\MongoDBWrapper.pas (559):   if not BsonFromJson(aJsonFilter, Filter) then[0m
[35md:\Projects\_Pending\Demonstrator\MongoDBWrapper.pas (560):     raise Exception.Create('Find failed: Invalid JSON for filter');[0m
[35md:\Projects\_Pending\Demonstrator\MongoDBWrapper.pas (562):   // Set projection to nil initially. It will only be created if aJsonProjection is not empty.[0m
[35md:\Projects\_Pending\Demonstrator\MongoDBWrapper.pas (564):   if not aJsonProjection.IsEmpty then[0m
[35md:\Projects\_Pending\Demonstrator\MongoDBWrapper.pas (566):     if not BsonFromJson(aJsonProjection, Projection) then[0m
[35md:\Projects\_Pending\Demonstrator\MongoDBWrapper.pas (569):       raise Exception.Create('Find failed: Invalid JSON for projection');[0m
[35md:\Projects\_Pending\Demonstrator\MongoDBWrapper.pas (582): function TMongoDB.Find(aJsonFilter: string; aJsonProjection: string): TJSONArray;[0m
[35md:\Projects\_Pending\Demonstrator\MongoDBWrapper.pas (585):     Result := Find(fCollection, aJsonFilter, aJsonProjection);[0m
[35md:\Projects\_Pending\Demonstrator\MongoDBWrapper.pas (595):   JsonStr: PAnsiChar;[0m
[35md:\Projects\_Pending\Demonstrator\MongoDBWrapper.pas (605):     JsonStr := bson_as_json(Reply, nil);[0m
[35md:\Projects\_Pending\Demonstrator\MongoDBWrapper.pas (607):       Result := string(JsonStr);[0m
[35md:\Projects\_Pending\Demonstrator\MongoDBWrapper.pas (609):       bson_free(JsonStr);[0m
[35md:\Projects\_Pending\Demonstrator\MongoDBWrapper.pas (623): function TMongoDB.RunCommand(const aDatabase, aCommandJson: string): string;[0m
[35md:\Projects\_Pending\Demonstrator\MongoDBWrapper.pas (627):   if not BsonFromJson(aCommandJson, CommandDoc) then[0m
[35md:\Projects\_Pending\Demonstrator\MongoDBWrapper.pas (628):     raise Exception.Create('RunCommand failed: Invalid JSON for command document');[0m
[35md:\Projects\_Pending\Demonstrator\MongoDBWrapper.pas (654):   if not BsonFromJson(aFilter, filterBson) then[0m
[35md:\Projects\_Pending\Demonstrator\MongoDBWrapper.pas (655):     // BsonFromJson already writes the error to the console.[0m
[32mFOUND: d:\Projects\_Pending\FileKiwi_local\Source\uFileKiwi.pas[0m
[35md:\Projects\_Pending\FileKiwi_local\Source\uFileKiwi.pas (6):   System.Classes, System.SysUtils, System.JSON,[0m
[35md:\Projects\_Pending\FileKiwi_local\Source\uFileKiwi.pas (64):   FRestClient.ContentType := ctAPPLICATION_JSON;[0m
[35md:\Projects\_Pending\FileKiwi_local\Source\uFileKiwi.pas (123):       LJsonObj: TJSONObject;[0m
[35md:\Projects\_Pending\FileKiwi_local\Source\uFileKiwi.pas (124):       LFilesArray: TJSONArray;[0m
[35md:\Projects\_Pending\FileKiwi_local\Source\uFileKiwi.pas (131):           LJsonObj := FRestResponse.JSONValue as TJSONObject;[0m
[35md:\Projects\_Pending\FileKiwi_local\Source\uFileKiwi.pas (132):           if Assigned(LJsonObj) and LJsonObj.TryGetValue<TJSONArray>('files', LFilesArray) then[0m
[35md:\Projects\_Pending\FileKiwi_local\Source\uFileKiwi.pas (166):   LJsonBody: TJSONObject;[0m
[35md:\Projects\_Pending\FileKiwi_local\Source\uFileKiwi.pas (167):   LFilesArray: TJSONArray;[0m
[35md:\Projects\_Pending\FileKiwi_local\Source\uFileKiwi.pas (168):   LFileObj: TJSONObject;[0m
[35md:\Projects\_Pending\FileKiwi_local\Source\uFileKiwi.pas (169):   LEncObj: TJSONObject;[0m
[35md:\Projects\_Pending\FileKiwi_local\Source\uFileKiwi.pas (174):   LJsonBody := TJSONObject.Create;[0m
[35md:\Projects\_Pending\FileKiwi_local\Source\uFileKiwi.pas (176):     LJsonBody.AddPair('title', 'API Upload');[0m
[35md:\Projects\_Pending\FileKiwi_local\Source\uFileKiwi.pas (177):     LJsonBody.AddPair('mode', 'send');[0m
[35md:\Projects\_Pending\FileKiwi_local\Source\uFileKiwi.pas (181):       LEncObj := TJSONObject.Create;[0m
[35md:\Projects\_Pending\FileKiwi_local\Source\uFileKiwi.pas (183):       LJsonBody.AddPair('encryption', LEncObj);[0m
[35md:\Projects\_Pending\FileKiwi_local\Source\uFileKiwi.pas (186):     LFilesArray := TJSONArray.Create;[0m
[35md:\Projects\_Pending\FileKiwi_local\Source\uFileKiwi.pas (187):     LFileObj := TJSONObject.Create;[0m
[35md:\Projects\_Pending\FileKiwi_local\Source\uFileKiwi.pas (190):     LFileObj.AddPair('filesize', TJSONNumber.Create(aFileSize));[0m
[35md:\Projects\_Pending\FileKiwi_local\Source\uFileKiwi.pas (193):     LJsonBody.AddPair('files', LFilesArray);[0m
[35md:\Projects\_Pending\FileKiwi_local\Source\uFileKiwi.pas (196):     FRestRequest.AddBody(LJsonBody.ToString, ctAPPLICATION_JSON);[0m
[35md:\Projects\_Pending\FileKiwi_local\Source\uFileKiwi.pas (198):     LJsonBody.Free;[0m
[35md:\Projects\_Pending\FileKiwi_local\Source\uFileKiwi.pas (204):       LRespObj: TJSONObject;[0m
[35md:\Projects\_Pending\FileKiwi_local\Source\uFileKiwi.pas (209):         LRespObj := FRestResponse.JSONValue as TJSONObject;[0m
[32mFOUND: d:\Projects\_Pending\Grep_local\Source\JSONConfig.pas[0m
[35md:\Projects\_Pending\Grep_local\Source\JSONConfig.pas (1): unit JSONConfig;[0m
[35md:\Projects\_Pending\Grep_local\Source\JSONConfig.pas (9):   System.JSON, System.Generics.Collections;[0m
[35md:\Projects\_Pending\Grep_local\Source\JSONConfig.pas (12):   TJSONConfig = class[0m
[35md:\Projects\_Pending\Grep_local\Source\JSONConfig.pas (15):     fJSONObject: TJSONObject;[0m
[35md:\Projects\_Pending\Grep_local\Source\JSONConfig.pas (18):     function GetJsonValue(const aKey: string): TJsonValue;[0m
[35md:\Projects\_Pending\Grep_local\Source\JSONConfig.pas (42):     procedure SetJSONArray(const aKey: string; aValue: TJSONArray);[0m
[35md:\Projects\_Pending\Grep_local\Source\JSONConfig.pas (51):     function GetJSONArray(const aKey: string): TJSONArray;[0m
[35md:\Projects\_Pending\Grep_local\Source\JSONConfig.pas (59): { TJSONConfig }[0m
[35md:\Projects\_Pending\Grep_local\Source\JSONConfig.pas (61): constructor TJSONConfig.Create;[0m
[35md:\Projects\_Pending\Grep_local\Source\JSONConfig.pas (64):   fJSONObject := TJSONObject.Create;[0m
[35md:\Projects\_Pending\Grep_local\Source\JSONConfig.pas (68): destructor TJSONConfig.Destroy;[0m
[35md:\Projects\_Pending\Grep_local\Source\JSONConfig.pas (70):   fJSONObject.Free;[0m
[35md:\Projects\_Pending\Grep_local\Source\JSONConfig.pas (74): procedure TJSONConfig.Clear;[0m
[35md:\Projects\_Pending\Grep_local\Source\JSONConfig.pas (76):   fJSONObject.Free;[0m
[35md:\Projects\_Pending\Grep_local\Source\JSONConfig.pas (77):   fJSONObject := TJSONObject.Create;[0m
[35md:\Projects\_Pending\Grep_local\Source\JSONConfig.pas (80): function TJSONConfig.GetJsonValue(const aKey: string): TJsonValue;[0m
[35md:\Projects\_Pending\Grep_local\Source\JSONConfig.pas (82):   Result := fJSONObject.GetValue(aKey);[0m
[35md:\Projects\_Pending\Grep_local\Source\JSONConfig.pas (85): function TJSONConfig.LoadFromFile(const aFilePath: string; aCreateIfNotExists: Boolean = False): Boolean;[0m
[35md:\Projects\_Pending\Grep_local\Source\JSONConfig.pas (87):   jsonString: string;[0m
[35md:\Projects\_Pending\Grep_local\Source\JSONConfig.pas (88):   jsonValue: TJsonValue;[0m
[35md:\Projects\_Pending\Grep_local\Source\JSONConfig.pas (102):       raise Exception.CreateFmt('TJSONConfig.LoadFromFile: Configuration file not found: %s',[aFilePath]);[0m
[35md:\Projects\_Pending\Grep_local\Source\JSONConfig.pas (107):     jsonString := TFile.ReadAllText(aFilePath);[0m
[35md:\Projects\_Pending\Grep_local\Source\JSONConfig.pas (108):     jsonValue := TJSONObject.ParseJsonValue(jsonString);[0m
[35md:\Projects\_Pending\Grep_local\Source\JSONConfig.pas (110):       if Assigned(jsonValue) and (jsonValue is TJSONObject) then[0m
[35md:\Projects\_Pending\Grep_local\Source\JSONConfig.pas (112):         fJSONObject.Free; // Free existing object[0m
[35md:\Projects\_Pending\Grep_local\Source\JSONConfig.pas (113):         fJSONObject := jsonValue as TJSONObject; // Assign new object[0m
[35md:\Projects\_Pending\Grep_local\Source\JSONConfig.pas (118):         jsonValue.Free; // Free the non-object JSON value[0m
[35md:\Projects\_Pending\Grep_local\Source\JSONConfig.pas (119):         raise Exception.CreateFmt('TJSONConfig.LoadFromFile: Invalid JSON structure in file: %s',[aFilePath]);[0m
[35md:\Projects\_Pending\Grep_local\Source\JSONConfig.pas (124):         // Ensure jsonValue is freed if an error occurs during parsing or type checking[0m
[35md:\Projects\_Pending\Grep_local\Source\JSONConfig.pas (125):         if Assigned(jsonValue) then jsonValue.Free;[0m
[35md:\Projects\_Pending\Grep_local\Source\JSONConfig.pas (126):         raise Exception.CreateFmt('TJSONConfig.LoadFromFile: Error parsing JSON from file: %s',[aFilePath]);[0m
[35md:\Projects\_Pending\Grep_local\Source\JSONConfig.pas (132):       raise Exception.CreateFmt('TJSONConfig.LoadFromFile: Error reading config file: %s',[aFilePath]);[0m
[35md:\Projects\_Pending\Grep_local\Source\JSONConfig.pas (137): function TJSONConfig.SaveToFile(const aFilePath: string): Boolean;[0m
[35md:\Projects\_Pending\Grep_local\Source\JSONConfig.pas (143):     TFile.WriteAllText(aFilePath, fJSONObject.ToJSON);[0m
[35md:\Projects\_Pending\Grep_local\Source\JSONConfig.pas (148):       raise Exception.CreateFmt('TJSONConfig.SaveToFile: Error saving config file to: %s',[aFilePath]);[0m
[35md:\Projects\_Pending\Grep_local\Source\JSONConfig.pas (153): function TJSONConfig.HasKey(const aKey: string): Boolean;[0m
[35md:\Projects\_Pending\Grep_local\Source\JSONConfig.pas (155):   Result := GetJsonValue(aKey) <> nil;[0m
[35md:\Projects\_Pending\Grep_local\Source\JSONConfig.pas (158): procedure TJSONConfig.DeleteKey(const aKey: string);[0m
[35md:\Projects\_Pending\Grep_local\Source\JSONConfig.pas (160):   value: TJsonValue;[0m
[35md:\Projects\_Pending\Grep_local\Source\JSONConfig.pas (162):   value := GetJsonValue(aKey);[0m
[35md:\Projects\_Pending\Grep_local\Source\JSONConfig.pas (163):   if Assigned(value) then fJSONObject.RemovePair(aKey);[0m
[35md:\Projects\_Pending\Grep_local\Source\JSONConfig.pas (166): procedure TJSONConfig.SetString(const aKey, aValue: string);[0m
[35md:\Projects\_Pending\Grep_local\Source\JSONConfig.pas (168):   fJSONObject.AddPair(aKey, aValue);[0m
[35md:\Projects\_Pending\Grep_local\Source\JSONConfig.pas (171): procedure TJSONConfig.SetInteger(const aKey: string; aValue: Integer);[0m
[35md:\Projects\_Pending\Grep_local\Source\JSONConfig.pas (173):   fJSONObject.AddPair(aKey, TJSONNumber.Create(aValue));[0m
[35md:\Projects\_Pending\Grep_local\Source\JSONConfig.pas (176): procedure TJSONConfig.SetFloat(const aKey: string; aValue: Double);[0m
[35md:\Projects\_Pending\Grep_local\Source\JSONConfig.pas (178):   fJSONObject.AddPair(aKey, TJSONNumber.Create(aValue));[0m
[35md:\Projects\_Pending\Grep_local\Source\JSONConfig.pas (181): procedure TJSONConfig.SetBoolean(const aKey: string; aValue: Boolean);[0m
[35md:\Projects\_Pending\Grep_local\Source\JSONConfig.pas (183):   fJSONObject.AddPair(aKey, TJSONBool.Create(aValue));[0m
[35md:\Projects\_Pending\Grep_local\Source\JSONConfig.pas (186): procedure TJSONConfig.SetDateTime(const aKey: string; aValue: TDateTime);[0m
[35md:\Projects\_Pending\Grep_local\Source\JSONConfig.pas (190):   fJSONObject.AddPair(aKey, DateToISO8601(aValue));[0m
[35md:\Projects\_Pending\Grep_local\Source\JSONConfig.pas (193): procedure TJSONConfig.SetTime(const aKey: string; aValue: TTime);[0m
[35md:\Projects\_Pending\Grep_local\Source\JSONConfig.pas (195):   fJSONObject.AddPair(aKey, FormatDateTime('hh:nn', aValue));[0m
[35md:\Projects\_Pending\Grep_local\Source\JSONConfig.pas (198): procedure TJSONConfig.SetJSONArray(const aKey: string; aValue: TJSONArray);[0m
[35md:\Projects\_Pending\Grep_local\Source\JSONConfig.pas (202):   fJSONObject.AddPair(aKey, TJSONArray(aValue.Clone));[0m
[35md:\Projects\_Pending\Grep_local\Source\JSONConfig.pas (205): function TJSONConfig.GetString(const aKey: string; const aDefault: string): string;[0m
[35md:\Projects\_Pending\Grep_local\Source\JSONConfig.pas (207):   jsonValue: TJsonValue;[0m
[35md:\Projects\_Pending\Grep_local\Source\JSONConfig.pas (209):   jsonValue := GetJsonValue(aKey);[0m
[35md:\Projects\_Pending\Grep_local\Source\JSONConfig.pas (210):   if Assigned(jsonValue) and (jsonValue is TJSONString) then[0m
[35md:\Projects\_Pending\Grep_local\Source\JSONConfig.pas (211):     Result := TJSONString(jsonValue).Value[0m
[35md:\Projects\_Pending\Grep_local\Source\JSONConfig.pas (216): function TJSONConfig.GetInteger(const aKey: string; const aDefault: Integer): Integer;[0m
[35md:\Projects\_Pending\Grep_local\Source\JSONConfig.pas (218):   jsonValue: TJsonValue;[0m
[35md:\Projects\_Pending\Grep_local\Source\JSONConfig.pas (221):   jsonValue := GetJsonValue(aKey);[0m
[35md:\Projects\_Pending\Grep_local\Source\JSONConfig.pas (222):   if Assigned(jsonValue) then[0m
[35md:\Projects\_Pending\Grep_local\Source\JSONConfig.pas (224):     if (jsonValue is TJSONNumber) then[0m
[35md:\Projects\_Pending\Grep_local\Source\JSONConfig.pas (227):         Result := TJSONNumber(jsonValue).AsInt;[0m
[35md:\Projects\_Pending\Grep_local\Source\JSONConfig.pas (231):           raise Exception.CreateFmt('TJSONConfig.GetInteger: Error converting JSON number to Integer for Key: %s', [aKey]);[0m
[35md:\Projects\_Pending\Grep_local\Source\JSONConfig.pas (237):       raise Exception.CreateFmt('TJSONConfig.GetInteger: Value for Key "%s" is not a JSON Number.', [aKey]);[0m
[35md:\Projects\_Pending\Grep_local\Source\JSONConfig.pas (242): function TJSONConfig.GetFloat(const aKey: string; const aDefault: Double): Double;[0m
[35md:\Projects\_Pending\Grep_local\Source\JSONConfig.pas (244):   jsonValue: TJsonValue;[0m
[35md:\Projects\_Pending\Grep_local\Source\JSONConfig.pas (247):   jsonValue := GetJsonValue(aKey);[0m
[35md:\Projects\_Pending\Grep_local\Source\JSONConfig.pas (248):   if Assigned(jsonValue) then[0m
[35md:\Projects\_Pending\Grep_local\Source\JSONConfig.pas (250):     if (jsonValue is TJSONNumber) then[0m
[35md:\Projects\_Pending\Grep_local\Source\JSONConfig.pas (253):         Result := TJSONNumber(jsonValue).AsDouble;[0m
[35md:\Projects\_Pending\Grep_local\Source\JSONConfig.pas (257):           raise Exception.CreateFmt('TJSONConfig.GetFloat: Error converting JSON number to Float for Key: %s', [aKey]);[0m
[35md:\Projects\_Pending\Grep_local\Source\JSONConfig.pas (263):       raise Exception.CreateFmt('TJSONConfig.GetFloat: Value for Key "%s" is not a JSON Number.', [aKey]);[0m
[35md:\Projects\_Pending\Grep_local\Source\JSONConfig.pas (268): function TJSONConfig.GetBoolean(const aKey: string; const aDefault: Boolean): Boolean;[0m
[35md:\Projects\_Pending\Grep_local\Source\JSONConfig.pas (270):   jsonValue: TJsonValue;[0m
[35md:\Projects\_Pending\Grep_local\Source\JSONConfig.pas (272):   jsonValue := GetJsonValue(aKey);[0m
[35md:\Projects\_Pending\Grep_local\Source\JSONConfig.pas (273):   if Assigned(jsonValue) and (jsonValue is TJSONBool) then[0m
[35md:\Projects\_Pending\Grep_local\Source\JSONConfig.pas (274):     Result := TJSONBool(jsonValue).AsBoolean[0m
[35md:\Projects\_Pending\Grep_local\Source\JSONConfig.pas (279): function TJSONConfig.GetDateTime(const aKey: string; const aDefault: TDateTime): TDateTime;[0m
[35md:\Projects\_Pending\Grep_local\Source\JSONConfig.pas (281):   jsonValue: TJsonValue;[0m
[35md:\Projects\_Pending\Grep_local\Source\JSONConfig.pas (285):   jsonValue := GetJsonValue(aKey);[0m
[35md:\Projects\_Pending\Grep_local\Source\JSONConfig.pas (286):   if Assigned(jsonValue) then[0m
[35md:\Projects\_Pending\Grep_local\Source\JSONConfig.pas (288):     if (jsonValue is TJSONString) then[0m
[35md:\Projects\_Pending\Grep_local\Source\JSONConfig.pas (290):       datetimeStr := TJSONString(jsonValue).Value;[0m
[35md:\Projects\_Pending\Grep_local\Source\JSONConfig.pas (297):           raise Exception.CreateFmt('TJSONConfig.GetDateTime: Error parsing DateTime string for key %s', [aKey]);[0m
[35md:\Projects\_Pending\Grep_local\Source\JSONConfig.pas (303):       raise Exception.CreateFmt('TJSONConfig.GetDateTime: Value for Key "%s" is not a JSON String.', [aKey]);[0m
[35md:\Projects\_Pending\Grep_local\Source\JSONConfig.pas (308): function TJSONConfig.GetTime(const aKey: string; const aDefault: TTime): TTime;[0m
[35md:\Projects\_Pending\Grep_local\Source\JSONConfig.pas (310):   jsonValue: TJsonValue;[0m
[35md:\Projects\_Pending\Grep_local\Source\JSONConfig.pas (314):   jsonValue := GetJsonValue(aKey);[0m
[35md:\Projects\_Pending\Grep_local\Source\JSONConfig.pas (315):   if Assigned(jsonValue) then[0m
[35md:\Projects\_Pending\Grep_local\Source\JSONConfig.pas (317):     if (jsonValue is TJSONString) then[0m
[35md:\Projects\_Pending\Grep_local\Source\JSONConfig.pas (319):       timeStr := TJSONString(jsonValue).Value;[0m
[35md:\Projects\_Pending\Grep_local\Source\JSONConfig.pas (325):           raise Exception.CreateFmt('TJSONConfig.GetTime: Error parsing Time string for key %s', [aKey]);[0m
[35md:\Projects\_Pending\Grep_local\Source\JSONConfig.pas (331):       raise Exception.CreateFmt('TJSONConfig.GetTime: Value for Key "%s" is not a JSON String.', [aKey]);[0m
[35md:\Projects\_Pending\Grep_local\Source\JSONConfig.pas (336): function TJSONConfig.GetJSONArray(const aKey: string): TJSONArray;[0m
[35md:\Projects\_Pending\Grep_local\Source\JSONConfig.pas (338):   jsonValue: TJsonValue;[0m
[35md:\Projects\_Pending\Grep_local\Source\JSONConfig.pas (341):   jsonValue := GetJsonValue(aKey);[0m
[35md:\Projects\_Pending\Grep_local\Source\JSONConfig.pas (342):   if Assigned(jsonValue) and (jsonValue is TJSONArray) then[0m
[35md:\Projects\_Pending\Grep_local\Source\JSONConfig.pas (344):     Result := TJSONArray(jsonValue.Clone)[0m
[35md:\Projects\_Pending\Grep_local\Source\JSONConfig.pas (348): function TJSONConfig.GetValue: string;[0m
[35md:\Projects\_Pending\Grep_local\Source\JSONConfig.pas (350):   Result := fJSONObject.ToJSON;[0m
[35md:\Projects\_Pending\Grep_local\Source\JSONConfig.pas (353): procedure TJSONConfig.SetValue(const aValue: string);[0m
[35md:\Projects\_Pending\Grep_local\Source\JSONConfig.pas (355):   newJSONObject: TJSONObject;[0m
[35md:\Projects\_Pending\Grep_local\Source\JSONConfig.pas (356):   jsonValue: TJsonValue;[0m
[35md:\Projects\_Pending\Grep_local\Source\JSONConfig.pas (358):   jsonValue := nil; // Initialize to nil[0m
[35md:\Projects\_Pending\Grep_local\Source\JSONConfig.pas (360):     jsonValue := TJSONObject.ParseJsonValue(aValue); // Parse the input string[0m
[35md:\Projects\_Pending\Grep_local\Source\JSONConfig.pas (361):     if Assigned(jsonValue) and (jsonValue is TJSONObject) then[0m
[35md:\Projects\_Pending\Grep_local\Source\JSONConfig.pas (363):       newJSONObject := jsonValue as TJSONObject; // Cast to TJSONObject[0m
[35md:\Projects\_Pending\Grep_local\Source\JSONConfig.pas (364):       fJSONObject.Free; // Free the old object to prevent memory leaks[0m
[35md:\Projects\_Pending\Grep_local\Source\JSONConfig.pas (365):       fJSONObject := newJSONObject; // Assign the new object[0m
[35md:\Projects\_Pending\Grep_local\Source\JSONConfig.pas (369):       // If parsing fails or the root is not a JSON object, raise an exception[0m
[35md:\Projects\_Pending\Grep_local\Source\JSONConfig.pas (370):       raise Exception.Create('TJSONConfig.SetValue: Invalid JSON format or not a JSON Object.');[0m
[35md:\Projects\_Pending\Grep_local\Source\JSONConfig.pas (373):     // Ensure JSONValue is freed only if it's not the one assigned to fJSONObject[0m
[35md:\Projects\_Pending\Grep_local\Source\JSONConfig.pas (374):     if Assigned(jsonValue) and (jsonValue <> fJSONObject) then jsonValue.Free;[0m
[32mFOUND: d:\Projects\_Pending\Grep_local\Source\Logger.pas[0m
[35md:\Projects\_Pending\Grep_local\Source\Logger.pas (11):   System.JSON;[0m
[35md:\Projects\_Pending\Grep_local\Source\Logger.pas (16):   TLogOutputFormat = (Text, CSV, JSON); // Enumerated type for output format[0m
[35md:\Projects\_Pending\Grep_local\Source\Logger.pas (34):       fOutputFormat: TLogOutputFormat; // Output format (Text, CSV or JSON)[0m
[35md:\Projects\_Pending\Grep_local\Source\Logger.pas (36):       fJSONFileInitialized: Boolean;  // Track if we need to start JSON array[0m
[35md:\Projects\_Pending\Grep_local\Source\Logger.pas (42):     class function LogToJSON(const aLogEntry: TLogEntry): string;[0m
[35md:\Projects\_Pending\Grep_local\Source\Logger.pas (45):     class procedure InitializeJSONFile;[0m
[35md:\Projects\_Pending\Grep_local\Source\Logger.pas (46):     class procedure WriteJSONToFile(const aJSON: string);[0m
[35md:\Projects\_Pending\Grep_local\Source\Logger.pas (73):   TLogger.fJSONFileInitialized := False;[0m
[35md:\Projects\_Pending\Grep_local\Source\Logger.pas (88):     if fOutputFormat = TLogOutputFormat.JSON then maxLines := 3;[0m
[35md:\Projects\_Pending\Grep_local\Source\Logger.pas (206):     TLogOutputFormat.JSON:[0m
[35md:\Projects\_Pending\Grep_local\Source\Logger.pas (208):         logLine := TLogger.LogToJSON(aLogEntry);[0m
[35md:\Projects\_Pending\Grep_local\Source\Logger.pas (209):         if not logLine.IsEmpty then WriteJSONToFile(logLine);[0m
[35md:\Projects\_Pending\Grep_local\Source\Logger.pas (245): class function TLogger.LogToJSON(const aLogEntry: TLogEntry): string;[0m
[35md:\Projects\_Pending\Grep_local\Source\Logger.pas (248):   jsonObj: TJSONObject;[0m
[35md:\Projects\_Pending\Grep_local\Source\Logger.pas (254):     // Create a JSON object for the log entry[0m
[35md:\Projects\_Pending\Grep_local\Source\Logger.pas (255):     jsonObj := TJSONObject.Create;[0m
[35md:\Projects\_Pending\Grep_local\Source\Logger.pas (257):       jsonObj.AddPair('LogTime', FormatDateTime('yyyy-mm-dd hh:nn:ss', aLogEntry.LogTime));[0m
[35md:\Projects\_Pending\Grep_local\Source\Logger.pas (258):       jsonObj.AddPair('UserID', aLogEntry.UserID);[0m
[35md:\Projects\_Pending\Grep_local\Source\Logger.pas (259):       jsonObj.AddPair('LogObject', aLogEntry.LogObject);[0m
[35md:\Projects\_Pending\Grep_local\Source\Logger.pas (260):       jsonObj.AddPair('Description', aLogEntry.Description);[0m
[35md:\Projects\_Pending\Grep_local\Source\Logger.pas (261):       jsonObj.AddPair('LogStatus', StatusStr);[0m
[35md:\Projects\_Pending\Grep_local\Source\Logger.pas (262):       Result := jsonObj.ToString;[0m
[35md:\Projects\_Pending\Grep_local\Source\Logger.pas (264):       jsonObj.Free;[0m
[35md:\Projects\_Pending\Grep_local\Source\Logger.pas (268): 	    raise Exception.CreateFmt('TLogger.LogToJSON,Error when creating the log entry: %s', [e.Message]);[0m
[35md:\Projects\_Pending\Grep_local\Source\Logger.pas (273): class procedure TLogger.InitializeJSONFile;[0m
[35md:\Projects\_Pending\Grep_local\Source\Logger.pas (285):       fJSONFileInitialized := True;[0m
[35md:\Projects\_Pending\Grep_local\Source\Logger.pas (299):         fJSONFileInitialized := True;[0m
[35md:\Projects\_Pending\Grep_local\Source\Logger.pas (308): class procedure TLogger.WriteJSONToFile(const aJSON: string);[0m
[35md:\Projects\_Pending\Grep_local\Source\Logger.pas (325):   if ( (not fJSONFileInitialized) and (not logExists) ) then[0m
[35md:\Projects\_Pending\Grep_local\Source\Logger.pas (326):     InitializeJSONFile;[0m
[35md:\Projects\_Pending\Grep_local\Source\Logger.pas (345):         // Subsequent entry: prefix with comma, add new JSON, and re-add closing ']'[0m
[35md:\Projects\_Pending\Grep_local\Source\Logger.pas (346):         buffer := TEncoding.UTF8.GetBytes(',' + sLineBreak + aJSON + sLineBreak + ']')[0m
[35md:\Projects\_Pending\Grep_local\Source\Logger.pas (348):         // First entry: just add new JSON, and add the closing ']'[0m
[35md:\Projects\_Pending\Grep_local\Source\Logger.pas (350):         buffer := TEncoding.UTF8.GetBytes(aJSON + sLineBreak + ']');[0m
[35md:\Projects\_Pending\Grep_local\Source\Logger.pas (364):       fJSONFileInitialized := True;[0m
[32mFOUND: d:\Projects\_Pending\Grep_local - Copy\Source\JSONConfig.pas[0m
[35md:\Projects\_Pending\Grep_local - Copy\Source\JSONConfig.pas (1): unit JSONConfig;[0m
[35md:\Projects\_Pending\Grep_local - Copy\Source\JSONConfig.pas (9):   System.JSON, System.Generics.Collections;[0m
[35md:\Projects\_Pending\Grep_local - Copy\Source\JSONConfig.pas (12):   TJSONConfig = class[0m
[35md:\Projects\_Pending\Grep_local - Copy\Source\JSONConfig.pas (15):     fJSONObject: TJSONObject;[0m
[35md:\Projects\_Pending\Grep_local - Copy\Source\JSONConfig.pas (18):     function GetJsonValue(const aKey: string): TJsonValue;[0m
[35md:\Projects\_Pending\Grep_local - Copy\Source\JSONConfig.pas (42):     procedure SetJSONArray(const aKey: string; aValue: TJSONArray);[0m
[35md:\Projects\_Pending\Grep_local - Copy\Source\JSONConfig.pas (51):     function GetJSONArray(const aKey: string): TJSONArray;[0m
[35md:\Projects\_Pending\Grep_local - Copy\Source\JSONConfig.pas (59): { TJSONConfig }[0m
[35md:\Projects\_Pending\Grep_local - Copy\Source\JSONConfig.pas (61): constructor TJSONConfig.Create;[0m
[35md:\Projects\_Pending\Grep_local - Copy\Source\JSONConfig.pas (64):   fJSONObject := TJSONObject.Create;[0m
[35md:\Projects\_Pending\Grep_local - Copy\Source\JSONConfig.pas (68): destructor TJSONConfig.Destroy;[0m
[35md:\Projects\_Pending\Grep_local - Copy\Source\JSONConfig.pas (70):   fJSONObject.Free;[0m
[35md:\Projects\_Pending\Grep_local - Copy\Source\JSONConfig.pas (74): procedure TJSONConfig.Clear;[0m
[35md:\Projects\_Pending\Grep_local - Copy\Source\JSONConfig.pas (76):   fJSONObject.Free;[0m
[35md:\Projects\_Pending\Grep_local - Copy\Source\JSONConfig.pas (77):   fJSONObject := TJSONObject.Create;[0m
[35md:\Projects\_Pending\Grep_local - Copy\Source\JSONConfig.pas (80): function TJSONConfig.GetJsonValue(const aKey: string): TJsonValue;[0m
[35md:\Projects\_Pending\Grep_local - Copy\Source\JSONConfig.pas (82):   Result := fJSONObject.GetValue(aKey);[0m
[35md:\Projects\_Pending\Grep_local - Copy\Source\JSONConfig.pas (85): function TJSONConfig.LoadFromFile(const aFilePath: string; aCreateIfNotExists: Boolean = False): Boolean;[0m
[35md:\Projects\_Pending\Grep_local - Copy\Source\JSONConfig.pas (87):   jsonString: string;[0m
[35md:\Projects\_Pending\Grep_local - Copy\Source\JSONConfig.pas (88):   jsonValue: TJsonValue;[0m
[35md:\Projects\_Pending\Grep_local - Copy\Source\JSONConfig.pas (102):       raise Exception.CreateFmt('TJSONConfig.LoadFromFile: Configuration file not found: %s',[aFilePath]);[0m
[35md:\Projects\_Pending\Grep_local - Copy\Source\JSONConfig.pas (107):     jsonString := TFile.ReadAllText(aFilePath);[0m
[35md:\Projects\_Pending\Grep_local - Copy\Source\JSONConfig.pas (108):     jsonValue := TJSONObject.ParseJsonValue(jsonString);[0m
[35md:\Projects\_Pending\Grep_local - Copy\Source\JSONConfig.pas (110):       if Assigned(jsonValue) and (jsonValue is TJSONObject) then[0m
[35md:\Projects\_Pending\Grep_local - Copy\Source\JSONConfig.pas (112):         fJSONObject.Free; // Free existing object[0m
[35md:\Projects\_Pending\Grep_local - Copy\Source\JSONConfig.pas (113):         fJSONObject := jsonValue as TJSONObject; // Assign new object[0m
[35md:\Projects\_Pending\Grep_local - Copy\Source\JSONConfig.pas (118):         jsonValue.Free; // Free the non-object JSON value[0m
[35md:\Projects\_Pending\Grep_local - Copy\Source\JSONConfig.pas (119):         raise Exception.CreateFmt('TJSONConfig.LoadFromFile: Invalid JSON structure in file: %s',[aFilePath]);[0m
[35md:\Projects\_Pending\Grep_local - Copy\Source\JSONConfig.pas (124):         // Ensure jsonValue is freed if an error occurs during parsing or type checking[0m
[35md:\Projects\_Pending\Grep_local - Copy\Source\JSONConfig.pas (125):         if Assigned(jsonValue) then jsonValue.Free;[0m
[35md:\Projects\_Pending\Grep_local - Copy\Source\JSONConfig.pas (126):         raise Exception.CreateFmt('TJSONConfig.LoadFromFile: Error parsing JSON from file: %s',[aFilePath]);[0m
[35md:\Projects\_Pending\Grep_local - Copy\Source\JSONConfig.pas (132):       raise Exception.CreateFmt('TJSONConfig.LoadFromFile: Error reading config file: %s',[aFilePath]);[0m
[35md:\Projects\_Pending\Grep_local - Copy\Source\JSONConfig.pas (137): function TJSONConfig.SaveToFile(const aFilePath: string): Boolean;[0m
[35md:\Projects\_Pending\Grep_local - Copy\Source\JSONConfig.pas (143):     TFile.WriteAllText(aFilePath, fJSONObject.ToJSON);[0m
[35md:\Projects\_Pending\Grep_local - Copy\Source\JSONConfig.pas (148):       raise Exception.CreateFmt('TJSONConfig.SaveToFile: Error saving config file to: %s',[aFilePath]);[0m
[35md:\Projects\_Pending\Grep_local - Copy\Source\JSONConfig.pas (153): function TJSONConfig.HasKey(const aKey: string): Boolean;[0m
[35md:\Projects\_Pending\Grep_local - Copy\Source\JSONConfig.pas (155):   Result := GetJsonValue(aKey) <> nil;[0m
[35md:\Projects\_Pending\Grep_local - Copy\Source\JSONConfig.pas (158): procedure TJSONConfig.DeleteKey(const aKey: string);[0m
[35md:\Projects\_Pending\Grep_local - Copy\Source\JSONConfig.pas (160):   value: TJsonValue;[0m
[35md:\Projects\_Pending\Grep_local - Copy\Source\JSONConfig.pas (162):   value := GetJsonValue(aKey);[0m
[35md:\Projects\_Pending\Grep_local - Copy\Source\JSONConfig.pas (163):   if Assigned(value) then fJSONObject.RemovePair(aKey);[0m
[35md:\Projects\_Pending\Grep_local - Copy\Source\JSONConfig.pas (166): procedure TJSONConfig.SetString(const aKey, aValue: string);[0m
[35md:\Projects\_Pending\Grep_local - Copy\Source\JSONConfig.pas (168):   fJSONObject.AddPair(aKey, aValue);[0m
[35md:\Projects\_Pending\Grep_local - Copy\Source\JSONConfig.pas (171): procedure TJSONConfig.SetInteger(const aKey: string; aValue: Integer);[0m
[35md:\Projects\_Pending\Grep_local - Copy\Source\JSONConfig.pas (173):   fJSONObject.AddPair(aKey, TJSONNumber.Create(aValue));[0m
[35md:\Projects\_Pending\Grep_local - Copy\Source\JSONConfig.pas (176): procedure TJSONConfig.SetFloat(const aKey: string; aValue: Double);[0m
[35md:\Projects\_Pending\Grep_local - Copy\Source\JSONConfig.pas (178):   fJSONObject.AddPair(aKey, TJSONNumber.Create(aValue));[0m
[35md:\Projects\_Pending\Grep_local - Copy\Source\JSONConfig.pas (181): procedure TJSONConfig.SetBoolean(const aKey: string; aValue: Boolean);[0m
[35md:\Projects\_Pending\Grep_local - Copy\Source\JSONConfig.pas (183):   fJSONObject.AddPair(aKey, TJSONBool.Create(aValue));[0m
[35md:\Projects\_Pending\Grep_local - Copy\Source\JSONConfig.pas (186): procedure TJSONConfig.SetDateTime(const aKey: string; aValue: TDateTime);[0m
[35md:\Projects\_Pending\Grep_local - Copy\Source\JSONConfig.pas (190):   fJSONObject.AddPair(aKey, DateToISO8601(aValue));[0m
[35md:\Projects\_Pending\Grep_local - Copy\Source\JSONConfig.pas (193): procedure TJSONConfig.SetTime(const aKey: string; aValue: TTime);[0m
[35md:\Projects\_Pending\Grep_local - Copy\Source\JSONConfig.pas (195):   fJSONObject.AddPair(aKey, FormatDateTime('hh:nn', aValue));[0m
[35md:\Projects\_Pending\Grep_local - Copy\Source\JSONConfig.pas (198): procedure TJSONConfig.SetJSONArray(const aKey: string; aValue: TJSONArray);[0m
[35md:\Projects\_Pending\Grep_local - Copy\Source\JSONConfig.pas (202):   fJSONObject.AddPair(aKey, TJSONArray(aValue.Clone));[0m
[35md:\Projects\_Pending\Grep_local - Copy\Source\JSONConfig.pas (205): function TJSONConfig.GetString(const aKey: string; const aDefault: string): string;[0m
[35md:\Projects\_Pending\Grep_local - Copy\Source\JSONConfig.pas (207):   jsonValue: TJsonValue;[0m
[35md:\Projects\_Pending\Grep_local - Copy\Source\JSONConfig.pas (209):   jsonValue := GetJsonValue(aKey);[0m
[35md:\Projects\_Pending\Grep_local - Copy\Source\JSONConfig.pas (210):   if Assigned(jsonValue) and (jsonValue is TJSONString) then[0m
[35md:\Projects\_Pending\Grep_local - Copy\Source\JSONConfig.pas (211):     Result := TJSONString(jsonValue).Value[0m
[35md:\Projects\_Pending\Grep_local - Copy\Source\JSONConfig.pas (216): function TJSONConfig.GetInteger(const aKey: string; const aDefault: Integer): Integer;[0m
[35md:\Projects\_Pending\Grep_local - Copy\Source\JSONConfig.pas (218):   jsonValue: TJsonValue;[0m
[35md:\Projects\_Pending\Grep_local - Copy\Source\JSONConfig.pas (221):   jsonValue := GetJsonValue(aKey);[0m
[35md:\Projects\_Pending\Grep_local - Copy\Source\JSONConfig.pas (222):   if Assigned(jsonValue) then[0m
[35md:\Projects\_Pending\Grep_local - Copy\Source\JSONConfig.pas (224):     if (jsonValue is TJSONNumber) then[0m
[35md:\Projects\_Pending\Grep_local - Copy\Source\JSONConfig.pas (227):         Result := TJSONNumber(jsonValue).AsInt;[0m
[35md:\Projects\_Pending\Grep_local - Copy\Source\JSONConfig.pas (231):           raise Exception.CreateFmt('TJSONConfig.GetInteger: Error converting JSON number to Integer for Key: %s', [aKey]);[0m
[35md:\Projects\_Pending\Grep_local - Copy\Source\JSONConfig.pas (237):       raise Exception.CreateFmt('TJSONConfig.GetInteger: Value for Key "%s" is not a JSON Number.', [aKey]);[0m
[35md:\Projects\_Pending\Grep_local - Copy\Source\JSONConfig.pas (242): function TJSONConfig.GetFloat(const aKey: string; const aDefault: Double): Double;[0m
[35md:\Projects\_Pending\Grep_local - Copy\Source\JSONConfig.pas (244):   jsonValue: TJsonValue;[0m
[35md:\Projects\_Pending\Grep_local - Copy\Source\JSONConfig.pas (247):   jsonValue := GetJsonValue(aKey);[0m
[35md:\Projects\_Pending\Grep_local - Copy\Source\JSONConfig.pas (248):   if Assigned(jsonValue) then[0m
[35md:\Projects\_Pending\Grep_local - Copy\Source\JSONConfig.pas (250):     if (jsonValue is TJSONNumber) then[0m
[35md:\Projects\_Pending\Grep_local - Copy\Source\JSONConfig.pas (253):         Result := TJSONNumber(jsonValue).AsDouble;[0m
[35md:\Projects\_Pending\Grep_local - Copy\Source\JSONConfig.pas (257):           raise Exception.CreateFmt('TJSONConfig.GetFloat: Error converting JSON number to Float for Key: %s', [aKey]);[0m
[35md:\Projects\_Pending\Grep_local - Copy\Source\JSONConfig.pas (263):       raise Exception.CreateFmt('TJSONConfig.GetFloat: Value for Key "%s" is not a JSON Number.', [aKey]);[0m
[35md:\Projects\_Pending\Grep_local - Copy\Source\JSONConfig.pas (268): function TJSONConfig.GetBoolean(const aKey: string; const aDefault: Boolean): Boolean;[0m
[35md:\Projects\_Pending\Grep_local - Copy\Source\JSONConfig.pas (270):   jsonValue: TJsonValue;[0m
[35md:\Projects\_Pending\Grep_local - Copy\Source\JSONConfig.pas (272):   jsonValue := GetJsonValue(aKey);[0m
[35md:\Projects\_Pending\Grep_local - Copy\Source\JSONConfig.pas (273):   if Assigned(jsonValue) and (jsonValue is TJSONBool) then[0m
[35md:\Projects\_Pending\Grep_local - Copy\Source\JSONConfig.pas (274):     Result := TJSONBool(jsonValue).AsBoolean[0m
[35md:\Projects\_Pending\Grep_local - Copy\Source\JSONConfig.pas (279): function TJSONConfig.GetDateTime(const aKey: string; const aDefault: TDateTime): TDateTime;[0m
[35md:\Projects\_Pending\Grep_local - Copy\Source\JSONConfig.pas (281):   jsonValue: TJsonValue;[0m
[35md:\Projects\_Pending\Grep_local - Copy\Source\JSONConfig.pas (285):   jsonValue := GetJsonValue(aKey);[0m
[35md:\Projects\_Pending\Grep_local - Copy\Source\JSONConfig.pas (286):   if Assigned(jsonValue) then[0m
[35md:\Projects\_Pending\Grep_local - Copy\Source\JSONConfig.pas (288):     if (jsonValue is TJSONString) then[0m
[35md:\Projects\_Pending\Grep_local - Copy\Source\JSONConfig.pas (290):       datetimeStr := TJSONString(jsonValue).Value;[0m
[35md:\Projects\_Pending\Grep_local - Copy\Source\JSONConfig.pas (297):           raise Exception.CreateFmt('TJSONConfig.GetDateTime: Error parsing DateTime string for key %s', [aKey]);[0m
[35md:\Projects\_Pending\Grep_local - Copy\Source\JSONConfig.pas (303):       raise Exception.CreateFmt('TJSONConfig.GetDateTime: Value for Key "%s" is not a JSON String.', [aKey]);[0m
[35md:\Projects\_Pending\Grep_local - Copy\Source\JSONConfig.pas (308): function TJSONConfig.GetTime(const aKey: string; const aDefault: TTime): TTime;[0m
[35md:\Projects\_Pending\Grep_local - Copy\Source\JSONConfig.pas (310):   jsonValue: TJsonValue;[0m
[35md:\Projects\_Pending\Grep_local - Copy\Source\JSONConfig.pas (314):   jsonValue := GetJsonValue(aKey);[0m
[35md:\Projects\_Pending\Grep_local - Copy\Source\JSONConfig.pas (315):   if Assigned(jsonValue) then[0m
[35md:\Projects\_Pending\Grep_local - Copy\Source\JSONConfig.pas (317):     if (jsonValue is TJSONString) then[0m
[35md:\Projects\_Pending\Grep_local - Copy\Source\JSONConfig.pas (319):       timeStr := TJSONString(jsonValue).Value;[0m
[35md:\Projects\_Pending\Grep_local - Copy\Source\JSONConfig.pas (325):           raise Exception.CreateFmt('TJSONConfig.GetTime: Error parsing Time string for key %s', [aKey]);[0m
[35md:\Projects\_Pending\Grep_local - Copy\Source\JSONConfig.pas (331):       raise Exception.CreateFmt('TJSONConfig.GetTime: Value for Key "%s" is not a JSON String.', [aKey]);[0m
[35md:\Projects\_Pending\Grep_local - Copy\Source\JSONConfig.pas (336): function TJSONConfig.GetJSONArray(const aKey: string): TJSONArray;[0m
[35md:\Projects\_Pending\Grep_local - Copy\Source\JSONConfig.pas (338):   jsonValue: TJsonValue;[0m
[35md:\Projects\_Pending\Grep_local - Copy\Source\JSONConfig.pas (341):   jsonValue := GetJsonValue(aKey);[0m
[35md:\Projects\_Pending\Grep_local - Copy\Source\JSONConfig.pas (342):   if Assigned(jsonValue) and (jsonValue is TJSONArray) then[0m
[35md:\Projects\_Pending\Grep_local - Copy\Source\JSONConfig.pas (344):     Result := TJSONArray(jsonValue.Clone)[0m
[35md:\Projects\_Pending\Grep_local - Copy\Source\JSONConfig.pas (348): function TJSONConfig.GetValue: string;[0m
[35md:\Projects\_Pending\Grep_local - Copy\Source\JSONConfig.pas (350):   Result := fJSONObject.ToJSON;[0m
[35md:\Projects\_Pending\Grep_local - Copy\Source\JSONConfig.pas (353): procedure TJSONConfig.SetValue(const aValue: string);[0m
[35md:\Projects\_Pending\Grep_local - Copy\Source\JSONConfig.pas (355):   newJSONObject: TJSONObject;[0m
[35md:\Projects\_Pending\Grep_local - Copy\Source\JSONConfig.pas (356):   jsonValue: TJsonValue;[0m
[35md:\Projects\_Pending\Grep_local - Copy\Source\JSONConfig.pas (358):   jsonValue := nil; // Initialize to nil[0m
[35md:\Projects\_Pending\Grep_local - Copy\Source\JSONConfig.pas (360):     jsonValue := TJSONObject.ParseJsonValue(aValue); // Parse the input string[0m
[35md:\Projects\_Pending\Grep_local - Copy\Source\JSONConfig.pas (361):     if Assigned(jsonValue) and (jsonValue is TJSONObject) then[0m
[35md:\Projects\_Pending\Grep_local - Copy\Source\JSONConfig.pas (363):       newJSONObject := jsonValue as TJSONObject; // Cast to TJSONObject[0m
[35md:\Projects\_Pending\Grep_local - Copy\Source\JSONConfig.pas (364):       fJSONObject.Free; // Free the old object to prevent memory leaks[0m
[35md:\Projects\_Pending\Grep_local - Copy\Source\JSONConfig.pas (365):       fJSONObject := newJSONObject; // Assign the new object[0m
[35md:\Projects\_Pending\Grep_local - Copy\Source\JSONConfig.pas (369):       // If parsing fails or the root is not a JSON object, raise an exception[0m
[35md:\Projects\_Pending\Grep_local - Copy\Source\JSONConfig.pas (370):       raise Exception.Create('TJSONConfig.SetValue: Invalid JSON format or not a JSON Object.');[0m
[35md:\Projects\_Pending\Grep_local - Copy\Source\JSONConfig.pas (373):     // Ensure JSONValue is freed only if it's not the one assigned to fJSONObject[0m
[35md:\Projects\_Pending\Grep_local - Copy\Source\JSONConfig.pas (374):     if Assigned(jsonValue) and (jsonValue <> fJSONObject) then jsonValue.Free;[0m
[32mFOUND: d:\Projects\_Pending\Grep_local - Copy\Source\Logger.pas[0m
[35md:\Projects\_Pending\Grep_local - Copy\Source\Logger.pas (11):   System.JSON;[0m
[35md:\Projects\_Pending\Grep_local - Copy\Source\Logger.pas (16):   TLogOutputFormat = (Text, CSV, JSON); // Enumerated type for output format[0m
[35md:\Projects\_Pending\Grep_local - Copy\Source\Logger.pas (34):       fOutputFormat: TLogOutputFormat; // Output format (Text, CSV or JSON)[0m
[35md:\Projects\_Pending\Grep_local - Copy\Source\Logger.pas (36):       fJSONFileInitialized: Boolean;  // Track if we need to start JSON array[0m
[35md:\Projects\_Pending\Grep_local - Copy\Source\Logger.pas (42):     class function LogToJSON(const aLogEntry: TLogEntry): string;[0m
[35md:\Projects\_Pending\Grep_local - Copy\Source\Logger.pas (45):     class procedure InitializeJSONFile;[0m
[35md:\Projects\_Pending\Grep_local - Copy\Source\Logger.pas (46):     class procedure WriteJSONToFile(const aJSON: string);[0m
[35md:\Projects\_Pending\Grep_local - Copy\Source\Logger.pas (73):   TLogger.fJSONFileInitialized := False;[0m
[35md:\Projects\_Pending\Grep_local - Copy\Source\Logger.pas (88):     if fOutputFormat = TLogOutputFormat.JSON then maxLines := 3;[0m
[35md:\Projects\_Pending\Grep_local - Copy\Source\Logger.pas (206):     TLogOutputFormat.JSON:[0m
[35md:\Projects\_Pending\Grep_local - Copy\Source\Logger.pas (208):         logLine := TLogger.LogToJSON(aLogEntry);[0m
[35md:\Projects\_Pending\Grep_local - Copy\Source\Logger.pas (209):         if not logLine.IsEmpty then WriteJSONToFile(logLine);[0m
[35md:\Projects\_Pending\Grep_local - Copy\Source\Logger.pas (245): class function TLogger.LogToJSON(const aLogEntry: TLogEntry): string;[0m
[35md:\Projects\_Pending\Grep_local - Copy\Source\Logger.pas (248):   jsonObj: TJSONObject;[0m
[35md:\Projects\_Pending\Grep_local - Copy\Source\Logger.pas (254):     // Create a JSON object for the log entry[0m
[35md:\Projects\_Pending\Grep_local - Copy\Source\Logger.pas (255):     jsonObj := TJSONObject.Create;[0m
[35md:\Projects\_Pending\Grep_local - Copy\Source\Logger.pas (257):       jsonObj.AddPair('LogTime', FormatDateTime('yyyy-mm-dd hh:nn:ss', aLogEntry.LogTime));[0m
[35md:\Projects\_Pending\Grep_local - Copy\Source\Logger.pas (258):       jsonObj.AddPair('UserID', aLogEntry.UserID);[0m
[35md:\Projects\_Pending\Grep_local - Copy\Source\Logger.pas (259):       jsonObj.AddPair('LogObject', aLogEntry.LogObject);[0m
[35md:\Projects\_Pending\Grep_local - Copy\Source\Logger.pas (260):       jsonObj.AddPair('Description', aLogEntry.Description);[0m
[35md:\Projects\_Pending\Grep_local - Copy\Source\Logger.pas (261):       jsonObj.AddPair('LogStatus', StatusStr);[0m
[35md:\Projects\_Pending\Grep_local - Copy\Source\Logger.pas (262):       Result := jsonObj.ToString;[0m
[35md:\Projects\_Pending\Grep_local - Copy\Source\Logger.pas (264):       jsonObj.Free;[0m
[35md:\Projects\_Pending\Grep_local - Copy\Source\Logger.pas (268): 	    raise Exception.CreateFmt('TLogger.LogToJSON,Error when creating the log entry: %s', [e.Message]);[0m
[35md:\Projects\_Pending\Grep_local - Copy\Source\Logger.pas (273): class procedure TLogger.InitializeJSONFile;[0m
[35md:\Projects\_Pending\Grep_local - Copy\Source\Logger.pas (285):       fJSONFileInitialized := True;[0m
[35md:\Projects\_Pending\Grep_local - Copy\Source\Logger.pas (299):         fJSONFileInitialized := True;[0m
[35md:\Projects\_Pending\Grep_local - Copy\Source\Logger.pas (308): class procedure TLogger.WriteJSONToFile(const aJSON: string);[0m
[35md:\Projects\_Pending\Grep_local - Copy\Source\Logger.pas (325):   if ( (not fJSONFileInitialized) and (not logExists) ) then[0m
[35md:\Projects\_Pending\Grep_local - Copy\Source\Logger.pas (326):     InitializeJSONFile;[0m
[35md:\Projects\_Pending\Grep_local - Copy\Source\Logger.pas (345):         // Subsequent entry: prefix with comma, add new JSON, and re-add closing ']'[0m
[35md:\Projects\_Pending\Grep_local - Copy\Source\Logger.pas (346):         buffer := TEncoding.UTF8.GetBytes(',' + sLineBreak + aJSON + sLineBreak + ']')[0m
[35md:\Projects\_Pending\Grep_local - Copy\Source\Logger.pas (348):         // First entry: just add new JSON, and add the closing ']'[0m
[35md:\Projects\_Pending\Grep_local - Copy\Source\Logger.pas (350):         buffer := TEncoding.UTF8.GetBytes(aJSON + sLineBreak + ']');[0m
[35md:\Projects\_Pending\Grep_local - Copy\Source\Logger.pas (364):       fJSONFileInitialized := True;[0m
[32mFOUND: d:\Projects\_Pending\Grep_local - Copy (2)\Source\JSONConfig.pas[0m
[35md:\Projects\_Pending\Grep_local - Copy (2)\Source\JSONConfig.pas (1): unit JSONConfig;[0m
[35md:\Projects\_Pending\Grep_local - Copy (2)\Source\JSONConfig.pas (9):   System.JSON, System.Generics.Collections;[0m
[35md:\Projects\_Pending\Grep_local - Copy (2)\Source\JSONConfig.pas (12):   TJSONConfig = class[0m
[35md:\Projects\_Pending\Grep_local - Copy (2)\Source\JSONConfig.pas (15):     fJSONObject: TJSONObject;[0m
[35md:\Projects\_Pending\Grep_local - Copy (2)\Source\JSONConfig.pas (18):     function GetJsonValue(const aKey: string): TJsonValue;[0m
[35md:\Projects\_Pending\Grep_local - Copy (2)\Source\JSONConfig.pas (42):     procedure SetJSONArray(const aKey: string; aValue: TJSONArray);[0m
[35md:\Projects\_Pending\Grep_local - Copy (2)\Source\JSONConfig.pas (51):     function GetJSONArray(const aKey: string): TJSONArray;[0m
[35md:\Projects\_Pending\Grep_local - Copy (2)\Source\JSONConfig.pas (59): { TJSONConfig }[0m
[35md:\Projects\_Pending\Grep_local - Copy (2)\Source\JSONConfig.pas (61): constructor TJSONConfig.Create;[0m
[35md:\Projects\_Pending\Grep_local - Copy (2)\Source\JSONConfig.pas (64):   fJSONObject := TJSONObject.Create;[0m
[35md:\Projects\_Pending\Grep_local - Copy (2)\Source\JSONConfig.pas (68): destructor TJSONConfig.Destroy;[0m
[35md:\Projects\_Pending\Grep_local - Copy (2)\Source\JSONConfig.pas (70):   fJSONObject.Free;[0m
[35md:\Projects\_Pending\Grep_local - Copy (2)\Source\JSONConfig.pas (74): procedure TJSONConfig.Clear;[0m
[35md:\Projects\_Pending\Grep_local - Copy (2)\Source\JSONConfig.pas (76):   fJSONObject.Free;[0m
[35md:\Projects\_Pending\Grep_local - Copy (2)\Source\JSONConfig.pas (77):   fJSONObject := TJSONObject.Create;[0m
[35md:\Projects\_Pending\Grep_local - Copy (2)\Source\JSONConfig.pas (80): function TJSONConfig.GetJsonValue(const aKey: string): TJsonValue;[0m
[35md:\Projects\_Pending\Grep_local - Copy (2)\Source\JSONConfig.pas (82):   Result := fJSONObject.GetValue(aKey);[0m
[35md:\Projects\_Pending\Grep_local - Copy (2)\Source\JSONConfig.pas (85): function TJSONConfig.LoadFromFile(const aFilePath: string; aCreateIfNotExists: Boolean = False): Boolean;[0m
[35md:\Projects\_Pending\Grep_local - Copy (2)\Source\JSONConfig.pas (87):   jsonString: string;[0m
[35md:\Projects\_Pending\Grep_local - Copy (2)\Source\JSONConfig.pas (88):   jsonValue: TJsonValue;[0m
[35md:\Projects\_Pending\Grep_local - Copy (2)\Source\JSONConfig.pas (102):       raise Exception.CreateFmt('TJSONConfig.LoadFromFile: Configuration file not found: %s',[aFilePath]);[0m
[35md:\Projects\_Pending\Grep_local - Copy (2)\Source\JSONConfig.pas (107):     jsonString := TFile.ReadAllText(aFilePath);[0m
[35md:\Projects\_Pending\Grep_local - Copy (2)\Source\JSONConfig.pas (108):     jsonValue := TJSONObject.ParseJsonValue(jsonString);[0m
[35md:\Projects\_Pending\Grep_local - Copy (2)\Source\JSONConfig.pas (110):       if Assigned(jsonValue) and (jsonValue is TJSONObject) then[0m
[35md:\Projects\_Pending\Grep_local - Copy (2)\Source\JSONConfig.pas (112):         fJSONObject.Free; // Free existing object[0m
[35md:\Projects\_Pending\Grep_local - Copy (2)\Source\JSONConfig.pas (113):         fJSONObject := jsonValue as TJSONObject; // Assign new object[0m
[35md:\Projects\_Pending\Grep_local - Copy (2)\Source\JSONConfig.pas (118):         jsonValue.Free; // Free the non-object JSON value[0m
[35md:\Projects\_Pending\Grep_local - Copy (2)\Source\JSONConfig.pas (119):         raise Exception.CreateFmt('TJSONConfig.LoadFromFile: Invalid JSON structure in file: %s',[aFilePath]);[0m
[35md:\Projects\_Pending\Grep_local - Copy (2)\Source\JSONConfig.pas (124):         // Ensure jsonValue is freed if an error occurs during parsing or type checking[0m
[35md:\Projects\_Pending\Grep_local - Copy (2)\Source\JSONConfig.pas (125):         if Assigned(jsonValue) then jsonValue.Free;[0m
[35md:\Projects\_Pending\Grep_local - Copy (2)\Source\JSONConfig.pas (126):         raise Exception.CreateFmt('TJSONConfig.LoadFromFile: Error parsing JSON from file: %s',[aFilePath]);[0m
[35md:\Projects\_Pending\Grep_local - Copy (2)\Source\JSONConfig.pas (132):       raise Exception.CreateFmt('TJSONConfig.LoadFromFile: Error reading config file: %s',[aFilePath]);[0m
[35md:\Projects\_Pending\Grep_local - Copy (2)\Source\JSONConfig.pas (137): function TJSONConfig.SaveToFile(const aFilePath: string): Boolean;[0m
[35md:\Projects\_Pending\Grep_local - Copy (2)\Source\JSONConfig.pas (143):     TFile.WriteAllText(aFilePath, fJSONObject.ToJSON);[0m
[35md:\Projects\_Pending\Grep_local - Copy (2)\Source\JSONConfig.pas (148):       raise Exception.CreateFmt('TJSONConfig.SaveToFile: Error saving config file to: %s',[aFilePath]);[0m
[35md:\Projects\_Pending\Grep_local - Copy (2)\Source\JSONConfig.pas (153): function TJSONConfig.HasKey(const aKey: string): Boolean;[0m
[35md:\Projects\_Pending\Grep_local - Copy (2)\Source\JSONConfig.pas (155):   Result := GetJsonValue(aKey) <> nil;[0m
[35md:\Projects\_Pending\Grep_local - Copy (2)\Source\JSONConfig.pas (158): procedure TJSONConfig.DeleteKey(const aKey: string);[0m
[35md:\Projects\_Pending\Grep_local - Copy (2)\Source\JSONConfig.pas (160):   value: TJsonValue;[0m
[35md:\Projects\_Pending\Grep_local - Copy (2)\Source\JSONConfig.pas (162):   value := GetJsonValue(aKey);[0m
[35md:\Projects\_Pending\Grep_local - Copy (2)\Source\JSONConfig.pas (163):   if Assigned(value) then fJSONObject.RemovePair(aKey);[0m
[35md:\Projects\_Pending\Grep_local - Copy (2)\Source\JSONConfig.pas (166): procedure TJSONConfig.SetString(const aKey, aValue: string);[0m
[35md:\Projects\_Pending\Grep_local - Copy (2)\Source\JSONConfig.pas (168):   fJSONObject.AddPair(aKey, aValue);[0m
[35md:\Projects\_Pending\Grep_local - Copy (2)\Source\JSONConfig.pas (171): procedure TJSONConfig.SetInteger(const aKey: string; aValue: Integer);[0m
[35md:\Projects\_Pending\Grep_local - Copy (2)\Source\JSONConfig.pas (173):   fJSONObject.AddPair(aKey, TJSONNumber.Create(aValue));[0m
[35md:\Projects\_Pending\Grep_local - Copy (2)\Source\JSONConfig.pas (176): procedure TJSONConfig.SetFloat(const aKey: string; aValue: Double);[0m
[35md:\Projects\_Pending\Grep_local - Copy (2)\Source\JSONConfig.pas (178):   fJSONObject.AddPair(aKey, TJSONNumber.Create(aValue));[0m
[35md:\Projects\_Pending\Grep_local - Copy (2)\Source\JSONConfig.pas (181): procedure TJSONConfig.SetBoolean(const aKey: string; aValue: Boolean);[0m
[35md:\Projects\_Pending\Grep_local - Copy (2)\Source\JSONConfig.pas (183):   fJSONObject.AddPair(aKey, TJSONBool.Create(aValue));[0m
[35md:\Projects\_Pending\Grep_local - Copy (2)\Source\JSONConfig.pas (186): procedure TJSONConfig.SetDateTime(const aKey: string; aValue: TDateTime);[0m
[35md:\Projects\_Pending\Grep_local - Copy (2)\Source\JSONConfig.pas (190):   fJSONObject.AddPair(aKey, DateToISO8601(aValue));[0m
[35md:\Projects\_Pending\Grep_local - Copy (2)\Source\JSONConfig.pas (193): procedure TJSONConfig.SetTime(const aKey: string; aValue: TTime);[0m
[35md:\Projects\_Pending\Grep_local - Copy (2)\Source\JSONConfig.pas (195):   fJSONObject.AddPair(aKey, FormatDateTime('hh:nn', aValue));[0m
[35md:\Projects\_Pending\Grep_local - Copy (2)\Source\JSONConfig.pas (198): procedure TJSONConfig.SetJSONArray(const aKey: string; aValue: TJSONArray);[0m
[35md:\Projects\_Pending\Grep_local - Copy (2)\Source\JSONConfig.pas (202):   fJSONObject.AddPair(aKey, TJSONArray(aValue.Clone));[0m
[35md:\Projects\_Pending\Grep_local - Copy (2)\Source\JSONConfig.pas (205): function TJSONConfig.GetString(const aKey: string; const aDefault: string): string;[0m
[35md:\Projects\_Pending\Grep_local - Copy (2)\Source\JSONConfig.pas (207):   jsonValue: TJsonValue;[0m
[35md:\Projects\_Pending\Grep_local - Copy (2)\Source\JSONConfig.pas (209):   jsonValue := GetJsonValue(aKey);[0m
[35md:\Projects\_Pending\Grep_local - Copy (2)\Source\JSONConfig.pas (210):   if Assigned(jsonValue) and (jsonValue is TJSONString) then[0m
[35md:\Projects\_Pending\Grep_local - Copy (2)\Source\JSONConfig.pas (211):     Result := TJSONString(jsonValue).Value[0m
[35md:\Projects\_Pending\Grep_local - Copy (2)\Source\JSONConfig.pas (216): function TJSONConfig.GetInteger(const aKey: string; const aDefault: Integer): Integer;[0m
[35md:\Projects\_Pending\Grep_local - Copy (2)\Source\JSONConfig.pas (218):   jsonValue: TJsonValue;[0m
[35md:\Projects\_Pending\Grep_local - Copy (2)\Source\JSONConfig.pas (221):   jsonValue := GetJsonValue(aKey);[0m
[35md:\Projects\_Pending\Grep_local - Copy (2)\Source\JSONConfig.pas (222):   if Assigned(jsonValue) then[0m
[35md:\Projects\_Pending\Grep_local - Copy (2)\Source\JSONConfig.pas (224):     if (jsonValue is TJSONNumber) then[0m
[35md:\Projects\_Pending\Grep_local - Copy (2)\Source\JSONConfig.pas (227):         Result := TJSONNumber(jsonValue).AsInt;[0m
[35md:\Projects\_Pending\Grep_local - Copy (2)\Source\JSONConfig.pas (231):           raise Exception.CreateFmt('TJSONConfig.GetInteger: Error converting JSON number to Integer for Key: %s', [aKey]);[0m
[35md:\Projects\_Pending\Grep_local - Copy (2)\Source\JSONConfig.pas (237):       raise Exception.CreateFmt('TJSONConfig.GetInteger: Value for Key "%s" is not a JSON Number.', [aKey]);[0m
[35md:\Projects\_Pending\Grep_local - Copy (2)\Source\JSONConfig.pas (242): function TJSONConfig.GetFloat(const aKey: string; const aDefault: Double): Double;[0m
[35md:\Projects\_Pending\Grep_local - Copy (2)\Source\JSONConfig.pas (244):   jsonValue: TJsonValue;[0m
[35md:\Projects\_Pending\Grep_local - Copy (2)\Source\JSONConfig.pas (247):   jsonValue := GetJsonValue(aKey);[0m
[35md:\Projects\_Pending\Grep_local - Copy (2)\Source\JSONConfig.pas (248):   if Assigned(jsonValue) then[0m
[35md:\Projects\_Pending\Grep_local - Copy (2)\Source\JSONConfig.pas (250):     if (jsonValue is TJSONNumber) then[0m
[35md:\Projects\_Pending\Grep_local - Copy (2)\Source\JSONConfig.pas (253):         Result := TJSONNumber(jsonValue).AsDouble;[0m
[35md:\Projects\_Pending\Grep_local - Copy (2)\Source\JSONConfig.pas (257):           raise Exception.CreateFmt('TJSONConfig.GetFloat: Error converting JSON number to Float for Key: %s', [aKey]);[0m
[35md:\Projects\_Pending\Grep_local - Copy (2)\Source\JSONConfig.pas (263):       raise Exception.CreateFmt('TJSONConfig.GetFloat: Value for Key "%s" is not a JSON Number.', [aKey]);[0m
[35md:\Projects\_Pending\Grep_local - Copy (2)\Source\JSONConfig.pas (268): function TJSONConfig.GetBoolean(const aKey: string; const aDefault: Boolean): Boolean;[0m
[35md:\Projects\_Pending\Grep_local - Copy (2)\Source\JSONConfig.pas (270):   jsonValue: TJsonValue;[0m
[35md:\Projects\_Pending\Grep_local - Copy (2)\Source\JSONConfig.pas (272):   jsonValue := GetJsonValue(aKey);[0m
[35md:\Projects\_Pending\Grep_local - Copy (2)\Source\JSONConfig.pas (273):   if Assigned(jsonValue) and (jsonValue is TJSONBool) then[0m
[35md:\Projects\_Pending\Grep_local - Copy (2)\Source\JSONConfig.pas (274):     Result := TJSONBool(jsonValue).AsBoolean[0m
[35md:\Projects\_Pending\Grep_local - Copy (2)\Source\JSONConfig.pas (279): function TJSONConfig.GetDateTime(const aKey: string; const aDefault: TDateTime): TDateTime;[0m
[35md:\Projects\_Pending\Grep_local - Copy (2)\Source\JSONConfig.pas (281):   jsonValue: TJsonValue;[0m
[35md:\Projects\_Pending\Grep_local - Copy (2)\Source\JSONConfig.pas (285):   jsonValue := GetJsonValue(aKey);[0m
[35md:\Projects\_Pending\Grep_local - Copy (2)\Source\JSONConfig.pas (286):   if Assigned(jsonValue) then[0m
[35md:\Projects\_Pending\Grep_local - Copy (2)\Source\JSONConfig.pas (288):     if (jsonValue is TJSONString) then[0m
[35md:\Projects\_Pending\Grep_local - Copy (2)\Source\JSONConfig.pas (290):       datetimeStr := TJSONString(jsonValue).Value;[0m
[35md:\Projects\_Pending\Grep_local - Copy (2)\Source\JSONConfig.pas (297):           raise Exception.CreateFmt('TJSONConfig.GetDateTime: Error parsing DateTime string for key %s', [aKey]);[0m
[35md:\Projects\_Pending\Grep_local - Copy (2)\Source\JSONConfig.pas (303):       raise Exception.CreateFmt('TJSONConfig.GetDateTime: Value for Key "%s" is not a JSON String.', [aKey]);[0m
[35md:\Projects\_Pending\Grep_local - Copy (2)\Source\JSONConfig.pas (308): function TJSONConfig.GetTime(const aKey: string; const aDefault: TTime): TTime;[0m
[35md:\Projects\_Pending\Grep_local - Copy (2)\Source\JSONConfig.pas (310):   jsonValue: TJsonValue;[0m
[35md:\Projects\_Pending\Grep_local - Copy (2)\Source\JSONConfig.pas (314):   jsonValue := GetJsonValue(aKey);[0m
[35md:\Projects\_Pending\Grep_local - Copy (2)\Source\JSONConfig.pas (315):   if Assigned(jsonValue) then[0m
[35md:\Projects\_Pending\Grep_local - Copy (2)\Source\JSONConfig.pas (317):     if (jsonValue is TJSONString) then[0m
[35md:\Projects\_Pending\Grep_local - Copy (2)\Source\JSONConfig.pas (319):       timeStr := TJSONString(jsonValue).Value;[0m
[35md:\Projects\_Pending\Grep_local - Copy (2)\Source\JSONConfig.pas (325):           raise Exception.CreateFmt('TJSONConfig.GetTime: Error parsing Time string for key %s', [aKey]);[0m
[35md:\Projects\_Pending\Grep_local - Copy (2)\Source\JSONConfig.pas (331):       raise Exception.CreateFmt('TJSONConfig.GetTime: Value for Key "%s" is not a JSON String.', [aKey]);[0m
[35md:\Projects\_Pending\Grep_local - Copy (2)\Source\JSONConfig.pas (336): function TJSONConfig.GetJSONArray(const aKey: string): TJSONArray;[0m
[35md:\Projects\_Pending\Grep_local - Copy (2)\Source\JSONConfig.pas (338):   jsonValue: TJsonValue;[0m
[35md:\Projects\_Pending\Grep_local - Copy (2)\Source\JSONConfig.pas (341):   jsonValue := GetJsonValue(aKey);[0m
[35md:\Projects\_Pending\Grep_local - Copy (2)\Source\JSONConfig.pas (342):   if Assigned(jsonValue) and (jsonValue is TJSONArray) then[0m
[35md:\Projects\_Pending\Grep_local - Copy (2)\Source\JSONConfig.pas (344):     Result := TJSONArray(jsonValue.Clone)[0m
[35md:\Projects\_Pending\Grep_local - Copy (2)\Source\JSONConfig.pas (348): function TJSONConfig.GetValue: string;[0m
[35md:\Projects\_Pending\Grep_local - Copy (2)\Source\JSONConfig.pas (350):   Result := fJSONObject.ToJSON;[0m
[35md:\Projects\_Pending\Grep_local - Copy (2)\Source\JSONConfig.pas (353): procedure TJSONConfig.SetValue(const aValue: string);[0m
[35md:\Projects\_Pending\Grep_local - Copy (2)\Source\JSONConfig.pas (355):   newJSONObject: TJSONObject;[0m
[35md:\Projects\_Pending\Grep_local - Copy (2)\Source\JSONConfig.pas (356):   jsonValue: TJsonValue;[0m
[35md:\Projects\_Pending\Grep_local - Copy (2)\Source\JSONConfig.pas (358):   jsonValue := nil; // Initialize to nil[0m
[35md:\Projects\_Pending\Grep_local - Copy (2)\Source\JSONConfig.pas (360):     jsonValue := TJSONObject.ParseJsonValue(aValue); // Parse the input string[0m
[35md:\Projects\_Pending\Grep_local - Copy (2)\Source\JSONConfig.pas (361):     if Assigned(jsonValue) and (jsonValue is TJSONObject) then[0m
[35md:\Projects\_Pending\Grep_local - Copy (2)\Source\JSONConfig.pas (363):       newJSONObject := jsonValue as TJSONObject; // Cast to TJSONObject[0m
[35md:\Projects\_Pending\Grep_local - Copy (2)\Source\JSONConfig.pas (364):       fJSONObject.Free; // Free the old object to prevent memory leaks[0m
[35md:\Projects\_Pending\Grep_local - Copy (2)\Source\JSONConfig.pas (365):       fJSONObject := newJSONObject; // Assign the new object[0m
[35md:\Projects\_Pending\Grep_local - Copy (2)\Source\JSONConfig.pas (369):       // If parsing fails or the root is not a JSON object, raise an exception[0m
[35md:\Projects\_Pending\Grep_local - Copy (2)\Source\JSONConfig.pas (370):       raise Exception.Create('TJSONConfig.SetValue: Invalid JSON format or not a JSON Object.');[0m
[35md:\Projects\_Pending\Grep_local - Copy (2)\Source\JSONConfig.pas (373):     // Ensure JSONValue is freed only if it's not the one assigned to fJSONObject[0m
[35md:\Projects\_Pending\Grep_local - Copy (2)\Source\JSONConfig.pas (374):     if Assigned(jsonValue) and (jsonValue <> fJSONObject) then jsonValue.Free;[0m
[32mFOUND: d:\Projects\_Pending\Grep_local - Copy (2)\Source\Logger.pas[0m
[35md:\Projects\_Pending\Grep_local - Copy (2)\Source\Logger.pas (11):   System.JSON;[0m
[35md:\Projects\_Pending\Grep_local - Copy (2)\Source\Logger.pas (16):   TLogOutputFormat = (Text, CSV, JSON); // Enumerated type for output format[0m
[35md:\Projects\_Pending\Grep_local - Copy (2)\Source\Logger.pas (34):       fOutputFormat: TLogOutputFormat; // Output format (Text, CSV or JSON)[0m
[35md:\Projects\_Pending\Grep_local - Copy (2)\Source\Logger.pas (36):       fJSONFileInitialized: Boolean;  // Track if we need to start JSON array[0m
[35md:\Projects\_Pending\Grep_local - Copy (2)\Source\Logger.pas (42):     class function LogToJSON(const aLogEntry: TLogEntry): string;[0m
[35md:\Projects\_Pending\Grep_local - Copy (2)\Source\Logger.pas (45):     class procedure InitializeJSONFile;[0m
[35md:\Projects\_Pending\Grep_local - Copy (2)\Source\Logger.pas (46):     class procedure WriteJSONToFile(const aJSON: string);[0m
[35md:\Projects\_Pending\Grep_local - Copy (2)\Source\Logger.pas (73):   TLogger.fJSONFileInitialized := False;[0m
[35md:\Projects\_Pending\Grep_local - Copy (2)\Source\Logger.pas (88):     if fOutputFormat = TLogOutputFormat.JSON then maxLines := 3;[0m
[35md:\Projects\_Pending\Grep_local - Copy (2)\Source\Logger.pas (206):     TLogOutputFormat.JSON:[0m
[35md:\Projects\_Pending\Grep_local - Copy (2)\Source\Logger.pas (208):         logLine := TLogger.LogToJSON(aLogEntry);[0m
[35md:\Projects\_Pending\Grep_local - Copy (2)\Source\Logger.pas (209):         if not logLine.IsEmpty then WriteJSONToFile(logLine);[0m
[35md:\Projects\_Pending\Grep_local - Copy (2)\Source\Logger.pas (245): class function TLogger.LogToJSON(const aLogEntry: TLogEntry): string;[0m
[35md:\Projects\_Pending\Grep_local - Copy (2)\Source\Logger.pas (248):   jsonObj: TJSONObject;[0m
[35md:\Projects\_Pending\Grep_local - Copy (2)\Source\Logger.pas (254):     // Create a JSON object for the log entry[0m
[35md:\Projects\_Pending\Grep_local - Copy (2)\Source\Logger.pas (255):     jsonObj := TJSONObject.Create;[0m
[35md:\Projects\_Pending\Grep_local - Copy (2)\Source\Logger.pas (257):       jsonObj.AddPair('LogTime', FormatDateTime('yyyy-mm-dd hh:nn:ss', aLogEntry.LogTime));[0m
[35md:\Projects\_Pending\Grep_local - Copy (2)\Source\Logger.pas (258):       jsonObj.AddPair('UserID', aLogEntry.UserID);[0m
[35md:\Projects\_Pending\Grep_local - Copy (2)\Source\Logger.pas (259):       jsonObj.AddPair('LogObject', aLogEntry.LogObject);[0m
[35md:\Projects\_Pending\Grep_local - Copy (2)\Source\Logger.pas (260):       jsonObj.AddPair('Description', aLogEntry.Description);[0m
[35md:\Projects\_Pending\Grep_local - Copy (2)\Source\Logger.pas (261):       jsonObj.AddPair('LogStatus', StatusStr);[0m
[35md:\Projects\_Pending\Grep_local - Copy (2)\Source\Logger.pas (262):       Result := jsonObj.ToString;[0m
[35md:\Projects\_Pending\Grep_local - Copy (2)\Source\Logger.pas (264):       jsonObj.Free;[0m
[35md:\Projects\_Pending\Grep_local - Copy (2)\Source\Logger.pas (268): 	    raise Exception.CreateFmt('TLogger.LogToJSON,Error when creating the log entry: %s', [e.Message]);[0m
[35md:\Projects\_Pending\Grep_local - Copy (2)\Source\Logger.pas (273): class procedure TLogger.InitializeJSONFile;[0m
[35md:\Projects\_Pending\Grep_local - Copy (2)\Source\Logger.pas (285):       fJSONFileInitialized := True;[0m
[35md:\Projects\_Pending\Grep_local - Copy (2)\Source\Logger.pas (299):         fJSONFileInitialized := True;[0m
[35md:\Projects\_Pending\Grep_local - Copy (2)\Source\Logger.pas (308): class procedure TLogger.WriteJSONToFile(const aJSON: string);[0m
[35md:\Projects\_Pending\Grep_local - Copy (2)\Source\Logger.pas (325):   if ( (not fJSONFileInitialized) and (not logExists) ) then[0m
[35md:\Projects\_Pending\Grep_local - Copy (2)\Source\Logger.pas (326):     InitializeJSONFile;[0m
[35md:\Projects\_Pending\Grep_local - Copy (2)\Source\Logger.pas (345):         // Subsequent entry: prefix with comma, add new JSON, and re-add closing ']'[0m
[35md:\Projects\_Pending\Grep_local - Copy (2)\Source\Logger.pas (346):         buffer := TEncoding.UTF8.GetBytes(',' + sLineBreak + aJSON + sLineBreak + ']')[0m
[35md:\Projects\_Pending\Grep_local - Copy (2)\Source\Logger.pas (348):         // First entry: just add new JSON, and add the closing ']'[0m
[35md:\Projects\_Pending\Grep_local - Copy (2)\Source\Logger.pas (350):         buffer := TEncoding.UTF8.GetBytes(aJSON + sLineBreak + ']');[0m
[35md:\Projects\_Pending\Grep_local - Copy (2)\Source\Logger.pas (364):       fJSONFileInitialized := True;[0m
[32mFOUND: d:\Projects\_Pending\Grep_local - Copy (3)\Source\JSONConfig.pas[0m
[35md:\Projects\_Pending\Grep_local - Copy (3)\Source\JSONConfig.pas (1): unit JSONConfig;[0m
[35md:\Projects\_Pending\Grep_local - Copy (3)\Source\JSONConfig.pas (9):   System.JSON, System.Generics.Collections;[0m
[35md:\Projects\_Pending\Grep_local - Copy (3)\Source\JSONConfig.pas (12):   TJSONConfig = class[0m
[35md:\Projects\_Pending\Grep_local - Copy (3)\Source\JSONConfig.pas (15):     fJSONObject: TJSONObject;[0m
[35md:\Projects\_Pending\Grep_local - Copy (3)\Source\JSONConfig.pas (18):     function GetJsonValue(const aKey: string): TJsonValue;[0m
[35md:\Projects\_Pending\Grep_local - Copy (3)\Source\JSONConfig.pas (42):     procedure SetJSONArray(const aKey: string; aValue: TJSONArray);[0m
[35md:\Projects\_Pending\Grep_local - Copy (3)\Source\JSONConfig.pas (51):     function GetJSONArray(const aKey: string): TJSONArray;[0m
[35md:\Projects\_Pending\Grep_local - Copy (3)\Source\JSONConfig.pas (59): { TJSONConfig }[0m
[35md:\Projects\_Pending\Grep_local - Copy (3)\Source\JSONConfig.pas (61): constructor TJSONConfig.Create;[0m
[35md:\Projects\_Pending\Grep_local - Copy (3)\Source\JSONConfig.pas (64):   fJSONObject := TJSONObject.Create;[0m
[35md:\Projects\_Pending\Grep_local - Copy (3)\Source\JSONConfig.pas (68): destructor TJSONConfig.Destroy;[0m
[35md:\Projects\_Pending\Grep_local - Copy (3)\Source\JSONConfig.pas (70):   fJSONObject.Free;[0m
[35md:\Projects\_Pending\Grep_local - Copy (3)\Source\JSONConfig.pas (74): procedure TJSONConfig.Clear;[0m
[35md:\Projects\_Pending\Grep_local - Copy (3)\Source\JSONConfig.pas (76):   fJSONObject.Free;[0m
[35md:\Projects\_Pending\Grep_local - Copy (3)\Source\JSONConfig.pas (77):   fJSONObject := TJSONObject.Create;[0m
[35md:\Projects\_Pending\Grep_local - Copy (3)\Source\JSONConfig.pas (80): function TJSONConfig.GetJsonValue(const aKey: string): TJsonValue;[0m
[35md:\Projects\_Pending\Grep_local - Copy (3)\Source\JSONConfig.pas (82):   Result := fJSONObject.GetValue(aKey);[0m
[35md:\Projects\_Pending\Grep_local - Copy (3)\Source\JSONConfig.pas (85): function TJSONConfig.LoadFromFile(const aFilePath: string; aCreateIfNotExists: Boolean = False): Boolean;[0m
[35md:\Projects\_Pending\Grep_local - Copy (3)\Source\JSONConfig.pas (87):   jsonString: string;[0m
[35md:\Projects\_Pending\Grep_local - Copy (3)\Source\JSONConfig.pas (88):   jsonValue: TJsonValue;[0m
[35md:\Projects\_Pending\Grep_local - Copy (3)\Source\JSONConfig.pas (102):       raise Exception.CreateFmt('TJSONConfig.LoadFromFile: Configuration file not found: %s',[aFilePath]);[0m
[35md:\Projects\_Pending\Grep_local - Copy (3)\Source\JSONConfig.pas (107):     jsonString := TFile.ReadAllText(aFilePath);[0m
[35md:\Projects\_Pending\Grep_local - Copy (3)\Source\JSONConfig.pas (108):     jsonValue := TJSONObject.ParseJsonValue(jsonString);[0m
[35md:\Projects\_Pending\Grep_local - Copy (3)\Source\JSONConfig.pas (110):       if Assigned(jsonValue) and (jsonValue is TJSONObject) then[0m
[35md:\Projects\_Pending\Grep_local - Copy (3)\Source\JSONConfig.pas (112):         fJSONObject.Free; // Free existing object[0m
[35md:\Projects\_Pending\Grep_local - Copy (3)\Source\JSONConfig.pas (113):         fJSONObject := jsonValue as TJSONObject; // Assign new object[0m
[35md:\Projects\_Pending\Grep_local - Copy (3)\Source\JSONConfig.pas (118):         jsonValue.Free; // Free the non-object JSON value[0m
[35md:\Projects\_Pending\Grep_local - Copy (3)\Source\JSONConfig.pas (119):         raise Exception.CreateFmt('TJSONConfig.LoadFromFile: Invalid JSON structure in file: %s',[aFilePath]);[0m
[35md:\Projects\_Pending\Grep_local - Copy (3)\Source\JSONConfig.pas (124):         // Ensure jsonValue is freed if an error occurs during parsing or type checking[0m
[35md:\Projects\_Pending\Grep_local - Copy (3)\Source\JSONConfig.pas (125):         if Assigned(jsonValue) then jsonValue.Free;[0m
[35md:\Projects\_Pending\Grep_local - Copy (3)\Source\JSONConfig.pas (126):         raise Exception.CreateFmt('TJSONConfig.LoadFromFile: Error parsing JSON from file: %s',[aFilePath]);[0m
[35md:\Projects\_Pending\Grep_local - Copy (3)\Source\JSONConfig.pas (132):       raise Exception.CreateFmt('TJSONConfig.LoadFromFile: Error reading config file: %s',[aFilePath]);[0m
[35md:\Projects\_Pending\Grep_local - Copy (3)\Source\JSONConfig.pas (137): function TJSONConfig.SaveToFile(const aFilePath: string): Boolean;[0m
[35md:\Projects\_Pending\Grep_local - Copy (3)\Source\JSONConfig.pas (143):     TFile.WriteAllText(aFilePath, fJSONObject.ToJSON);[0m
[35md:\Projects\_Pending\Grep_local - Copy (3)\Source\JSONConfig.pas (148):       raise Exception.CreateFmt('TJSONConfig.SaveToFile: Error saving config file to: %s',[aFilePath]);[0m
[35md:\Projects\_Pending\Grep_local - Copy (3)\Source\JSONConfig.pas (153): function TJSONConfig.HasKey(const aKey: string): Boolean;[0m
[35md:\Projects\_Pending\Grep_local - Copy (3)\Source\JSONConfig.pas (155):   Result := GetJsonValue(aKey) <> nil;[0m
[35md:\Projects\_Pending\Grep_local - Copy (3)\Source\JSONConfig.pas (158): procedure TJSONConfig.DeleteKey(const aKey: string);[0m
[35md:\Projects\_Pending\Grep_local - Copy (3)\Source\JSONConfig.pas (160):   value: TJsonValue;[0m
[35md:\Projects\_Pending\Grep_local - Copy (3)\Source\JSONConfig.pas (162):   value := GetJsonValue(aKey);[0m
[35md:\Projects\_Pending\Grep_local - Copy (3)\Source\JSONConfig.pas (163):   if Assigned(value) then fJSONObject.RemovePair(aKey);[0m
[35md:\Projects\_Pending\Grep_local - Copy (3)\Source\JSONConfig.pas (166): procedure TJSONConfig.SetString(const aKey, aValue: string);[0m
[35md:\Projects\_Pending\Grep_local - Copy (3)\Source\JSONConfig.pas (168):   fJSONObject.AddPair(aKey, aValue);[0m
[35md:\Projects\_Pending\Grep_local - Copy (3)\Source\JSONConfig.pas (171): procedure TJSONConfig.SetInteger(const aKey: string; aValue: Integer);[0m
[35md:\Projects\_Pending\Grep_local - Copy (3)\Source\JSONConfig.pas (173):   fJSONObject.AddPair(aKey, TJSONNumber.Create(aValue));[0m
[35md:\Projects\_Pending\Grep_local - Copy (3)\Source\JSONConfig.pas (176): procedure TJSONConfig.SetFloat(const aKey: string; aValue: Double);[0m
[35md:\Projects\_Pending\Grep_local - Copy (3)\Source\JSONConfig.pas (178):   fJSONObject.AddPair(aKey, TJSONNumber.Create(aValue));[0m
[35md:\Projects\_Pending\Grep_local - Copy (3)\Source\JSONConfig.pas (181): procedure TJSONConfig.SetBoolean(const aKey: string; aValue: Boolean);[0m
[35md:\Projects\_Pending\Grep_local - Copy (3)\Source\JSONConfig.pas (183):   fJSONObject.AddPair(aKey, TJSONBool.Create(aValue));[0m
[35md:\Projects\_Pending\Grep_local - Copy (3)\Source\JSONConfig.pas (186): procedure TJSONConfig.SetDateTime(const aKey: string; aValue: TDateTime);[0m
[35md:\Projects\_Pending\Grep_local - Copy (3)\Source\JSONConfig.pas (190):   fJSONObject.AddPair(aKey, DateToISO8601(aValue));[0m
[35md:\Projects\_Pending\Grep_local - Copy (3)\Source\JSONConfig.pas (193): procedure TJSONConfig.SetTime(const aKey: string; aValue: TTime);[0m
[35md:\Projects\_Pending\Grep_local - Copy (3)\Source\JSONConfig.pas (195):   fJSONObject.AddPair(aKey, FormatDateTime('hh:nn', aValue));[0m
[35md:\Projects\_Pending\Grep_local - Copy (3)\Source\JSONConfig.pas (198): procedure TJSONConfig.SetJSONArray(const aKey: string; aValue: TJSONArray);[0m
[35md:\Projects\_Pending\Grep_local - Copy (3)\Source\JSONConfig.pas (202):   fJSONObject.AddPair(aKey, TJSONArray(aValue.Clone));[0m
[35md:\Projects\_Pending\Grep_local - Copy (3)\Source\JSONConfig.pas (205): function TJSONConfig.GetString(const aKey: string; const aDefault: string): string;[0m
[35md:\Projects\_Pending\Grep_local - Copy (3)\Source\JSONConfig.pas (207):   jsonValue: TJsonValue;[0m
[35md:\Projects\_Pending\Grep_local - Copy (3)\Source\JSONConfig.pas (209):   jsonValue := GetJsonValue(aKey);[0m
[35md:\Projects\_Pending\Grep_local - Copy (3)\Source\JSONConfig.pas (210):   if Assigned(jsonValue) and (jsonValue is TJSONString) then[0m
[35md:\Projects\_Pending\Grep_local - Copy (3)\Source\JSONConfig.pas (211):     Result := TJSONString(jsonValue).Value[0m
[35md:\Projects\_Pending\Grep_local - Copy (3)\Source\JSONConfig.pas (216): function TJSONConfig.GetInteger(const aKey: string; const aDefault: Integer): Integer;[0m
[35md:\Projects\_Pending\Grep_local - Copy (3)\Source\JSONConfig.pas (218):   jsonValue: TJsonValue;[0m
[35md:\Projects\_Pending\Grep_local - Copy (3)\Source\JSONConfig.pas (221):   jsonValue := GetJsonValue(aKey);[0m
[35md:\Projects\_Pending\Grep_local - Copy (3)\Source\JSONConfig.pas (222):   if Assigned(jsonValue) then[0m
[35md:\Projects\_Pending\Grep_local - Copy (3)\Source\JSONConfig.pas (224):     if (jsonValue is TJSONNumber) then[0m
[35md:\Projects\_Pending\Grep_local - Copy (3)\Source\JSONConfig.pas (227):         Result := TJSONNumber(jsonValue).AsInt;[0m
[35md:\Projects\_Pending\Grep_local - Copy (3)\Source\JSONConfig.pas (231):           raise Exception.CreateFmt('TJSONConfig.GetInteger: Error converting JSON number to Integer for Key: %s', [aKey]);[0m
[35md:\Projects\_Pending\Grep_local - Copy (3)\Source\JSONConfig.pas (237):       raise Exception.CreateFmt('TJSONConfig.GetInteger: Value for Key "%s" is not a JSON Number.', [aKey]);[0m
[35md:\Projects\_Pending\Grep_local - Copy (3)\Source\JSONConfig.pas (242): function TJSONConfig.GetFloat(const aKey: string; const aDefault: Double): Double;[0m
[35md:\Projects\_Pending\Grep_local - Copy (3)\Source\JSONConfig.pas (244):   jsonValue: TJsonValue;[0m
[35md:\Projects\_Pending\Grep_local - Copy (3)\Source\JSONConfig.pas (247):   jsonValue := GetJsonValue(aKey);[0m
[35md:\Projects\_Pending\Grep_local - Copy (3)\Source\JSONConfig.pas (248):   if Assigned(jsonValue) then[0m
[35md:\Projects\_Pending\Grep_local - Copy (3)\Source\JSONConfig.pas (250):     if (jsonValue is TJSONNumber) then[0m
[35md:\Projects\_Pending\Grep_local - Copy (3)\Source\JSONConfig.pas (253):         Result := TJSONNumber(jsonValue).AsDouble;[0m
[35md:\Projects\_Pending\Grep_local - Copy (3)\Source\JSONConfig.pas (257):           raise Exception.CreateFmt('TJSONConfig.GetFloat: Error converting JSON number to Float for Key: %s', [aKey]);[0m
[35md:\Projects\_Pending\Grep_local - Copy (3)\Source\JSONConfig.pas (263):       raise Exception.CreateFmt('TJSONConfig.GetFloat: Value for Key "%s" is not a JSON Number.', [aKey]);[0m
[35md:\Projects\_Pending\Grep_local - Copy (3)\Source\JSONConfig.pas (268): function TJSONConfig.GetBoolean(const aKey: string; const aDefault: Boolean): Boolean;[0m
[35md:\Projects\_Pending\Grep_local - Copy (3)\Source\JSONConfig.pas (270):   jsonValue: TJsonValue;[0m
[35md:\Projects\_Pending\Grep_local - Copy (3)\Source\JSONConfig.pas (272):   jsonValue := GetJsonValue(aKey);[0m
[35md:\Projects\_Pending\Grep_local - Copy (3)\Source\JSONConfig.pas (273):   if Assigned(jsonValue) and (jsonValue is TJSONBool) then[0m
[35md:\Projects\_Pending\Grep_local - Copy (3)\Source\JSONConfig.pas (274):     Result := TJSONBool(jsonValue).AsBoolean[0m
[35md:\Projects\_Pending\Grep_local - Copy (3)\Source\JSONConfig.pas (279): function TJSONConfig.GetDateTime(const aKey: string; const aDefault: TDateTime): TDateTime;[0m
[35md:\Projects\_Pending\Grep_local - Copy (3)\Source\JSONConfig.pas (281):   jsonValue: TJsonValue;[0m
[35md:\Projects\_Pending\Grep_local - Copy (3)\Source\JSONConfig.pas (285):   jsonValue := GetJsonValue(aKey);[0m
[35md:\Projects\_Pending\Grep_local - Copy (3)\Source\JSONConfig.pas (286):   if Assigned(jsonValue) then[0m
[35md:\Projects\_Pending\Grep_local - Copy (3)\Source\JSONConfig.pas (288):     if (jsonValue is TJSONString) then[0m
[35md:\Projects\_Pending\Grep_local - Copy (3)\Source\JSONConfig.pas (290):       datetimeStr := TJSONString(jsonValue).Value;[0m
[35md:\Projects\_Pending\Grep_local - Copy (3)\Source\JSONConfig.pas (297):           raise Exception.CreateFmt('TJSONConfig.GetDateTime: Error parsing DateTime string for key %s', [aKey]);[0m
[35md:\Projects\_Pending\Grep_local - Copy (3)\Source\JSONConfig.pas (303):       raise Exception.CreateFmt('TJSONConfig.GetDateTime: Value for Key "%s" is not a JSON String.', [aKey]);[0m
[35md:\Projects\_Pending\Grep_local - Copy (3)\Source\JSONConfig.pas (308): function TJSONConfig.GetTime(const aKey: string; const aDefault: TTime): TTime;[0m
[35md:\Projects\_Pending\Grep_local - Copy (3)\Source\JSONConfig.pas (310):   jsonValue: TJsonValue;[0m
[35md:\Projects\_Pending\Grep_local - Copy (3)\Source\JSONConfig.pas (314):   jsonValue := GetJsonValue(aKey);[0m
[35md:\Projects\_Pending\Grep_local - Copy (3)\Source\JSONConfig.pas (315):   if Assigned(jsonValue) then[0m
[35md:\Projects\_Pending\Grep_local - Copy (3)\Source\JSONConfig.pas (317):     if (jsonValue is TJSONString) then[0m
[35md:\Projects\_Pending\Grep_local - Copy (3)\Source\JSONConfig.pas (319):       timeStr := TJSONString(jsonValue).Value;[0m
[35md:\Projects\_Pending\Grep_local - Copy (3)\Source\JSONConfig.pas (325):           raise Exception.CreateFmt('TJSONConfig.GetTime: Error parsing Time string for key %s', [aKey]);[0m
[35md:\Projects\_Pending\Grep_local - Copy (3)\Source\JSONConfig.pas (331):       raise Exception.CreateFmt('TJSONConfig.GetTime: Value for Key "%s" is not a JSON String.', [aKey]);[0m
[35md:\Projects\_Pending\Grep_local - Copy (3)\Source\JSONConfig.pas (336): function TJSONConfig.GetJSONArray(const aKey: string): TJSONArray;[0m
[35md:\Projects\_Pending\Grep_local - Copy (3)\Source\JSONConfig.pas (338):   jsonValue: TJsonValue;[0m
[35md:\Projects\_Pending\Grep_local - Copy (3)\Source\JSONConfig.pas (341):   jsonValue := GetJsonValue(aKey);[0m
[35md:\Projects\_Pending\Grep_local - Copy (3)\Source\JSONConfig.pas (342):   if Assigned(jsonValue) and (jsonValue is TJSONArray) then[0m
[35md:\Projects\_Pending\Grep_local - Copy (3)\Source\JSONConfig.pas (344):     Result := TJSONArray(jsonValue.Clone)[0m
[35md:\Projects\_Pending\Grep_local - Copy (3)\Source\JSONConfig.pas (348): function TJSONConfig.GetValue: string;[0m
[35md:\Projects\_Pending\Grep_local - Copy (3)\Source\JSONConfig.pas (350):   Result := fJSONObject.ToJSON;[0m
[35md:\Projects\_Pending\Grep_local - Copy (3)\Source\JSONConfig.pas (353): procedure TJSONConfig.SetValue(const aValue: string);[0m
[35md:\Projects\_Pending\Grep_local - Copy (3)\Source\JSONConfig.pas (355):   newJSONObject: TJSONObject;[0m
[35md:\Projects\_Pending\Grep_local - Copy (3)\Source\JSONConfig.pas (356):   jsonValue: TJsonValue;[0m
[35md:\Projects\_Pending\Grep_local - Copy (3)\Source\JSONConfig.pas (358):   jsonValue := nil; // Initialize to nil[0m
[35md:\Projects\_Pending\Grep_local - Copy (3)\Source\JSONConfig.pas (360):     jsonValue := TJSONObject.ParseJsonValue(aValue); // Parse the input string[0m
[35md:\Projects\_Pending\Grep_local - Copy (3)\Source\JSONConfig.pas (361):     if Assigned(jsonValue) and (jsonValue is TJSONObject) then[0m
[35md:\Projects\_Pending\Grep_local - Copy (3)\Source\JSONConfig.pas (363):       newJSONObject := jsonValue as TJSONObject; // Cast to TJSONObject[0m
[35md:\Projects\_Pending\Grep_local - Copy (3)\Source\JSONConfig.pas (364):       fJSONObject.Free; // Free the old object to prevent memory leaks[0m
[35md:\Projects\_Pending\Grep_local - Copy (3)\Source\JSONConfig.pas (365):       fJSONObject := newJSONObject; // Assign the new object[0m
[35md:\Projects\_Pending\Grep_local - Copy (3)\Source\JSONConfig.pas (369):       // If parsing fails or the root is not a JSON object, raise an exception[0m
[35md:\Projects\_Pending\Grep_local - Copy (3)\Source\JSONConfig.pas (370):       raise Exception.Create('TJSONConfig.SetValue: Invalid JSON format or not a JSON Object.');[0m
[35md:\Projects\_Pending\Grep_local - Copy (3)\Source\JSONConfig.pas (373):     // Ensure JSONValue is freed only if it's not the one assigned to fJSONObject[0m
[35md:\Projects\_Pending\Grep_local - Copy (3)\Source\JSONConfig.pas (374):     if Assigned(jsonValue) and (jsonValue <> fJSONObject) then jsonValue.Free;[0m
[32mFOUND: d:\Projects\_Pending\Grep_local - Copy (3)\Source\Logger.pas[0m
[35md:\Projects\_Pending\Grep_local - Copy (3)\Source\Logger.pas (11):   System.JSON;[0m
[35md:\Projects\_Pending\Grep_local - Copy (3)\Source\Logger.pas (16):   TLogOutputFormat = (Text, CSV, JSON); // Enumerated type for output format[0m
[35md:\Projects\_Pending\Grep_local - Copy (3)\Source\Logger.pas (34):       fOutputFormat: TLogOutputFormat; // Output format (Text, CSV or JSON)[0m
[35md:\Projects\_Pending\Grep_local - Copy (3)\Source\Logger.pas (36):       fJSONFileInitialized: Boolean;  // Track if we need to start JSON array[0m
[35md:\Projects\_Pending\Grep_local - Copy (3)\Source\Logger.pas (42):     class function LogToJSON(const aLogEntry: TLogEntry): string;[0m
[35md:\Projects\_Pending\Grep_local - Copy (3)\Source\Logger.pas (45):     class procedure InitializeJSONFile;[0m
[35md:\Projects\_Pending\Grep_local - Copy (3)\Source\Logger.pas (46):     class procedure WriteJSONToFile(const aJSON: string);[0m
[35md:\Projects\_Pending\Grep_local - Copy (3)\Source\Logger.pas (73):   TLogger.fJSONFileInitialized := False;[0m
[35md:\Projects\_Pending\Grep_local - Copy (3)\Source\Logger.pas (88):     if fOutputFormat = TLogOutputFormat.JSON then maxLines := 3;[0m
[35md:\Projects\_Pending\Grep_local - Copy (3)\Source\Logger.pas (206):     TLogOutputFormat.JSON:[0m
[35md:\Projects\_Pending\Grep_local - Copy (3)\Source\Logger.pas (208):         logLine := TLogger.LogToJSON(aLogEntry);[0m
[35md:\Projects\_Pending\Grep_local - Copy (3)\Source\Logger.pas (209):         if not logLine.IsEmpty then WriteJSONToFile(logLine);[0m
[35md:\Projects\_Pending\Grep_local - Copy (3)\Source\Logger.pas (245): class function TLogger.LogToJSON(const aLogEntry: TLogEntry): string;[0m
[35md:\Projects\_Pending\Grep_local - Copy (3)\Source\Logger.pas (248):   jsonObj: TJSONObject;[0m
[35md:\Projects\_Pending\Grep_local - Copy (3)\Source\Logger.pas (254):     // Create a JSON object for the log entry[0m
[35md:\Projects\_Pending\Grep_local - Copy (3)\Source\Logger.pas (255):     jsonObj := TJSONObject.Create;[0m
[35md:\Projects\_Pending\Grep_local - Copy (3)\Source\Logger.pas (257):       jsonObj.AddPair('LogTime', FormatDateTime('yyyy-mm-dd hh:nn:ss', aLogEntry.LogTime));[0m
[35md:\Projects\_Pending\Grep_local - Copy (3)\Source\Logger.pas (258):       jsonObj.AddPair('UserID', aLogEntry.UserID);[0m
[35md:\Projects\_Pending\Grep_local - Copy (3)\Source\Logger.pas (259):       jsonObj.AddPair('LogObject', aLogEntry.LogObject);[0m
[35md:\Projects\_Pending\Grep_local - Copy (3)\Source\Logger.pas (260):       jsonObj.AddPair('Description', aLogEntry.Description);[0m
[35md:\Projects\_Pending\Grep_local - Copy (3)\Source\Logger.pas (261):       jsonObj.AddPair('LogStatus', StatusStr);[0m
[35md:\Projects\_Pending\Grep_local - Copy (3)\Source\Logger.pas (262):       Result := jsonObj.ToString;[0m
[35md:\Projects\_Pending\Grep_local - Copy (3)\Source\Logger.pas (264):       jsonObj.Free;[0m
[35md:\Projects\_Pending\Grep_local - Copy (3)\Source\Logger.pas (268): 	    raise Exception.CreateFmt('TLogger.LogToJSON,Error when creating the log entry: %s', [e.Message]);[0m
[35md:\Projects\_Pending\Grep_local - Copy (3)\Source\Logger.pas (273): class procedure TLogger.InitializeJSONFile;[0m
[35md:\Projects\_Pending\Grep_local - Copy (3)\Source\Logger.pas (285):       fJSONFileInitialized := True;[0m
[35md:\Projects\_Pending\Grep_local - Copy (3)\Source\Logger.pas (299):         fJSONFileInitialized := True;[0m
[35md:\Projects\_Pending\Grep_local - Copy (3)\Source\Logger.pas (308): class procedure TLogger.WriteJSONToFile(const aJSON: string);[0m
[35md:\Projects\_Pending\Grep_local - Copy (3)\Source\Logger.pas (325):   if ( (not fJSONFileInitialized) and (not logExists) ) then[0m
[35md:\Projects\_Pending\Grep_local - Copy (3)\Source\Logger.pas (326):     InitializeJSONFile;[0m
[35md:\Projects\_Pending\Grep_local - Copy (3)\Source\Logger.pas (345):         // Subsequent entry: prefix with comma, add new JSON, and re-add closing ']'[0m
[35md:\Projects\_Pending\Grep_local - Copy (3)\Source\Logger.pas (346):         buffer := TEncoding.UTF8.GetBytes(',' + sLineBreak + aJSON + sLineBreak + ']')[0m
[35md:\Projects\_Pending\Grep_local - Copy (3)\Source\Logger.pas (348):         // First entry: just add new JSON, and add the closing ']'[0m
[35md:\Projects\_Pending\Grep_local - Copy (3)\Source\Logger.pas (350):         buffer := TEncoding.UTF8.GetBytes(aJSON + sLineBreak + ']');[0m
[35md:\Projects\_Pending\Grep_local - Copy (3)\Source\Logger.pas (364):       fJSONFileInitialized := True;[0m
[32mFOUND: d:\Projects\_Pending\Grep_local - Copy (4)\Source\JSONConfig.pas[0m
[35md:\Projects\_Pending\Grep_local - Copy (4)\Source\JSONConfig.pas (1): unit JSONConfig;[0m
[35md:\Projects\_Pending\Grep_local - Copy (4)\Source\JSONConfig.pas (9):   System.JSON, System.Generics.Collections;[0m
[35md:\Projects\_Pending\Grep_local - Copy (4)\Source\JSONConfig.pas (12):   TJSONConfig = class[0m
[35md:\Projects\_Pending\Grep_local - Copy (4)\Source\JSONConfig.pas (15):     fJSONObject: TJSONObject;[0m
[35md:\Projects\_Pending\Grep_local - Copy (4)\Source\JSONConfig.pas (18):     function GetJsonValue(const aKey: string): TJsonValue;[0m
[35md:\Projects\_Pending\Grep_local - Copy (4)\Source\JSONConfig.pas (42):     procedure SetJSONArray(const aKey: string; aValue: TJSONArray);[0m
[35md:\Projects\_Pending\Grep_local - Copy (4)\Source\JSONConfig.pas (51):     function GetJSONArray(const aKey: string): TJSONArray;[0m
[35md:\Projects\_Pending\Grep_local - Copy (4)\Source\JSONConfig.pas (59): { TJSONConfig }[0m
[35md:\Projects\_Pending\Grep_local - Copy (4)\Source\JSONConfig.pas (61): constructor TJSONConfig.Create;[0m
[35md:\Projects\_Pending\Grep_local - Copy (4)\Source\JSONConfig.pas (64):   fJSONObject := TJSONObject.Create;[0m
[35md:\Projects\_Pending\Grep_local - Copy (4)\Source\JSONConfig.pas (68): destructor TJSONConfig.Destroy;[0m
[35md:\Projects\_Pending\Grep_local - Copy (4)\Source\JSONConfig.pas (70):   fJSONObject.Free;[0m
[35md:\Projects\_Pending\Grep_local - Copy (4)\Source\JSONConfig.pas (74): procedure TJSONConfig.Clear;[0m
[35md:\Projects\_Pending\Grep_local - Copy (4)\Source\JSONConfig.pas (76):   fJSONObject.Free;[0m
[35md:\Projects\_Pending\Grep_local - Copy (4)\Source\JSONConfig.pas (77):   fJSONObject := TJSONObject.Create;[0m
[35md:\Projects\_Pending\Grep_local - Copy (4)\Source\JSONConfig.pas (80): function TJSONConfig.GetJsonValue(const aKey: string): TJsonValue;[0m
[35md:\Projects\_Pending\Grep_local - Copy (4)\Source\JSONConfig.pas (82):   Result := fJSONObject.GetValue(aKey);[0m
[35md:\Projects\_Pending\Grep_local - Copy (4)\Source\JSONConfig.pas (85): function TJSONConfig.LoadFromFile(const aFilePath: string; aCreateIfNotExists: Boolean = False): Boolean;[0m
[35md:\Projects\_Pending\Grep_local - Copy (4)\Source\JSONConfig.pas (87):   jsonString: string;[0m
[35md:\Projects\_Pending\Grep_local - Copy (4)\Source\JSONConfig.pas (88):   jsonValue: TJsonValue;[0m
[35md:\Projects\_Pending\Grep_local - Copy (4)\Source\JSONConfig.pas (102):       raise Exception.CreateFmt('TJSONConfig.LoadFromFile: Configuration file not found: %s',[aFilePath]);[0m
[35md:\Projects\_Pending\Grep_local - Copy (4)\Source\JSONConfig.pas (107):     jsonString := TFile.ReadAllText(aFilePath);[0m
[35md:\Projects\_Pending\Grep_local - Copy (4)\Source\JSONConfig.pas (108):     jsonValue := TJSONObject.ParseJsonValue(jsonString);[0m
[35md:\Projects\_Pending\Grep_local - Copy (4)\Source\JSONConfig.pas (110):       if Assigned(jsonValue) and (jsonValue is TJSONObject) then[0m
[35md:\Projects\_Pending\Grep_local - Copy (4)\Source\JSONConfig.pas (112):         fJSONObject.Free; // Free existing object[0m
[35md:\Projects\_Pending\Grep_local - Copy (4)\Source\JSONConfig.pas (113):         fJSONObject := jsonValue as TJSONObject; // Assign new object[0m
[35md:\Projects\_Pending\Grep_local - Copy (4)\Source\JSONConfig.pas (118):         jsonValue.Free; // Free the non-object JSON value[0m
[35md:\Projects\_Pending\Grep_local - Copy (4)\Source\JSONConfig.pas (119):         raise Exception.CreateFmt('TJSONConfig.LoadFromFile: Invalid JSON structure in file: %s',[aFilePath]);[0m
[35md:\Projects\_Pending\Grep_local - Copy (4)\Source\JSONConfig.pas (124):         // Ensure jsonValue is freed if an error occurs during parsing or type checking[0m
[35md:\Projects\_Pending\Grep_local - Copy (4)\Source\JSONConfig.pas (125):         if Assigned(jsonValue) then jsonValue.Free;[0m
[35md:\Projects\_Pending\Grep_local - Copy (4)\Source\JSONConfig.pas (126):         raise Exception.CreateFmt('TJSONConfig.LoadFromFile: Error parsing JSON from file: %s',[aFilePath]);[0m
[35md:\Projects\_Pending\Grep_local - Copy (4)\Source\JSONConfig.pas (132):       raise Exception.CreateFmt('TJSONConfig.LoadFromFile: Error reading config file: %s',[aFilePath]);[0m
[35md:\Projects\_Pending\Grep_local - Copy (4)\Source\JSONConfig.pas (137): function TJSONConfig.SaveToFile(const aFilePath: string): Boolean;[0m
[35md:\Projects\_Pending\Grep_local - Copy (4)\Source\JSONConfig.pas (143):     TFile.WriteAllText(aFilePath, fJSONObject.ToJSON);[0m
[35md:\Projects\_Pending\Grep_local - Copy (4)\Source\JSONConfig.pas (148):       raise Exception.CreateFmt('TJSONConfig.SaveToFile: Error saving config file to: %s',[aFilePath]);[0m
[35md:\Projects\_Pending\Grep_local - Copy (4)\Source\JSONConfig.pas (153): function TJSONConfig.HasKey(const aKey: string): Boolean;[0m
[35md:\Projects\_Pending\Grep_local - Copy (4)\Source\JSONConfig.pas (155):   Result := GetJsonValue(aKey) <> nil;[0m
[35md:\Projects\_Pending\Grep_local - Copy (4)\Source\JSONConfig.pas (158): procedure TJSONConfig.DeleteKey(const aKey: string);[0m
[35md:\Projects\_Pending\Grep_local - Copy (4)\Source\JSONConfig.pas (160):   value: TJsonValue;[0m
[35md:\Projects\_Pending\Grep_local - Copy (4)\Source\JSONConfig.pas (162):   value := GetJsonValue(aKey);[0m
[35md:\Projects\_Pending\Grep_local - Copy (4)\Source\JSONConfig.pas (163):   if Assigned(value) then fJSONObject.RemovePair(aKey);[0m
[35md:\Projects\_Pending\Grep_local - Copy (4)\Source\JSONConfig.pas (166): procedure TJSONConfig.SetString(const aKey, aValue: string);[0m
[35md:\Projects\_Pending\Grep_local - Copy (4)\Source\JSONConfig.pas (168):   fJSONObject.AddPair(aKey, aValue);[0m
[35md:\Projects\_Pending\Grep_local - Copy (4)\Source\JSONConfig.pas (171): procedure TJSONConfig.SetInteger(const aKey: string; aValue: Integer);[0m
[35md:\Projects\_Pending\Grep_local - Copy (4)\Source\JSONConfig.pas (173):   fJSONObject.AddPair(aKey, TJSONNumber.Create(aValue));[0m
[35md:\Projects\_Pending\Grep_local - Copy (4)\Source\JSONConfig.pas (176): procedure TJSONConfig.SetFloat(const aKey: string; aValue: Double);[0m
[35md:\Projects\_Pending\Grep_local - Copy (4)\Source\JSONConfig.pas (178):   fJSONObject.AddPair(aKey, TJSONNumber.Create(aValue));[0m
[35md:\Projects\_Pending\Grep_local - Copy (4)\Source\JSONConfig.pas (181): procedure TJSONConfig.SetBoolean(const aKey: string; aValue: Boolean);[0m
[35md:\Projects\_Pending\Grep_local - Copy (4)\Source\JSONConfig.pas (183):   fJSONObject.AddPair(aKey, TJSONBool.Create(aValue));[0m
[35md:\Projects\_Pending\Grep_local - Copy (4)\Source\JSONConfig.pas (186): procedure TJSONConfig.SetDateTime(const aKey: string; aValue: TDateTime);[0m
[35md:\Projects\_Pending\Grep_local - Copy (4)\Source\JSONConfig.pas (190):   fJSONObject.AddPair(aKey, DateToISO8601(aValue));[0m
[35md:\Projects\_Pending\Grep_local - Copy (4)\Source\JSONConfig.pas (193): procedure TJSONConfig.SetTime(const aKey: string; aValue: TTime);[0m
[35md:\Projects\_Pending\Grep_local - Copy (4)\Source\JSONConfig.pas (195):   fJSONObject.AddPair(aKey, FormatDateTime('hh:nn', aValue));[0m
[35md:\Projects\_Pending\Grep_local - Copy (4)\Source\JSONConfig.pas (198): procedure TJSONConfig.SetJSONArray(const aKey: string; aValue: TJSONArray);[0m
[35md:\Projects\_Pending\Grep_local - Copy (4)\Source\JSONConfig.pas (202):   fJSONObject.AddPair(aKey, TJSONArray(aValue.Clone));[0m
[35md:\Projects\_Pending\Grep_local - Copy (4)\Source\JSONConfig.pas (205): function TJSONConfig.GetString(const aKey: string; const aDefault: string): string;[0m
[35md:\Projects\_Pending\Grep_local - Copy (4)\Source\JSONConfig.pas (207):   jsonValue: TJsonValue;[0m
[35md:\Projects\_Pending\Grep_local - Copy (4)\Source\JSONConfig.pas (209):   jsonValue := GetJsonValue(aKey);[0m
[35md:\Projects\_Pending\Grep_local - Copy (4)\Source\JSONConfig.pas (210):   if Assigned(jsonValue) and (jsonValue is TJSONString) then[0m
[35md:\Projects\_Pending\Grep_local - Copy (4)\Source\JSONConfig.pas (211):     Result := TJSONString(jsonValue).Value[0m
[35md:\Projects\_Pending\Grep_local - Copy (4)\Source\JSONConfig.pas (216): function TJSONConfig.GetInteger(const aKey: string; const aDefault: Integer): Integer;[0m
[35md:\Projects\_Pending\Grep_local - Copy (4)\Source\JSONConfig.pas (218):   jsonValue: TJsonValue;[0m
[35md:\Projects\_Pending\Grep_local - Copy (4)\Source\JSONConfig.pas (221):   jsonValue := GetJsonValue(aKey);[0m
[35md:\Projects\_Pending\Grep_local - Copy (4)\Source\JSONConfig.pas (222):   if Assigned(jsonValue) then[0m
[35md:\Projects\_Pending\Grep_local - Copy (4)\Source\JSONConfig.pas (224):     if (jsonValue is TJSONNumber) then[0m
[35md:\Projects\_Pending\Grep_local - Copy (4)\Source\JSONConfig.pas (227):         Result := TJSONNumber(jsonValue).AsInt;[0m
[35md:\Projects\_Pending\Grep_local - Copy (4)\Source\JSONConfig.pas (231):           raise Exception.CreateFmt('TJSONConfig.GetInteger: Error converting JSON number to Integer for Key: %s', [aKey]);[0m
[35md:\Projects\_Pending\Grep_local - Copy (4)\Source\JSONConfig.pas (237):       raise Exception.CreateFmt('TJSONConfig.GetInteger: Value for Key "%s" is not a JSON Number.', [aKey]);[0m
[35md:\Projects\_Pending\Grep_local - Copy (4)\Source\JSONConfig.pas (242): function TJSONConfig.GetFloat(const aKey: string; const aDefault: Double): Double;[0m
[35md:\Projects\_Pending\Grep_local - Copy (4)\Source\JSONConfig.pas (244):   jsonValue: TJsonValue;[0m
[35md:\Projects\_Pending\Grep_local - Copy (4)\Source\JSONConfig.pas (247):   jsonValue := GetJsonValue(aKey);[0m
[35md:\Projects\_Pending\Grep_local - Copy (4)\Source\JSONConfig.pas (248):   if Assigned(jsonValue) then[0m
[35md:\Projects\_Pending\Grep_local - Copy (4)\Source\JSONConfig.pas (250):     if (jsonValue is TJSONNumber) then[0m
[35md:\Projects\_Pending\Grep_local - Copy (4)\Source\JSONConfig.pas (253):         Result := TJSONNumber(jsonValue).AsDouble;[0m
[35md:\Projects\_Pending\Grep_local - Copy (4)\Source\JSONConfig.pas (257):           raise Exception.CreateFmt('TJSONConfig.GetFloat: Error converting JSON number to Float for Key: %s', [aKey]);[0m
[35md:\Projects\_Pending\Grep_local - Copy (4)\Source\JSONConfig.pas (263):       raise Exception.CreateFmt('TJSONConfig.GetFloat: Value for Key "%s" is not a JSON Number.', [aKey]);[0m
[35md:\Projects\_Pending\Grep_local - Copy (4)\Source\JSONConfig.pas (268): function TJSONConfig.GetBoolean(const aKey: string; const aDefault: Boolean): Boolean;[0m
[35md:\Projects\_Pending\Grep_local - Copy (4)\Source\JSONConfig.pas (270):   jsonValue: TJsonValue;[0m
[35md:\Projects\_Pending\Grep_local - Copy (4)\Source\JSONConfig.pas (272):   jsonValue := GetJsonValue(aKey);[0m
[35md:\Projects\_Pending\Grep_local - Copy (4)\Source\JSONConfig.pas (273):   if Assigned(jsonValue) and (jsonValue is TJSONBool) then[0m
[35md:\Projects\_Pending\Grep_local - Copy (4)\Source\JSONConfig.pas (274):     Result := TJSONBool(jsonValue).AsBoolean[0m
[35md:\Projects\_Pending\Grep_local - Copy (4)\Source\JSONConfig.pas (279): function TJSONConfig.GetDateTime(const aKey: string; const aDefault: TDateTime): TDateTime;[0m
[35md:\Projects\_Pending\Grep_local - Copy (4)\Source\JSONConfig.pas (281):   jsonValue: TJsonValue;[0m
[35md:\Projects\_Pending\Grep_local - Copy (4)\Source\JSONConfig.pas (285):   jsonValue := GetJsonValue(aKey);[0m
[35md:\Projects\_Pending\Grep_local - Copy (4)\Source\JSONConfig.pas (286):   if Assigned(jsonValue) then[0m
[35md:\Projects\_Pending\Grep_local - Copy (4)\Source\JSONConfig.pas (288):     if (jsonValue is TJSONString) then[0m
[35md:\Projects\_Pending\Grep_local - Copy (4)\Source\JSONConfig.pas (290):       datetimeStr := TJSONString(jsonValue).Value;[0m
[35md:\Projects\_Pending\Grep_local - Copy (4)\Source\JSONConfig.pas (297):           raise Exception.CreateFmt('TJSONConfig.GetDateTime: Error parsing DateTime string for key %s', [aKey]);[0m
[35md:\Projects\_Pending\Grep_local - Copy (4)\Source\JSONConfig.pas (303):       raise Exception.CreateFmt('TJSONConfig.GetDateTime: Value for Key "%s" is not a JSON String.', [aKey]);[0m
[35md:\Projects\_Pending\Grep_local - Copy (4)\Source\JSONConfig.pas (308): function TJSONConfig.GetTime(const aKey: string; const aDefault: TTime): TTime;[0m
[35md:\Projects\_Pending\Grep_local - Copy (4)\Source\JSONConfig.pas (310):   jsonValue: TJsonValue;[0m
[35md:\Projects\_Pending\Grep_local - Copy (4)\Source\JSONConfig.pas (314):   jsonValue := GetJsonValue(aKey);[0m
[35md:\Projects\_Pending\Grep_local - Copy (4)\Source\JSONConfig.pas (315):   if Assigned(jsonValue) then[0m
[35md:\Projects\_Pending\Grep_local - Copy (4)\Source\JSONConfig.pas (317):     if (jsonValue is TJSONString) then[0m
[35md:\Projects\_Pending\Grep_local - Copy (4)\Source\JSONConfig.pas (319):       timeStr := TJSONString(jsonValue).Value;[0m
[35md:\Projects\_Pending\Grep_local - Copy (4)\Source\JSONConfig.pas (325):           raise Exception.CreateFmt('TJSONConfig.GetTime: Error parsing Time string for key %s', [aKey]);[0m
[35md:\Projects\_Pending\Grep_local - Copy (4)\Source\JSONConfig.pas (331):       raise Exception.CreateFmt('TJSONConfig.GetTime: Value for Key "%s" is not a JSON String.', [aKey]);[0m
[35md:\Projects\_Pending\Grep_local - Copy (4)\Source\JSONConfig.pas (336): function TJSONConfig.GetJSONArray(const aKey: string): TJSONArray;[0m
[35md:\Projects\_Pending\Grep_local - Copy (4)\Source\JSONConfig.pas (338):   jsonValue: TJsonValue;[0m
[35md:\Projects\_Pending\Grep_local - Copy (4)\Source\JSONConfig.pas (341):   jsonValue := GetJsonValue(aKey);[0m
[35md:\Projects\_Pending\Grep_local - Copy (4)\Source\JSONConfig.pas (342):   if Assigned(jsonValue) and (jsonValue is TJSONArray) then[0m
[35md:\Projects\_Pending\Grep_local - Copy (4)\Source\JSONConfig.pas (344):     Result := TJSONArray(jsonValue.Clone)[0m
[35md:\Projects\_Pending\Grep_local - Copy (4)\Source\JSONConfig.pas (348): function TJSONConfig.GetValue: string;[0m
[35md:\Projects\_Pending\Grep_local - Copy (4)\Source\JSONConfig.pas (350):   Result := fJSONObject.ToJSON;[0m
[35md:\Projects\_Pending\Grep_local - Copy (4)\Source\JSONConfig.pas (353): procedure TJSONConfig.SetValue(const aValue: string);[0m
[35md:\Projects\_Pending\Grep_local - Copy (4)\Source\JSONConfig.pas (355):   newJSONObject: TJSONObject;[0m
[35md:\Projects\_Pending\Grep_local - Copy (4)\Source\JSONConfig.pas (356):   jsonValue: TJsonValue;[0m
[35md:\Projects\_Pending\Grep_local - Copy (4)\Source\JSONConfig.pas (358):   jsonValue := nil; // Initialize to nil[0m
[35md:\Projects\_Pending\Grep_local - Copy (4)\Source\JSONConfig.pas (360):     jsonValue := TJSONObject.ParseJsonValue(aValue); // Parse the input string[0m
[35md:\Projects\_Pending\Grep_local - Copy (4)\Source\JSONConfig.pas (361):     if Assigned(jsonValue) and (jsonValue is TJSONObject) then[0m
[35md:\Projects\_Pending\Grep_local - Copy (4)\Source\JSONConfig.pas (363):       newJSONObject := jsonValue as TJSONObject; // Cast to TJSONObject[0m
[35md:\Projects\_Pending\Grep_local - Copy (4)\Source\JSONConfig.pas (364):       fJSONObject.Free; // Free the old object to prevent memory leaks[0m
[35md:\Projects\_Pending\Grep_local - Copy (4)\Source\JSONConfig.pas (365):       fJSONObject := newJSONObject; // Assign the new object[0m
[35md:\Projects\_Pending\Grep_local - Copy (4)\Source\JSONConfig.pas (369):       // If parsing fails or the root is not a JSON object, raise an exception[0m
[35md:\Projects\_Pending\Grep_local - Copy (4)\Source\JSONConfig.pas (370):       raise Exception.Create('TJSONConfig.SetValue: Invalid JSON format or not a JSON Object.');[0m
[35md:\Projects\_Pending\Grep_local - Copy (4)\Source\JSONConfig.pas (373):     // Ensure JSONValue is freed only if it's not the one assigned to fJSONObject[0m
[35md:\Projects\_Pending\Grep_local - Copy (4)\Source\JSONConfig.pas (374):     if Assigned(jsonValue) and (jsonValue <> fJSONObject) then jsonValue.Free;[0m
[32mFOUND: d:\Projects\_Pending\Grep_local - Copy (4)\Source\Logger.pas[0m
[35md:\Projects\_Pending\Grep_local - Copy (4)\Source\Logger.pas (11):   System.JSON;[0m
[35md:\Projects\_Pending\Grep_local - Copy (4)\Source\Logger.pas (16):   TLogOutputFormat = (Text, CSV, JSON); // Enumerated type for output format[0m
[35md:\Projects\_Pending\Grep_local - Copy (4)\Source\Logger.pas (34):       fOutputFormat: TLogOutputFormat; // Output format (Text, CSV or JSON)[0m
[35md:\Projects\_Pending\Grep_local - Copy (4)\Source\Logger.pas (36):       fJSONFileInitialized: Boolean;  // Track if we need to start JSON array[0m
[35md:\Projects\_Pending\Grep_local - Copy (4)\Source\Logger.pas (42):     class function LogToJSON(const aLogEntry: TLogEntry): string;[0m
[35md:\Projects\_Pending\Grep_local - Copy (4)\Source\Logger.pas (45):     class procedure InitializeJSONFile;[0m
[35md:\Projects\_Pending\Grep_local - Copy (4)\Source\Logger.pas (46):     class procedure WriteJSONToFile(const aJSON: string);[0m
[35md:\Projects\_Pending\Grep_local - Copy (4)\Source\Logger.pas (73):   TLogger.fJSONFileInitialized := False;[0m
[35md:\Projects\_Pending\Grep_local - Copy (4)\Source\Logger.pas (88):     if fOutputFormat = TLogOutputFormat.JSON then maxLines := 3;[0m
[35md:\Projects\_Pending\Grep_local - Copy (4)\Source\Logger.pas (206):     TLogOutputFormat.JSON:[0m
[35md:\Projects\_Pending\Grep_local - Copy (4)\Source\Logger.pas (208):         logLine := TLogger.LogToJSON(aLogEntry);[0m
[35md:\Projects\_Pending\Grep_local - Copy (4)\Source\Logger.pas (209):         if not logLine.IsEmpty then WriteJSONToFile(logLine);[0m
[35md:\Projects\_Pending\Grep_local - Copy (4)\Source\Logger.pas (245): class function TLogger.LogToJSON(const aLogEntry: TLogEntry): string;[0m
[35md:\Projects\_Pending\Grep_local - Copy (4)\Source\Logger.pas (248):   jsonObj: TJSONObject;[0m
[35md:\Projects\_Pending\Grep_local - Copy (4)\Source\Logger.pas (254):     // Create a JSON object for the log entry[0m
[35md:\Projects\_Pending\Grep_local - Copy (4)\Source\Logger.pas (255):     jsonObj := TJSONObject.Create;[0m
[35md:\Projects\_Pending\Grep_local - Copy (4)\Source\Logger.pas (257):       jsonObj.AddPair('LogTime', FormatDateTime('yyyy-mm-dd hh:nn:ss', aLogEntry.LogTime));[0m
[35md:\Projects\_Pending\Grep_local - Copy (4)\Source\Logger.pas (258):       jsonObj.AddPair('UserID', aLogEntry.UserID);[0m
[35md:\Projects\_Pending\Grep_local - Copy (4)\Source\Logger.pas (259):       jsonObj.AddPair('LogObject', aLogEntry.LogObject);[0m
[35md:\Projects\_Pending\Grep_local - Copy (4)\Source\Logger.pas (260):       jsonObj.AddPair('Description', aLogEntry.Description);[0m
[35md:\Projects\_Pending\Grep_local - Copy (4)\Source\Logger.pas (261):       jsonObj.AddPair('LogStatus', StatusStr);[0m
[35md:\Projects\_Pending\Grep_local - Copy (4)\Source\Logger.pas (262):       Result := jsonObj.ToString;[0m
[35md:\Projects\_Pending\Grep_local - Copy (4)\Source\Logger.pas (264):       jsonObj.Free;[0m
[35md:\Projects\_Pending\Grep_local - Copy (4)\Source\Logger.pas (268): 	    raise Exception.CreateFmt('TLogger.LogToJSON,Error when creating the log entry: %s', [e.Message]);[0m
[35md:\Projects\_Pending\Grep_local - Copy (4)\Source\Logger.pas (273): class procedure TLogger.InitializeJSONFile;[0m
[35md:\Projects\_Pending\Grep_local - Copy (4)\Source\Logger.pas (285):       fJSONFileInitialized := True;[0m
[35md:\Projects\_Pending\Grep_local - Copy (4)\Source\Logger.pas (299):         fJSONFileInitialized := True;[0m
[35md:\Projects\_Pending\Grep_local - Copy (4)\Source\Logger.pas (308): class procedure TLogger.WriteJSONToFile(const aJSON: string);[0m
[35md:\Projects\_Pending\Grep_local - Copy (4)\Source\Logger.pas (325):   if ( (not fJSONFileInitialized) and (not logExists) ) then[0m
[35md:\Projects\_Pending\Grep_local - Copy (4)\Source\Logger.pas (326):     InitializeJSONFile;[0m
[35md:\Projects\_Pending\Grep_local - Copy (4)\Source\Logger.pas (345):         // Subsequent entry: prefix with comma, add new JSON, and re-add closing ']'[0m
[35md:\Projects\_Pending\Grep_local - Copy (4)\Source\Logger.pas (346):         buffer := TEncoding.UTF8.GetBytes(',' + sLineBreak + aJSON + sLineBreak + ']')[0m
[35md:\Projects\_Pending\Grep_local - Copy (4)\Source\Logger.pas (348):         // First entry: just add new JSON, and add the closing ']'[0m
[35md:\Projects\_Pending\Grep_local - Copy (4)\Source\Logger.pas (350):         buffer := TEncoding.UTF8.GetBytes(aJSON + sLineBreak + ']');[0m
[35md:\Projects\_Pending\Grep_local - Copy (4)\Source\Logger.pas (364):       fJSONFileInitialized := True;[0m
[32mFOUND: d:\Projects\_Pending\Grep_local - Copy (5)\Source\JSONConfig.pas[0m
[35md:\Projects\_Pending\Grep_local - Copy (5)\Source\JSONConfig.pas (1): unit JSONConfig;[0m
[35md:\Projects\_Pending\Grep_local - Copy (5)\Source\JSONConfig.pas (9):   System.JSON, System.Generics.Collections;[0m
[35md:\Projects\_Pending\Grep_local - Copy (5)\Source\JSONConfig.pas (12):   TJSONConfig = class[0m
[35md:\Projects\_Pending\Grep_local - Copy (5)\Source\JSONConfig.pas (15):     fJSONObject: TJSONObject;[0m
[35md:\Projects\_Pending\Grep_local - Copy (5)\Source\JSONConfig.pas (18):     function GetJsonValue(const aKey: string): TJsonValue;[0m
[35md:\Projects\_Pending\Grep_local - Copy (5)\Source\JSONConfig.pas (42):     procedure SetJSONArray(const aKey: string; aValue: TJSONArray);[0m
[35md:\Projects\_Pending\Grep_local - Copy (5)\Source\JSONConfig.pas (51):     function GetJSONArray(const aKey: string): TJSONArray;[0m
[35md:\Projects\_Pending\Grep_local - Copy (5)\Source\JSONConfig.pas (59): { TJSONConfig }[0m
[35md:\Projects\_Pending\Grep_local - Copy (5)\Source\JSONConfig.pas (61): constructor TJSONConfig.Create;[0m
[35md:\Projects\_Pending\Grep_local - Copy (5)\Source\JSONConfig.pas (64):   fJSONObject := TJSONObject.Create;[0m
[35md:\Projects\_Pending\Grep_local - Copy (5)\Source\JSONConfig.pas (68): destructor TJSONConfig.Destroy;[0m
[35md:\Projects\_Pending\Grep_local - Copy (5)\Source\JSONConfig.pas (70):   fJSONObject.Free;[0m
[35md:\Projects\_Pending\Grep_local - Copy (5)\Source\JSONConfig.pas (74): procedure TJSONConfig.Clear;[0m
[35md:\Projects\_Pending\Grep_local - Copy (5)\Source\JSONConfig.pas (76):   fJSONObject.Free;[0m
[35md:\Projects\_Pending\Grep_local - Copy (5)\Source\JSONConfig.pas (77):   fJSONObject := TJSONObject.Create;[0m
[35md:\Projects\_Pending\Grep_local - Copy (5)\Source\JSONConfig.pas (80): function TJSONConfig.GetJsonValue(const aKey: string): TJsonValue;[0m
[35md:\Projects\_Pending\Grep_local - Copy (5)\Source\JSONConfig.pas (82):   Result := fJSONObject.GetValue(aKey);[0m
[35md:\Projects\_Pending\Grep_local - Copy (5)\Source\JSONConfig.pas (85): function TJSONConfig.LoadFromFile(const aFilePath: string; aCreateIfNotExists: Boolean = False): Boolean;[0m
[35md:\Projects\_Pending\Grep_local - Copy (5)\Source\JSONConfig.pas (87):   jsonString: string;[0m
[35md:\Projects\_Pending\Grep_local - Copy (5)\Source\JSONConfig.pas (88):   jsonValue: TJsonValue;[0m
[35md:\Projects\_Pending\Grep_local - Copy (5)\Source\JSONConfig.pas (102):       raise Exception.CreateFmt('TJSONConfig.LoadFromFile: Configuration file not found: %s',[aFilePath]);[0m
[35md:\Projects\_Pending\Grep_local - Copy (5)\Source\JSONConfig.pas (107):     jsonString := TFile.ReadAllText(aFilePath);[0m
[35md:\Projects\_Pending\Grep_local - Copy (5)\Source\JSONConfig.pas (108):     jsonValue := TJSONObject.ParseJsonValue(jsonString);[0m
[35md:\Projects\_Pending\Grep_local - Copy (5)\Source\JSONConfig.pas (110):       if Assigned(jsonValue) and (jsonValue is TJSONObject) then[0m
[35md:\Projects\_Pending\Grep_local - Copy (5)\Source\JSONConfig.pas (112):         fJSONObject.Free; // Free existing object[0m
[35md:\Projects\_Pending\Grep_local - Copy (5)\Source\JSONConfig.pas (113):         fJSONObject := jsonValue as TJSONObject; // Assign new object[0m
[35md:\Projects\_Pending\Grep_local - Copy (5)\Source\JSONConfig.pas (118):         jsonValue.Free; // Free the non-object JSON value[0m
[35md:\Projects\_Pending\Grep_local - Copy (5)\Source\JSONConfig.pas (119):         raise Exception.CreateFmt('TJSONConfig.LoadFromFile: Invalid JSON structure in file: %s',[aFilePath]);[0m
[35md:\Projects\_Pending\Grep_local - Copy (5)\Source\JSONConfig.pas (124):         // Ensure jsonValue is freed if an error occurs during parsing or type checking[0m
[35md:\Projects\_Pending\Grep_local - Copy (5)\Source\JSONConfig.pas (125):         if Assigned(jsonValue) then jsonValue.Free;[0m
[35md:\Projects\_Pending\Grep_local - Copy (5)\Source\JSONConfig.pas (126):         raise Exception.CreateFmt('TJSONConfig.LoadFromFile: Error parsing JSON from file: %s',[aFilePath]);[0m
[35md:\Projects\_Pending\Grep_local - Copy (5)\Source\JSONConfig.pas (132):       raise Exception.CreateFmt('TJSONConfig.LoadFromFile: Error reading config file: %s',[aFilePath]);[0m
[35md:\Projects\_Pending\Grep_local - Copy (5)\Source\JSONConfig.pas (137): function TJSONConfig.SaveToFile(const aFilePath: string): Boolean;[0m
[35md:\Projects\_Pending\Grep_local - Copy (5)\Source\JSONConfig.pas (143):     TFile.WriteAllText(aFilePath, fJSONObject.ToJSON);[0m
[35md:\Projects\_Pending\Grep_local - Copy (5)\Source\JSONConfig.pas (148):       raise Exception.CreateFmt('TJSONConfig.SaveToFile: Error saving config file to: %s',[aFilePath]);[0m
[35md:\Projects\_Pending\Grep_local - Copy (5)\Source\JSONConfig.pas (153): function TJSONConfig.HasKey(const aKey: string): Boolean;[0m
[35md:\Projects\_Pending\Grep_local - Copy (5)\Source\JSONConfig.pas (155):   Result := GetJsonValue(aKey) <> nil;[0m
[35md:\Projects\_Pending\Grep_local - Copy (5)\Source\JSONConfig.pas (158): procedure TJSONConfig.DeleteKey(const aKey: string);[0m
[35md:\Projects\_Pending\Grep_local - Copy (5)\Source\JSONConfig.pas (160):   value: TJsonValue;[0m
[35md:\Projects\_Pending\Grep_local - Copy (5)\Source\JSONConfig.pas (162):   value := GetJsonValue(aKey);[0m
[35md:\Projects\_Pending\Grep_local - Copy (5)\Source\JSONConfig.pas (163):   if Assigned(value) then fJSONObject.RemovePair(aKey);[0m
[35md:\Projects\_Pending\Grep_local - Copy (5)\Source\JSONConfig.pas (166): procedure TJSONConfig.SetString(const aKey, aValue: string);[0m
[35md:\Projects\_Pending\Grep_local - Copy (5)\Source\JSONConfig.pas (168):   fJSONObject.AddPair(aKey, aValue);[0m
[35md:\Projects\_Pending\Grep_local - Copy (5)\Source\JSONConfig.pas (171): procedure TJSONConfig.SetInteger(const aKey: string; aValue: Integer);[0m
[35md:\Projects\_Pending\Grep_local - Copy (5)\Source\JSONConfig.pas (173):   fJSONObject.AddPair(aKey, TJSONNumber.Create(aValue));[0m
[35md:\Projects\_Pending\Grep_local - Copy (5)\Source\JSONConfig.pas (176): procedure TJSONConfig.SetFloat(const aKey: string; aValue: Double);[0m
[35md:\Projects\_Pending\Grep_local - Copy (5)\Source\JSONConfig.pas (178):   fJSONObject.AddPair(aKey, TJSONNumber.Create(aValue));[0m
[35md:\Projects\_Pending\Grep_local - Copy (5)\Source\JSONConfig.pas (181): procedure TJSONConfig.SetBoolean(const aKey: string; aValue: Boolean);[0m
[35md:\Projects\_Pending\Grep_local - Copy (5)\Source\JSONConfig.pas (183):   fJSONObject.AddPair(aKey, TJSONBool.Create(aValue));[0m
[35md:\Projects\_Pending\Grep_local - Copy (5)\Source\JSONConfig.pas (186): procedure TJSONConfig.SetDateTime(const aKey: string; aValue: TDateTime);[0m
[35md:\Projects\_Pending\Grep_local - Copy (5)\Source\JSONConfig.pas (190):   fJSONObject.AddPair(aKey, DateToISO8601(aValue));[0m
[35md:\Projects\_Pending\Grep_local - Copy (5)\Source\JSONConfig.pas (193): procedure TJSONConfig.SetTime(const aKey: string; aValue: TTime);[0m
[35md:\Projects\_Pending\Grep_local - Copy (5)\Source\JSONConfig.pas (195):   fJSONObject.AddPair(aKey, FormatDateTime('hh:nn', aValue));[0m
[35md:\Projects\_Pending\Grep_local - Copy (5)\Source\JSONConfig.pas (198): procedure TJSONConfig.SetJSONArray(const aKey: string; aValue: TJSONArray);[0m
[35md:\Projects\_Pending\Grep_local - Copy (5)\Source\JSONConfig.pas (202):   fJSONObject.AddPair(aKey, TJSONArray(aValue.Clone));[0m
[35md:\Projects\_Pending\Grep_local - Copy (5)\Source\JSONConfig.pas (205): function TJSONConfig.GetString(const aKey: string; const aDefault: string): string;[0m
[35md:\Projects\_Pending\Grep_local - Copy (5)\Source\JSONConfig.pas (207):   jsonValue: TJsonValue;[0m
[35md:\Projects\_Pending\Grep_local - Copy (5)\Source\JSONConfig.pas (209):   jsonValue := GetJsonValue(aKey);[0m
[35md:\Projects\_Pending\Grep_local - Copy (5)\Source\JSONConfig.pas (210):   if Assigned(jsonValue) and (jsonValue is TJSONString) then[0m
[35md:\Projects\_Pending\Grep_local - Copy (5)\Source\JSONConfig.pas (211):     Result := TJSONString(jsonValue).Value[0m
[35md:\Projects\_Pending\Grep_local - Copy (5)\Source\JSONConfig.pas (216): function TJSONConfig.GetInteger(const aKey: string; const aDefault: Integer): Integer;[0m
[35md:\Projects\_Pending\Grep_local - Copy (5)\Source\JSONConfig.pas (218):   jsonValue: TJsonValue;[0m
[35md:\Projects\_Pending\Grep_local - Copy (5)\Source\JSONConfig.pas (221):   jsonValue := GetJsonValue(aKey);[0m
[35md:\Projects\_Pending\Grep_local - Copy (5)\Source\JSONConfig.pas (222):   if Assigned(jsonValue) then[0m
[35md:\Projects\_Pending\Grep_local - Copy (5)\Source\JSONConfig.pas (224):     if (jsonValue is TJSONNumber) then[0m
[35md:\Projects\_Pending\Grep_local - Copy (5)\Source\JSONConfig.pas (227):         Result := TJSONNumber(jsonValue).AsInt;[0m
[35md:\Projects\_Pending\Grep_local - Copy (5)\Source\JSONConfig.pas (231):           raise Exception.CreateFmt('TJSONConfig.GetInteger: Error converting JSON number to Integer for Key: %s', [aKey]);[0m
[35md:\Projects\_Pending\Grep_local - Copy (5)\Source\JSONConfig.pas (237):       raise Exception.CreateFmt('TJSONConfig.GetInteger: Value for Key "%s" is not a JSON Number.', [aKey]);[0m
[35md:\Projects\_Pending\Grep_local - Copy (5)\Source\JSONConfig.pas (242): function TJSONConfig.GetFloat(const aKey: string; const aDefault: Double): Double;[0m
[35md:\Projects\_Pending\Grep_local - Copy (5)\Source\JSONConfig.pas (244):   jsonValue: TJsonValue;[0m
[35md:\Projects\_Pending\Grep_local - Copy (5)\Source\JSONConfig.pas (247):   jsonValue := GetJsonValue(aKey);[0m
[35md:\Projects\_Pending\Grep_local - Copy (5)\Source\JSONConfig.pas (248):   if Assigned(jsonValue) then[0m
[35md:\Projects\_Pending\Grep_local - Copy (5)\Source\JSONConfig.pas (250):     if (jsonValue is TJSONNumber) then[0m
[35md:\Projects\_Pending\Grep_local - Copy (5)\Source\JSONConfig.pas (253):         Result := TJSONNumber(jsonValue).AsDouble;[0m
[35md:\Projects\_Pending\Grep_local - Copy (5)\Source\JSONConfig.pas (257):           raise Exception.CreateFmt('TJSONConfig.GetFloat: Error converting JSON number to Float for Key: %s', [aKey]);[0m
[35md:\Projects\_Pending\Grep_local - Copy (5)\Source\JSONConfig.pas (263):       raise Exception.CreateFmt('TJSONConfig.GetFloat: Value for Key "%s" is not a JSON Number.', [aKey]);[0m
[35md:\Projects\_Pending\Grep_local - Copy (5)\Source\JSONConfig.pas (268): function TJSONConfig.GetBoolean(const aKey: string; const aDefault: Boolean): Boolean;[0m
[35md:\Projects\_Pending\Grep_local - Copy (5)\Source\JSONConfig.pas (270):   jsonValue: TJsonValue;[0m
[35md:\Projects\_Pending\Grep_local - Copy (5)\Source\JSONConfig.pas (272):   jsonValue := GetJsonValue(aKey);[0m
[35md:\Projects\_Pending\Grep_local - Copy (5)\Source\JSONConfig.pas (273):   if Assigned(jsonValue) and (jsonValue is TJSONBool) then[0m
[35md:\Projects\_Pending\Grep_local - Copy (5)\Source\JSONConfig.pas (274):     Result := TJSONBool(jsonValue).AsBoolean[0m
[35md:\Projects\_Pending\Grep_local - Copy (5)\Source\JSONConfig.pas (279): function TJSONConfig.GetDateTime(const aKey: string; const aDefault: TDateTime): TDateTime;[0m
[35md:\Projects\_Pending\Grep_local - Copy (5)\Source\JSONConfig.pas (281):   jsonValue: TJsonValue;[0m
[35md:\Projects\_Pending\Grep_local - Copy (5)\Source\JSONConfig.pas (285):   jsonValue := GetJsonValue(aKey);[0m
[35md:\Projects\_Pending\Grep_local - Copy (5)\Source\JSONConfig.pas (286):   if Assigned(jsonValue) then[0m
[35md:\Projects\_Pending\Grep_local - Copy (5)\Source\JSONConfig.pas (288):     if (jsonValue is TJSONString) then[0m
[35md:\Projects\_Pending\Grep_local - Copy (5)\Source\JSONConfig.pas (290):       datetimeStr := TJSONString(jsonValue).Value;[0m
[35md:\Projects\_Pending\Grep_local - Copy (5)\Source\JSONConfig.pas (297):           raise Exception.CreateFmt('TJSONConfig.GetDateTime: Error parsing DateTime string for key %s', [aKey]);[0m
[35md:\Projects\_Pending\Grep_local - Copy (5)\Source\JSONConfig.pas (303):       raise Exception.CreateFmt('TJSONConfig.GetDateTime: Value for Key "%s" is not a JSON String.', [aKey]);[0m
[35md:\Projects\_Pending\Grep_local - Copy (5)\Source\JSONConfig.pas (308): function TJSONConfig.GetTime(const aKey: string; const aDefault: TTime): TTime;[0m
[35md:\Projects\_Pending\Grep_local - Copy (5)\Source\JSONConfig.pas (310):   jsonValue: TJsonValue;[0m
[35md:\Projects\_Pending\Grep_local - Copy (5)\Source\JSONConfig.pas (314):   jsonValue := GetJsonValue(aKey);[0m
[35md:\Projects\_Pending\Grep_local - Copy (5)\Source\JSONConfig.pas (315):   if Assigned(jsonValue) then[0m
[35md:\Projects\_Pending\Grep_local - Copy (5)\Source\JSONConfig.pas (317):     if (jsonValue is TJSONString) then[0m
[35md:\Projects\_Pending\Grep_local - Copy (5)\Source\JSONConfig.pas (319):       timeStr := TJSONString(jsonValue).Value;[0m
[35md:\Projects\_Pending\Grep_local - Copy (5)\Source\JSONConfig.pas (325):           raise Exception.CreateFmt('TJSONConfig.GetTime: Error parsing Time string for key %s', [aKey]);[0m
[35md:\Projects\_Pending\Grep_local - Copy (5)\Source\JSONConfig.pas (331):       raise Exception.CreateFmt('TJSONConfig.GetTime: Value for Key "%s" is not a JSON String.', [aKey]);[0m
[35md:\Projects\_Pending\Grep_local - Copy (5)\Source\JSONConfig.pas (336): function TJSONConfig.GetJSONArray(const aKey: string): TJSONArray;[0m
[35md:\Projects\_Pending\Grep_local - Copy (5)\Source\JSONConfig.pas (338):   jsonValue: TJsonValue;[0m
[35md:\Projects\_Pending\Grep_local - Copy (5)\Source\JSONConfig.pas (341):   jsonValue := GetJsonValue(aKey);[0m
[35md:\Projects\_Pending\Grep_local - Copy (5)\Source\JSONConfig.pas (342):   if Assigned(jsonValue) and (jsonValue is TJSONArray) then[0m
[35md:\Projects\_Pending\Grep_local - Copy (5)\Source\JSONConfig.pas (344):     Result := TJSONArray(jsonValue.Clone)[0m
[35md:\Projects\_Pending\Grep_local - Copy (5)\Source\JSONConfig.pas (348): function TJSONConfig.GetValue: string;[0m
[35md:\Projects\_Pending\Grep_local - Copy (5)\Source\JSONConfig.pas (350):   Result := fJSONObject.ToJSON;[0m
[35md:\Projects\_Pending\Grep_local - Copy (5)\Source\JSONConfig.pas (353): procedure TJSONConfig.SetValue(const aValue: string);[0m
[35md:\Projects\_Pending\Grep_local - Copy (5)\Source\JSONConfig.pas (355):   newJSONObject: TJSONObject;[0m
[35md:\Projects\_Pending\Grep_local - Copy (5)\Source\JSONConfig.pas (356):   jsonValue: TJsonValue;[0m
[35md:\Projects\_Pending\Grep_local - Copy (5)\Source\JSONConfig.pas (358):   jsonValue := nil; // Initialize to nil[0m
[35md:\Projects\_Pending\Grep_local - Copy (5)\Source\JSONConfig.pas (360):     jsonValue := TJSONObject.ParseJsonValue(aValue); // Parse the input string[0m
[35md:\Projects\_Pending\Grep_local - Copy (5)\Source\JSONConfig.pas (361):     if Assigned(jsonValue) and (jsonValue is TJSONObject) then[0m
[35md:\Projects\_Pending\Grep_local - Copy (5)\Source\JSONConfig.pas (363):       newJSONObject := jsonValue as TJSONObject; // Cast to TJSONObject[0m
[35md:\Projects\_Pending\Grep_local - Copy (5)\Source\JSONConfig.pas (364):       fJSONObject.Free; // Free the old object to prevent memory leaks[0m
[35md:\Projects\_Pending\Grep_local - Copy (5)\Source\JSONConfig.pas (365):       fJSONObject := newJSONObject; // Assign the new object[0m
[35md:\Projects\_Pending\Grep_local - Copy (5)\Source\JSONConfig.pas (369):       // If parsing fails or the root is not a JSON object, raise an exception[0m
[35md:\Projects\_Pending\Grep_local - Copy (5)\Source\JSONConfig.pas (370):       raise Exception.Create('TJSONConfig.SetValue: Invalid JSON format or not a JSON Object.');[0m
[35md:\Projects\_Pending\Grep_local - Copy (5)\Source\JSONConfig.pas (373):     // Ensure JSONValue is freed only if it's not the one assigned to fJSONObject[0m
[35md:\Projects\_Pending\Grep_local - Copy (5)\Source\JSONConfig.pas (374):     if Assigned(jsonValue) and (jsonValue <> fJSONObject) then jsonValue.Free;[0m
[32mFOUND: d:\Projects\_Pending\Grep_local - Copy (5)\Source\Logger.pas[0m
[35md:\Projects\_Pending\Grep_local - Copy (5)\Source\Logger.pas (11):   System.JSON;[0m
[35md:\Projects\_Pending\Grep_local - Copy (5)\Source\Logger.pas (16):   TLogOutputFormat = (Text, CSV, JSON); // Enumerated type for output format[0m
[35md:\Projects\_Pending\Grep_local - Copy (5)\Source\Logger.pas (34):       fOutputFormat: TLogOutputFormat; // Output format (Text, CSV or JSON)[0m
[35md:\Projects\_Pending\Grep_local - Copy (5)\Source\Logger.pas (36):       fJSONFileInitialized: Boolean;  // Track if we need to start JSON array[0m
[35md:\Projects\_Pending\Grep_local - Copy (5)\Source\Logger.pas (42):     class function LogToJSON(const aLogEntry: TLogEntry): string;[0m
[35md:\Projects\_Pending\Grep_local - Copy (5)\Source\Logger.pas (45):     class procedure InitializeJSONFile;[0m
[35md:\Projects\_Pending\Grep_local - Copy (5)\Source\Logger.pas (46):     class procedure WriteJSONToFile(const aJSON: string);[0m
[35md:\Projects\_Pending\Grep_local - Copy (5)\Source\Logger.pas (73):   TLogger.fJSONFileInitialized := False;[0m
[35md:\Projects\_Pending\Grep_local - Copy (5)\Source\Logger.pas (88):     if fOutputFormat = TLogOutputFormat.JSON then maxLines := 3;[0m
[35md:\Projects\_Pending\Grep_local - Copy (5)\Source\Logger.pas (206):     TLogOutputFormat.JSON:[0m
[35md:\Projects\_Pending\Grep_local - Copy (5)\Source\Logger.pas (208):         logLine := TLogger.LogToJSON(aLogEntry);[0m
[35md:\Projects\_Pending\Grep_local - Copy (5)\Source\Logger.pas (209):         if not logLine.IsEmpty then WriteJSONToFile(logLine);[0m
[35md:\Projects\_Pending\Grep_local - Copy (5)\Source\Logger.pas (245): class function TLogger.LogToJSON(const aLogEntry: TLogEntry): string;[0m
[35md:\Projects\_Pending\Grep_local - Copy (5)\Source\Logger.pas (248):   jsonObj: TJSONObject;[0m
[35md:\Projects\_Pending\Grep_local - Copy (5)\Source\Logger.pas (254):     // Create a JSON object for the log entry[0m
[35md:\Projects\_Pending\Grep_local - Copy (5)\Source\Logger.pas (255):     jsonObj := TJSONObject.Create;[0m
[35md:\Projects\_Pending\Grep_local - Copy (5)\Source\Logger.pas (257):       jsonObj.AddPair('LogTime', FormatDateTime('yyyy-mm-dd hh:nn:ss', aLogEntry.LogTime));[0m
[35md:\Projects\_Pending\Grep_local - Copy (5)\Source\Logger.pas (258):       jsonObj.AddPair('UserID', aLogEntry.UserID);[0m
[35md:\Projects\_Pending\Grep_local - Copy (5)\Source\Logger.pas (259):       jsonObj.AddPair('LogObject', aLogEntry.LogObject);[0m
[35md:\Projects\_Pending\Grep_local - Copy (5)\Source\Logger.pas (260):       jsonObj.AddPair('Description', aLogEntry.Description);[0m
[35md:\Projects\_Pending\Grep_local - Copy (5)\Source\Logger.pas (261):       jsonObj.AddPair('LogStatus', StatusStr);[0m
[35md:\Projects\_Pending\Grep_local - Copy (5)\Source\Logger.pas (262):       Result := jsonObj.ToString;[0m
[35md:\Projects\_Pending\Grep_local - Copy (5)\Source\Logger.pas (264):       jsonObj.Free;[0m
[35md:\Projects\_Pending\Grep_local - Copy (5)\Source\Logger.pas (268): 	    raise Exception.CreateFmt('TLogger.LogToJSON,Error when creating the log entry: %s', [e.Message]);[0m
[35md:\Projects\_Pending\Grep_local - Copy (5)\Source\Logger.pas (273): class procedure TLogger.InitializeJSONFile;[0m
[35md:\Projects\_Pending\Grep_local - Copy (5)\Source\Logger.pas (285):       fJSONFileInitialized := True;[0m
[35md:\Projects\_Pending\Grep_local - Copy (5)\Source\Logger.pas (299):         fJSONFileInitialized := True;[0m
[35md:\Projects\_Pending\Grep_local - Copy (5)\Source\Logger.pas (308): class procedure TLogger.WriteJSONToFile(const aJSON: string);[0m
[35md:\Projects\_Pending\Grep_local - Copy (5)\Source\Logger.pas (325):   if ( (not fJSONFileInitialized) and (not logExists) ) then[0m
[35md:\Projects\_Pending\Grep_local - Copy (5)\Source\Logger.pas (326):     InitializeJSONFile;[0m
[35md:\Projects\_Pending\Grep_local - Copy (5)\Source\Logger.pas (345):         // Subsequent entry: prefix with comma, add new JSON, and re-add closing ']'[0m
[35md:\Projects\_Pending\Grep_local - Copy (5)\Source\Logger.pas (346):         buffer := TEncoding.UTF8.GetBytes(',' + sLineBreak + aJSON + sLineBreak + ']')[0m
[35md:\Projects\_Pending\Grep_local - Copy (5)\Source\Logger.pas (348):         // First entry: just add new JSON, and add the closing ']'[0m
[35md:\Projects\_Pending\Grep_local - Copy (5)\Source\Logger.pas (350):         buffer := TEncoding.UTF8.GetBytes(aJSON + sLineBreak + ']');[0m
[35md:\Projects\_Pending\Grep_local - Copy (5)\Source\Logger.pas (364):       fJSONFileInitialized := True;[0m
[32mFOUND: d:\Projects\_Pending\Grep_local - Copy (6)\Source\JSONConfig.pas[0m
[35md:\Projects\_Pending\Grep_local - Copy (6)\Source\JSONConfig.pas (1): unit JSONConfig;[0m
[35md:\Projects\_Pending\Grep_local - Copy (6)\Source\JSONConfig.pas (9):   System.JSON, System.Generics.Collections;[0m
[35md:\Projects\_Pending\Grep_local - Copy (6)\Source\JSONConfig.pas (12):   TJSONConfig = class[0m
[35md:\Projects\_Pending\Grep_local - Copy (6)\Source\JSONConfig.pas (15):     fJSONObject: TJSONObject;[0m
[35md:\Projects\_Pending\Grep_local - Copy (6)\Source\JSONConfig.pas (18):     function GetJsonValue(const aKey: string): TJsonValue;[0m
[35md:\Projects\_Pending\Grep_local - Copy (6)\Source\JSONConfig.pas (42):     procedure SetJSONArray(const aKey: string; aValue: TJSONArray);[0m
[35md:\Projects\_Pending\Grep_local - Copy (6)\Source\JSONConfig.pas (51):     function GetJSONArray(const aKey: string): TJSONArray;[0m
[35md:\Projects\_Pending\Grep_local - Copy (6)\Source\JSONConfig.pas (59): { TJSONConfig }[0m
[35md:\Projects\_Pending\Grep_local - Copy (6)\Source\JSONConfig.pas (61): constructor TJSONConfig.Create;[0m
[35md:\Projects\_Pending\Grep_local - Copy (6)\Source\JSONConfig.pas (64):   fJSONObject := TJSONObject.Create;[0m
[35md:\Projects\_Pending\Grep_local - Copy (6)\Source\JSONConfig.pas (68): destructor TJSONConfig.Destroy;[0m
[35md:\Projects\_Pending\Grep_local - Copy (6)\Source\JSONConfig.pas (70):   fJSONObject.Free;[0m
[35md:\Projects\_Pending\Grep_local - Copy (6)\Source\JSONConfig.pas (74): procedure TJSONConfig.Clear;[0m
[35md:\Projects\_Pending\Grep_local - Copy (6)\Source\JSONConfig.pas (76):   fJSONObject.Free;[0m
[35md:\Projects\_Pending\Grep_local - Copy (6)\Source\JSONConfig.pas (77):   fJSONObject := TJSONObject.Create;[0m
[35md:\Projects\_Pending\Grep_local - Copy (6)\Source\JSONConfig.pas (80): function TJSONConfig.GetJsonValue(const aKey: string): TJsonValue;[0m
[35md:\Projects\_Pending\Grep_local - Copy (6)\Source\JSONConfig.pas (82):   Result := fJSONObject.GetValue(aKey);[0m
[35md:\Projects\_Pending\Grep_local - Copy (6)\Source\JSONConfig.pas (85): function TJSONConfig.LoadFromFile(const aFilePath: string; aCreateIfNotExists: Boolean = False): Boolean;[0m
[35md:\Projects\_Pending\Grep_local - Copy (6)\Source\JSONConfig.pas (87):   jsonString: string;[0m
[35md:\Projects\_Pending\Grep_local - Copy (6)\Source\JSONConfig.pas (88):   jsonValue: TJsonValue;[0m
[35md:\Projects\_Pending\Grep_local - Copy (6)\Source\JSONConfig.pas (102):       raise Exception.CreateFmt('TJSONConfig.LoadFromFile: Configuration file not found: %s',[aFilePath]);[0m
[35md:\Projects\_Pending\Grep_local - Copy (6)\Source\JSONConfig.pas (107):     jsonString := TFile.ReadAllText(aFilePath);[0m
[35md:\Projects\_Pending\Grep_local - Copy (6)\Source\JSONConfig.pas (108):     jsonValue := TJSONObject.ParseJsonValue(jsonString);[0m
[35md:\Projects\_Pending\Grep_local - Copy (6)\Source\JSONConfig.pas (110):       if Assigned(jsonValue) and (jsonValue is TJSONObject) then[0m
[35md:\Projects\_Pending\Grep_local - Copy (6)\Source\JSONConfig.pas (112):         fJSONObject.Free; // Free existing object[0m
[35md:\Projects\_Pending\Grep_local - Copy (6)\Source\JSONConfig.pas (113):         fJSONObject := jsonValue as TJSONObject; // Assign new object[0m
[35md:\Projects\_Pending\Grep_local - Copy (6)\Source\JSONConfig.pas (118):         jsonValue.Free; // Free the non-object JSON value[0m
[35md:\Projects\_Pending\Grep_local - Copy (6)\Source\JSONConfig.pas (119):         raise Exception.CreateFmt('TJSONConfig.LoadFromFile: Invalid JSON structure in file: %s',[aFilePath]);[0m
[35md:\Projects\_Pending\Grep_local - Copy (6)\Source\JSONConfig.pas (124):         // Ensure jsonValue is freed if an error occurs during parsing or type checking[0m
[35md:\Projects\_Pending\Grep_local - Copy (6)\Source\JSONConfig.pas (125):         if Assigned(jsonValue) then jsonValue.Free;[0m
[35md:\Projects\_Pending\Grep_local - Copy (6)\Source\JSONConfig.pas (126):         raise Exception.CreateFmt('TJSONConfig.LoadFromFile: Error parsing JSON from file: %s',[aFilePath]);[0m
[35md:\Projects\_Pending\Grep_local - Copy (6)\Source\JSONConfig.pas (132):       raise Exception.CreateFmt('TJSONConfig.LoadFromFile: Error reading config file: %s',[aFilePath]);[0m
[35md:\Projects\_Pending\Grep_local - Copy (6)\Source\JSONConfig.pas (137): function TJSONConfig.SaveToFile(const aFilePath: string): Boolean;[0m
[35md:\Projects\_Pending\Grep_local - Copy (6)\Source\JSONConfig.pas (143):     TFile.WriteAllText(aFilePath, fJSONObject.ToJSON);[0m
[35md:\Projects\_Pending\Grep_local - Copy (6)\Source\JSONConfig.pas (148):       raise Exception.CreateFmt('TJSONConfig.SaveToFile: Error saving config file to: %s',[aFilePath]);[0m
[35md:\Projects\_Pending\Grep_local - Copy (6)\Source\JSONConfig.pas (153): function TJSONConfig.HasKey(const aKey: string): Boolean;[0m
[35md:\Projects\_Pending\Grep_local - Copy (6)\Source\JSONConfig.pas (155):   Result := GetJsonValue(aKey) <> nil;[0m
[35md:\Projects\_Pending\Grep_local - Copy (6)\Source\JSONConfig.pas (158): procedure TJSONConfig.DeleteKey(const aKey: string);[0m
[35md:\Projects\_Pending\Grep_local - Copy (6)\Source\JSONConfig.pas (160):   value: TJsonValue;[0m
[35md:\Projects\_Pending\Grep_local - Copy (6)\Source\JSONConfig.pas (162):   value := GetJsonValue(aKey);[0m
[35md:\Projects\_Pending\Grep_local - Copy (6)\Source\JSONConfig.pas (163):   if Assigned(value) then fJSONObject.RemovePair(aKey);[0m
[35md:\Projects\_Pending\Grep_local - Copy (6)\Source\JSONConfig.pas (166): procedure TJSONConfig.SetString(const aKey, aValue: string);[0m
[35md:\Projects\_Pending\Grep_local - Copy (6)\Source\JSONConfig.pas (168):   fJSONObject.AddPair(aKey, aValue);[0m
[35md:\Projects\_Pending\Grep_local - Copy (6)\Source\JSONConfig.pas (171): procedure TJSONConfig.SetInteger(const aKey: string; aValue: Integer);[0m
[35md:\Projects\_Pending\Grep_local - Copy (6)\Source\JSONConfig.pas (173):   fJSONObject.AddPair(aKey, TJSONNumber.Create(aValue));[0m
[35md:\Projects\_Pending\Grep_local - Copy (6)\Source\JSONConfig.pas (176): procedure TJSONConfig.SetFloat(const aKey: string; aValue: Double);[0m
[35md:\Projects\_Pending\Grep_local - Copy (6)\Source\JSONConfig.pas (178):   fJSONObject.AddPair(aKey, TJSONNumber.Create(aValue));[0m
[35md:\Projects\_Pending\Grep_local - Copy (6)\Source\JSONConfig.pas (181): procedure TJSONConfig.SetBoolean(const aKey: string; aValue: Boolean);[0m
[35md:\Projects\_Pending\Grep_local - Copy (6)\Source\JSONConfig.pas (183):   fJSONObject.AddPair(aKey, TJSONBool.Create(aValue));[0m
[35md:\Projects\_Pending\Grep_local - Copy (6)\Source\JSONConfig.pas (186): procedure TJSONConfig.SetDateTime(const aKey: string; aValue: TDateTime);[0m
[35md:\Projects\_Pending\Grep_local - Copy (6)\Source\JSONConfig.pas (190):   fJSONObject.AddPair(aKey, DateToISO8601(aValue));[0m
[35md:\Projects\_Pending\Grep_local - Copy (6)\Source\JSONConfig.pas (193): procedure TJSONConfig.SetTime(const aKey: string; aValue: TTime);[0m
[35md:\Projects\_Pending\Grep_local - Copy (6)\Source\JSONConfig.pas (195):   fJSONObject.AddPair(aKey, FormatDateTime('hh:nn', aValue));[0m
[35md:\Projects\_Pending\Grep_local - Copy (6)\Source\JSONConfig.pas (198): procedure TJSONConfig.SetJSONArray(const aKey: string; aValue: TJSONArray);[0m
[35md:\Projects\_Pending\Grep_local - Copy (6)\Source\JSONConfig.pas (202):   fJSONObject.AddPair(aKey, TJSONArray(aValue.Clone));[0m
[35md:\Projects\_Pending\Grep_local - Copy (6)\Source\JSONConfig.pas (205): function TJSONConfig.GetString(const aKey: string; const aDefault: string): string;[0m
[35md:\Projects\_Pending\Grep_local - Copy (6)\Source\JSONConfig.pas (207):   jsonValue: TJsonValue;[0m
[35md:\Projects\_Pending\Grep_local - Copy (6)\Source\JSONConfig.pas (209):   jsonValue := GetJsonValue(aKey);[0m
[35md:\Projects\_Pending\Grep_local - Copy (6)\Source\JSONConfig.pas (210):   if Assigned(jsonValue) and (jsonValue is TJSONString) then[0m
[35md:\Projects\_Pending\Grep_local - Copy (6)\Source\JSONConfig.pas (211):     Result := TJSONString(jsonValue).Value[0m
[35md:\Projects\_Pending\Grep_local - Copy (6)\Source\JSONConfig.pas (216): function TJSONConfig.GetInteger(const aKey: string; const aDefault: Integer): Integer;[0m
[35md:\Projects\_Pending\Grep_local - Copy (6)\Source\JSONConfig.pas (218):   jsonValue: TJsonValue;[0m
[35md:\Projects\_Pending\Grep_local - Copy (6)\Source\JSONConfig.pas (221):   jsonValue := GetJsonValue(aKey);[0m
[35md:\Projects\_Pending\Grep_local - Copy (6)\Source\JSONConfig.pas (222):   if Assigned(jsonValue) then[0m
[35md:\Projects\_Pending\Grep_local - Copy (6)\Source\JSONConfig.pas (224):     if (jsonValue is TJSONNumber) then[0m
[35md:\Projects\_Pending\Grep_local - Copy (6)\Source\JSONConfig.pas (227):         Result := TJSONNumber(jsonValue).AsInt;[0m
[35md:\Projects\_Pending\Grep_local - Copy (6)\Source\JSONConfig.pas (231):           raise Exception.CreateFmt('TJSONConfig.GetInteger: Error converting JSON number to Integer for Key: %s', [aKey]);[0m
[35md:\Projects\_Pending\Grep_local - Copy (6)\Source\JSONConfig.pas (237):       raise Exception.CreateFmt('TJSONConfig.GetInteger: Value for Key "%s" is not a JSON Number.', [aKey]);[0m
[35md:\Projects\_Pending\Grep_local - Copy (6)\Source\JSONConfig.pas (242): function TJSONConfig.GetFloat(const aKey: string; const aDefault: Double): Double;[0m
[35md:\Projects\_Pending\Grep_local - Copy (6)\Source\JSONConfig.pas (244):   jsonValue: TJsonValue;[0m
[35md:\Projects\_Pending\Grep_local - Copy (6)\Source\JSONConfig.pas (247):   jsonValue := GetJsonValue(aKey);[0m
[35md:\Projects\_Pending\Grep_local - Copy (6)\Source\JSONConfig.pas (248):   if Assigned(jsonValue) then[0m
[35md:\Projects\_Pending\Grep_local - Copy (6)\Source\JSONConfig.pas (250):     if (jsonValue is TJSONNumber) then[0m
[35md:\Projects\_Pending\Grep_local - Copy (6)\Source\JSONConfig.pas (253):         Result := TJSONNumber(jsonValue).AsDouble;[0m
[35md:\Projects\_Pending\Grep_local - Copy (6)\Source\JSONConfig.pas (257):           raise Exception.CreateFmt('TJSONConfig.GetFloat: Error converting JSON number to Float for Key: %s', [aKey]);[0m
[35md:\Projects\_Pending\Grep_local - Copy (6)\Source\JSONConfig.pas (263):       raise Exception.CreateFmt('TJSONConfig.GetFloat: Value for Key "%s" is not a JSON Number.', [aKey]);[0m
[35md:\Projects\_Pending\Grep_local - Copy (6)\Source\JSONConfig.pas (268): function TJSONConfig.GetBoolean(const aKey: string; const aDefault: Boolean): Boolean;[0m
[35md:\Projects\_Pending\Grep_local - Copy (6)\Source\JSONConfig.pas (270):   jsonValue: TJsonValue;[0m
[35md:\Projects\_Pending\Grep_local - Copy (6)\Source\JSONConfig.pas (272):   jsonValue := GetJsonValue(aKey);[0m
[35md:\Projects\_Pending\Grep_local - Copy (6)\Source\JSONConfig.pas (273):   if Assigned(jsonValue) and (jsonValue is TJSONBool) then[0m
[35md:\Projects\_Pending\Grep_local - Copy (6)\Source\JSONConfig.pas (274):     Result := TJSONBool(jsonValue).AsBoolean[0m
[35md:\Projects\_Pending\Grep_local - Copy (6)\Source\JSONConfig.pas (279): function TJSONConfig.GetDateTime(const aKey: string; const aDefault: TDateTime): TDateTime;[0m
[35md:\Projects\_Pending\Grep_local - Copy (6)\Source\JSONConfig.pas (281):   jsonValue: TJsonValue;[0m
[35md:\Projects\_Pending\Grep_local - Copy (6)\Source\JSONConfig.pas (285):   jsonValue := GetJsonValue(aKey);[0m
[35md:\Projects\_Pending\Grep_local - Copy (6)\Source\JSONConfig.pas (286):   if Assigned(jsonValue) then[0m
[35md:\Projects\_Pending\Grep_local - Copy (6)\Source\JSONConfig.pas (288):     if (jsonValue is TJSONString) then[0m
[35md:\Projects\_Pending\Grep_local - Copy (6)\Source\JSONConfig.pas (290):       datetimeStr := TJSONString(jsonValue).Value;[0m
[35md:\Projects\_Pending\Grep_local - Copy (6)\Source\JSONConfig.pas (297):           raise Exception.CreateFmt('TJSONConfig.GetDateTime: Error parsing DateTime string for key %s', [aKey]);[0m
[35md:\Projects\_Pending\Grep_local - Copy (6)\Source\JSONConfig.pas (303):       raise Exception.CreateFmt('TJSONConfig.GetDateTime: Value for Key "%s" is not a JSON String.', [aKey]);[0m
[35md:\Projects\_Pending\Grep_local - Copy (6)\Source\JSONConfig.pas (308): function TJSONConfig.GetTime(const aKey: string; const aDefault: TTime): TTime;[0m
[35md:\Projects\_Pending\Grep_local - Copy (6)\Source\JSONConfig.pas (310):   jsonValue: TJsonValue;[0m
[35md:\Projects\_Pending\Grep_local - Copy (6)\Source\JSONConfig.pas (314):   jsonValue := GetJsonValue(aKey);[0m
[35md:\Projects\_Pending\Grep_local - Copy (6)\Source\JSONConfig.pas (315):   if Assigned(jsonValue) then[0m
[35md:\Projects\_Pending\Grep_local - Copy (6)\Source\JSONConfig.pas (317):     if (jsonValue is TJSONString) then[0m
[35md:\Projects\_Pending\Grep_local - Copy (6)\Source\JSONConfig.pas (319):       timeStr := TJSONString(jsonValue).Value;[0m
[35md:\Projects\_Pending\Grep_local - Copy (6)\Source\JSONConfig.pas (325):           raise Exception.CreateFmt('TJSONConfig.GetTime: Error parsing Time string for key %s', [aKey]);[0m
[35md:\Projects\_Pending\Grep_local - Copy (6)\Source\JSONConfig.pas (331):       raise Exception.CreateFmt('TJSONConfig.GetTime: Value for Key "%s" is not a JSON String.', [aKey]);[0m
[35md:\Projects\_Pending\Grep_local - Copy (6)\Source\JSONConfig.pas (336): function TJSONConfig.GetJSONArray(const aKey: string): TJSONArray;[0m
[35md:\Projects\_Pending\Grep_local - Copy (6)\Source\JSONConfig.pas (338):   jsonValue: TJsonValue;[0m
[35md:\Projects\_Pending\Grep_local - Copy (6)\Source\JSONConfig.pas (341):   jsonValue := GetJsonValue(aKey);[0m
[35md:\Projects\_Pending\Grep_local - Copy (6)\Source\JSONConfig.pas (342):   if Assigned(jsonValue) and (jsonValue is TJSONArray) then[0m
[35md:\Projects\_Pending\Grep_local - Copy (6)\Source\JSONConfig.pas (344):     Result := TJSONArray(jsonValue.Clone)[0m
[35md:\Projects\_Pending\Grep_local - Copy (6)\Source\JSONConfig.pas (348): function TJSONConfig.GetValue: string;[0m
[35md:\Projects\_Pending\Grep_local - Copy (6)\Source\JSONConfig.pas (350):   Result := fJSONObject.ToJSON;[0m
[35md:\Projects\_Pending\Grep_local - Copy (6)\Source\JSONConfig.pas (353): procedure TJSONConfig.SetValue(const aValue: string);[0m
[35md:\Projects\_Pending\Grep_local - Copy (6)\Source\JSONConfig.pas (355):   newJSONObject: TJSONObject;[0m
[35md:\Projects\_Pending\Grep_local - Copy (6)\Source\JSONConfig.pas (356):   jsonValue: TJsonValue;[0m
[35md:\Projects\_Pending\Grep_local - Copy (6)\Source\JSONConfig.pas (358):   jsonValue := nil; // Initialize to nil[0m
[35md:\Projects\_Pending\Grep_local - Copy (6)\Source\JSONConfig.pas (360):     jsonValue := TJSONObject.ParseJsonValue(aValue); // Parse the input string[0m
[35md:\Projects\_Pending\Grep_local - Copy (6)\Source\JSONConfig.pas (361):     if Assigned(jsonValue) and (jsonValue is TJSONObject) then[0m
[35md:\Projects\_Pending\Grep_local - Copy (6)\Source\JSONConfig.pas (363):       newJSONObject := jsonValue as TJSONObject; // Cast to TJSONObject[0m
[35md:\Projects\_Pending\Grep_local - Copy (6)\Source\JSONConfig.pas (364):       fJSONObject.Free; // Free the old object to prevent memory leaks[0m
[35md:\Projects\_Pending\Grep_local - Copy (6)\Source\JSONConfig.pas (365):       fJSONObject := newJSONObject; // Assign the new object[0m
[35md:\Projects\_Pending\Grep_local - Copy (6)\Source\JSONConfig.pas (369):       // If parsing fails or the root is not a JSON object, raise an exception[0m
[35md:\Projects\_Pending\Grep_local - Copy (6)\Source\JSONConfig.pas (370):       raise Exception.Create('TJSONConfig.SetValue: Invalid JSON format or not a JSON Object.');[0m
[35md:\Projects\_Pending\Grep_local - Copy (6)\Source\JSONConfig.pas (373):     // Ensure JSONValue is freed only if it's not the one assigned to fJSONObject[0m
[35md:\Projects\_Pending\Grep_local - Copy (6)\Source\JSONConfig.pas (374):     if Assigned(jsonValue) and (jsonValue <> fJSONObject) then jsonValue.Free;[0m
[32mFOUND: d:\Projects\_Pending\Grep_local - Copy (6)\Source\Logger.pas[0m
[35md:\Projects\_Pending\Grep_local - Copy (6)\Source\Logger.pas (11):   System.JSON;[0m
[35md:\Projects\_Pending\Grep_local - Copy (6)\Source\Logger.pas (16):   TLogOutputFormat = (Text, CSV, JSON); // Enumerated type for output format[0m
[35md:\Projects\_Pending\Grep_local - Copy (6)\Source\Logger.pas (34):       fOutputFormat: TLogOutputFormat; // Output format (Text, CSV or JSON)[0m
[35md:\Projects\_Pending\Grep_local - Copy (6)\Source\Logger.pas (36):       fJSONFileInitialized: Boolean;  // Track if we need to start JSON array[0m
[35md:\Projects\_Pending\Grep_local - Copy (6)\Source\Logger.pas (42):     class function LogToJSON(const aLogEntry: TLogEntry): string;[0m
[35md:\Projects\_Pending\Grep_local - Copy (6)\Source\Logger.pas (45):     class procedure InitializeJSONFile;[0m
[35md:\Projects\_Pending\Grep_local - Copy (6)\Source\Logger.pas (46):     class procedure WriteJSONToFile(const aJSON: string);[0m
[35md:\Projects\_Pending\Grep_local - Copy (6)\Source\Logger.pas (73):   TLogger.fJSONFileInitialized := False;[0m
[35md:\Projects\_Pending\Grep_local - Copy (6)\Source\Logger.pas (88):     if fOutputFormat = TLogOutputFormat.JSON then maxLines := 3;[0m
[35md:\Projects\_Pending\Grep_local - Copy (6)\Source\Logger.pas (206):     TLogOutputFormat.JSON:[0m
[35md:\Projects\_Pending\Grep_local - Copy (6)\Source\Logger.pas (208):         logLine := TLogger.LogToJSON(aLogEntry);[0m
[35md:\Projects\_Pending\Grep_local - Copy (6)\Source\Logger.pas (209):         if not logLine.IsEmpty then WriteJSONToFile(logLine);[0m
[35md:\Projects\_Pending\Grep_local - Copy (6)\Source\Logger.pas (245): class function TLogger.LogToJSON(const aLogEntry: TLogEntry): string;[0m
[35md:\Projects\_Pending\Grep_local - Copy (6)\Source\Logger.pas (248):   jsonObj: TJSONObject;[0m
[35md:\Projects\_Pending\Grep_local - Copy (6)\Source\Logger.pas (254):     // Create a JSON object for the log entry[0m
[35md:\Projects\_Pending\Grep_local - Copy (6)\Source\Logger.pas (255):     jsonObj := TJSONObject.Create;[0m
[35md:\Projects\_Pending\Grep_local - Copy (6)\Source\Logger.pas (257):       jsonObj.AddPair('LogTime', FormatDateTime('yyyy-mm-dd hh:nn:ss', aLogEntry.LogTime));[0m
[35md:\Projects\_Pending\Grep_local - Copy (6)\Source\Logger.pas (258):       jsonObj.AddPair('UserID', aLogEntry.UserID);[0m
[35md:\Projects\_Pending\Grep_local - Copy (6)\Source\Logger.pas (259):       jsonObj.AddPair('LogObject', aLogEntry.LogObject);[0m
[35md:\Projects\_Pending\Grep_local - Copy (6)\Source\Logger.pas (260):       jsonObj.AddPair('Description', aLogEntry.Description);[0m
[35md:\Projects\_Pending\Grep_local - Copy (6)\Source\Logger.pas (261):       jsonObj.AddPair('LogStatus', StatusStr);[0m
[35md:\Projects\_Pending\Grep_local - Copy (6)\Source\Logger.pas (262):       Result := jsonObj.ToString;[0m
[35md:\Projects\_Pending\Grep_local - Copy (6)\Source\Logger.pas (264):       jsonObj.Free;[0m
[35md:\Projects\_Pending\Grep_local - Copy (6)\Source\Logger.pas (268): 	    raise Exception.CreateFmt('TLogger.LogToJSON,Error when creating the log entry: %s', [e.Message]);[0m
[35md:\Projects\_Pending\Grep_local - Copy (6)\Source\Logger.pas (273): class procedure TLogger.InitializeJSONFile;[0m
[35md:\Projects\_Pending\Grep_local - Copy (6)\Source\Logger.pas (285):       fJSONFileInitialized := True;[0m
[35md:\Projects\_Pending\Grep_local - Copy (6)\Source\Logger.pas (299):         fJSONFileInitialized := True;[0m
[35md:\Projects\_Pending\Grep_local - Copy (6)\Source\Logger.pas (308): class procedure TLogger.WriteJSONToFile(const aJSON: string);[0m
[35md:\Projects\_Pending\Grep_local - Copy (6)\Source\Logger.pas (325):   if ( (not fJSONFileInitialized) and (not logExists) ) then[0m
[35md:\Projects\_Pending\Grep_local - Copy (6)\Source\Logger.pas (326):     InitializeJSONFile;[0m
[35md:\Projects\_Pending\Grep_local - Copy (6)\Source\Logger.pas (345):         // Subsequent entry: prefix with comma, add new JSON, and re-add closing ']'[0m
[35md:\Projects\_Pending\Grep_local - Copy (6)\Source\Logger.pas (346):         buffer := TEncoding.UTF8.GetBytes(',' + sLineBreak + aJSON + sLineBreak + ']')[0m
[35md:\Projects\_Pending\Grep_local - Copy (6)\Source\Logger.pas (348):         // First entry: just add new JSON, and add the closing ']'[0m
[35md:\Projects\_Pending\Grep_local - Copy (6)\Source\Logger.pas (350):         buffer := TEncoding.UTF8.GetBytes(aJSON + sLineBreak + ']');[0m
[35md:\Projects\_Pending\Grep_local - Copy (6)\Source\Logger.pas (364):       fJSONFileInitialized := True;[0m
[32mFOUND: d:\Projects\_Pending\Grep_local - Copy (7)\Source\JSONConfig.pas[0m
[35md:\Projects\_Pending\Grep_local - Copy (7)\Source\JSONConfig.pas (1): unit JSONConfig;[0m
[35md:\Projects\_Pending\Grep_local - Copy (7)\Source\JSONConfig.pas (9):   System.JSON, System.Generics.Collections;[0m
[35md:\Projects\_Pending\Grep_local - Copy (7)\Source\JSONConfig.pas (12):   TJSONConfig = class[0m
[35md:\Projects\_Pending\Grep_local - Copy (7)\Source\JSONConfig.pas (15):     fJSONObject: TJSONObject;[0m
[35md:\Projects\_Pending\Grep_local - Copy (7)\Source\JSONConfig.pas (18):     function GetJsonValue(const aKey: string): TJsonValue;[0m
[35md:\Projects\_Pending\Grep_local - Copy (7)\Source\JSONConfig.pas (42):     procedure SetJSONArray(const aKey: string; aValue: TJSONArray);[0m
[35md:\Projects\_Pending\Grep_local - Copy (7)\Source\JSONConfig.pas (51):     function GetJSONArray(const aKey: string): TJSONArray;[0m
[35md:\Projects\_Pending\Grep_local - Copy (7)\Source\JSONConfig.pas (59): { TJSONConfig }[0m
[35md:\Projects\_Pending\Grep_local - Copy (7)\Source\JSONConfig.pas (61): constructor TJSONConfig.Create;[0m
[35md:\Projects\_Pending\Grep_local - Copy (7)\Source\JSONConfig.pas (64):   fJSONObject := TJSONObject.Create;[0m
[35md:\Projects\_Pending\Grep_local - Copy (7)\Source\JSONConfig.pas (68): destructor TJSONConfig.Destroy;[0m
[35md:\Projects\_Pending\Grep_local - Copy (7)\Source\JSONConfig.pas (70):   fJSONObject.Free;[0m
[35md:\Projects\_Pending\Grep_local - Copy (7)\Source\JSONConfig.pas (74): procedure TJSONConfig.Clear;[0m
[35md:\Projects\_Pending\Grep_local - Copy (7)\Source\JSONConfig.pas (76):   fJSONObject.Free;[0m
[35md:\Projects\_Pending\Grep_local - Copy (7)\Source\JSONConfig.pas (77):   fJSONObject := TJSONObject.Create;[0m
[35md:\Projects\_Pending\Grep_local - Copy (7)\Source\JSONConfig.pas (80): function TJSONConfig.GetJsonValue(const aKey: string): TJsonValue;[0m
[35md:\Projects\_Pending\Grep_local - Copy (7)\Source\JSONConfig.pas (82):   Result := fJSONObject.GetValue(aKey);[0m
[35md:\Projects\_Pending\Grep_local - Copy (7)\Source\JSONConfig.pas (85): function TJSONConfig.LoadFromFile(const aFilePath: string; aCreateIfNotExists: Boolean = False): Boolean;[0m
[35md:\Projects\_Pending\Grep_local - Copy (7)\Source\JSONConfig.pas (87):   jsonString: string;[0m
[35md:\Projects\_Pending\Grep_local - Copy (7)\Source\JSONConfig.pas (88):   jsonValue: TJsonValue;[0m
[35md:\Projects\_Pending\Grep_local - Copy (7)\Source\JSONConfig.pas (102):       raise Exception.CreateFmt('TJSONConfig.LoadFromFile: Configuration file not found: %s',[aFilePath]);[0m
[35md:\Projects\_Pending\Grep_local - Copy (7)\Source\JSONConfig.pas (107):     jsonString := TFile.ReadAllText(aFilePath);[0m
[35md:\Projects\_Pending\Grep_local - Copy (7)\Source\JSONConfig.pas (108):     jsonValue := TJSONObject.ParseJsonValue(jsonString);[0m
[35md:\Projects\_Pending\Grep_local - Copy (7)\Source\JSONConfig.pas (110):       if Assigned(jsonValue) and (jsonValue is TJSONObject) then[0m
[35md:\Projects\_Pending\Grep_local - Copy (7)\Source\JSONConfig.pas (112):         fJSONObject.Free; // Free existing object[0m
[35md:\Projects\_Pending\Grep_local - Copy (7)\Source\JSONConfig.pas (113):         fJSONObject := jsonValue as TJSONObject; // Assign new object[0m
[35md:\Projects\_Pending\Grep_local - Copy (7)\Source\JSONConfig.pas (118):         jsonValue.Free; // Free the non-object JSON value[0m
[35md:\Projects\_Pending\Grep_local - Copy (7)\Source\JSONConfig.pas (119):         raise Exception.CreateFmt('TJSONConfig.LoadFromFile: Invalid JSON structure in file: %s',[aFilePath]);[0m
[35md:\Projects\_Pending\Grep_local - Copy (7)\Source\JSONConfig.pas (124):         // Ensure jsonValue is freed if an error occurs during parsing or type checking[0m
[35md:\Projects\_Pending\Grep_local - Copy (7)\Source\JSONConfig.pas (125):         if Assigned(jsonValue) then jsonValue.Free;[0m
[35md:\Projects\_Pending\Grep_local - Copy (7)\Source\JSONConfig.pas (126):         raise Exception.CreateFmt('TJSONConfig.LoadFromFile: Error parsing JSON from file: %s',[aFilePath]);[0m
[35md:\Projects\_Pending\Grep_local - Copy (7)\Source\JSONConfig.pas (132):       raise Exception.CreateFmt('TJSONConfig.LoadFromFile: Error reading config file: %s',[aFilePath]);[0m
[35md:\Projects\_Pending\Grep_local - Copy (7)\Source\JSONConfig.pas (137): function TJSONConfig.SaveToFile(const aFilePath: string): Boolean;[0m
[35md:\Projects\_Pending\Grep_local - Copy (7)\Source\JSONConfig.pas (143):     TFile.WriteAllText(aFilePath, fJSONObject.ToJSON);[0m
[35md:\Projects\_Pending\Grep_local - Copy (7)\Source\JSONConfig.pas (148):       raise Exception.CreateFmt('TJSONConfig.SaveToFile: Error saving config file to: %s',[aFilePath]);[0m
[35md:\Projects\_Pending\Grep_local - Copy (7)\Source\JSONConfig.pas (153): function TJSONConfig.HasKey(const aKey: string): Boolean;[0m
[35md:\Projects\_Pending\Grep_local - Copy (7)\Source\JSONConfig.pas (155):   Result := GetJsonValue(aKey) <> nil;[0m
[35md:\Projects\_Pending\Grep_local - Copy (7)\Source\JSONConfig.pas (158): procedure TJSONConfig.DeleteKey(const aKey: string);[0m
[35md:\Projects\_Pending\Grep_local - Copy (7)\Source\JSONConfig.pas (160):   value: TJsonValue;[0m
[35md:\Projects\_Pending\Grep_local - Copy (7)\Source\JSONConfig.pas (162):   value := GetJsonValue(aKey);[0m
[35md:\Projects\_Pending\Grep_local - Copy (7)\Source\JSONConfig.pas (163):   if Assigned(value) then fJSONObject.RemovePair(aKey);[0m
[35md:\Projects\_Pending\Grep_local - Copy (7)\Source\JSONConfig.pas (166): procedure TJSONConfig.SetString(const aKey, aValue: string);[0m
[35md:\Projects\_Pending\Grep_local - Copy (7)\Source\JSONConfig.pas (168):   fJSONObject.AddPair(aKey, aValue);[0m
[35md:\Projects\_Pending\Grep_local - Copy (7)\Source\JSONConfig.pas (171): procedure TJSONConfig.SetInteger(const aKey: string; aValue: Integer);[0m
[35md:\Projects\_Pending\Grep_local - Copy (7)\Source\JSONConfig.pas (173):   fJSONObject.AddPair(aKey, TJSONNumber.Create(aValue));[0m
[35md:\Projects\_Pending\Grep_local - Copy (7)\Source\JSONConfig.pas (176): procedure TJSONConfig.SetFloat(const aKey: string; aValue: Double);[0m
[35md:\Projects\_Pending\Grep_local - Copy (7)\Source\JSONConfig.pas (178):   fJSONObject.AddPair(aKey, TJSONNumber.Create(aValue));[0m
[35md:\Projects\_Pending\Grep_local - Copy (7)\Source\JSONConfig.pas (181): procedure TJSONConfig.SetBoolean(const aKey: string; aValue: Boolean);[0m
[35md:\Projects\_Pending\Grep_local - Copy (7)\Source\JSONConfig.pas (183):   fJSONObject.AddPair(aKey, TJSONBool.Create(aValue));[0m
[35md:\Projects\_Pending\Grep_local - Copy (7)\Source\JSONConfig.pas (186): procedure TJSONConfig.SetDateTime(const aKey: string; aValue: TDateTime);[0m
[35md:\Projects\_Pending\Grep_local - Copy (7)\Source\JSONConfig.pas (190):   fJSONObject.AddPair(aKey, DateToISO8601(aValue));[0m
[35md:\Projects\_Pending\Grep_local - Copy (7)\Source\JSONConfig.pas (193): procedure TJSONConfig.SetTime(const aKey: string; aValue: TTime);[0m
[35md:\Projects\_Pending\Grep_local - Copy (7)\Source\JSONConfig.pas (195):   fJSONObject.AddPair(aKey, FormatDateTime('hh:nn', aValue));[0m
[35md:\Projects\_Pending\Grep_local - Copy (7)\Source\JSONConfig.pas (198): procedure TJSONConfig.SetJSONArray(const aKey: string; aValue: TJSONArray);[0m
[35md:\Projects\_Pending\Grep_local - Copy (7)\Source\JSONConfig.pas (202):   fJSONObject.AddPair(aKey, TJSONArray(aValue.Clone));[0m
[35md:\Projects\_Pending\Grep_local - Copy (7)\Source\JSONConfig.pas (205): function TJSONConfig.GetString(const aKey: string; const aDefault: string): string;[0m
[35md:\Projects\_Pending\Grep_local - Copy (7)\Source\JSONConfig.pas (207):   jsonValue: TJsonValue;[0m
[35md:\Projects\_Pending\Grep_local - Copy (7)\Source\JSONConfig.pas (209):   jsonValue := GetJsonValue(aKey);[0m
[35md:\Projects\_Pending\Grep_local - Copy (7)\Source\JSONConfig.pas (210):   if Assigned(jsonValue) and (jsonValue is TJSONString) then[0m
[35md:\Projects\_Pending\Grep_local - Copy (7)\Source\JSONConfig.pas (211):     Result := TJSONString(jsonValue).Value[0m
[35md:\Projects\_Pending\Grep_local - Copy (7)\Source\JSONConfig.pas (216): function TJSONConfig.GetInteger(const aKey: string; const aDefault: Integer): Integer;[0m
[35md:\Projects\_Pending\Grep_local - Copy (7)\Source\JSONConfig.pas (218):   jsonValue: TJsonValue;[0m
[35md:\Projects\_Pending\Grep_local - Copy (7)\Source\JSONConfig.pas (221):   jsonValue := GetJsonValue(aKey);[0m
[35md:\Projects\_Pending\Grep_local - Copy (7)\Source\JSONConfig.pas (222):   if Assigned(jsonValue) then[0m
[35md:\Projects\_Pending\Grep_local - Copy (7)\Source\JSONConfig.pas (224):     if (jsonValue is TJSONNumber) then[0m
[35md:\Projects\_Pending\Grep_local - Copy (7)\Source\JSONConfig.pas (227):         Result := TJSONNumber(jsonValue).AsInt;[0m
[35md:\Projects\_Pending\Grep_local - Copy (7)\Source\JSONConfig.pas (231):           raise Exception.CreateFmt('TJSONConfig.GetInteger: Error converting JSON number to Integer for Key: %s', [aKey]);[0m
[35md:\Projects\_Pending\Grep_local - Copy (7)\Source\JSONConfig.pas (237):       raise Exception.CreateFmt('TJSONConfig.GetInteger: Value for Key "%s" is not a JSON Number.', [aKey]);[0m
[35md:\Projects\_Pending\Grep_local - Copy (7)\Source\JSONConfig.pas (242): function TJSONConfig.GetFloat(const aKey: string; const aDefault: Double): Double;[0m
[35md:\Projects\_Pending\Grep_local - Copy (7)\Source\JSONConfig.pas (244):   jsonValue: TJsonValue;[0m
[35md:\Projects\_Pending\Grep_local - Copy (7)\Source\JSONConfig.pas (247):   jsonValue := GetJsonValue(aKey);[0m
[35md:\Projects\_Pending\Grep_local - Copy (7)\Source\JSONConfig.pas (248):   if Assigned(jsonValue) then[0m
[35md:\Projects\_Pending\Grep_local - Copy (7)\Source\JSONConfig.pas (250):     if (jsonValue is TJSONNumber) then[0m
[35md:\Projects\_Pending\Grep_local - Copy (7)\Source\JSONConfig.pas (253):         Result := TJSONNumber(jsonValue).AsDouble;[0m
[35md:\Projects\_Pending\Grep_local - Copy (7)\Source\JSONConfig.pas (257):           raise Exception.CreateFmt('TJSONConfig.GetFloat: Error converting JSON number to Float for Key: %s', [aKey]);[0m
[35md:\Projects\_Pending\Grep_local - Copy (7)\Source\JSONConfig.pas (263):       raise Exception.CreateFmt('TJSONConfig.GetFloat: Value for Key "%s" is not a JSON Number.', [aKey]);[0m
[35md:\Projects\_Pending\Grep_local - Copy (7)\Source\JSONConfig.pas (268): function TJSONConfig.GetBoolean(const aKey: string; const aDefault: Boolean): Boolean;[0m
[35md:\Projects\_Pending\Grep_local - Copy (7)\Source\JSONConfig.pas (270):   jsonValue: TJsonValue;[0m
[35md:\Projects\_Pending\Grep_local - Copy (7)\Source\JSONConfig.pas (272):   jsonValue := GetJsonValue(aKey);[0m
[35md:\Projects\_Pending\Grep_local - Copy (7)\Source\JSONConfig.pas (273):   if Assigned(jsonValue) and (jsonValue is TJSONBool) then[0m
[35md:\Projects\_Pending\Grep_local - Copy (7)\Source\JSONConfig.pas (274):     Result := TJSONBool(jsonValue).AsBoolean[0m
[35md:\Projects\_Pending\Grep_local - Copy (7)\Source\JSONConfig.pas (279): function TJSONConfig.GetDateTime(const aKey: string; const aDefault: TDateTime): TDateTime;[0m
[35md:\Projects\_Pending\Grep_local - Copy (7)\Source\JSONConfig.pas (281):   jsonValue: TJsonValue;[0m
[35md:\Projects\_Pending\Grep_local - Copy (7)\Source\JSONConfig.pas (285):   jsonValue := GetJsonValue(aKey);[0m
[35md:\Projects\_Pending\Grep_local - Copy (7)\Source\JSONConfig.pas (286):   if Assigned(jsonValue) then[0m
[35md:\Projects\_Pending\Grep_local - Copy (7)\Source\JSONConfig.pas (288):     if (jsonValue is TJSONString) then[0m
[35md:\Projects\_Pending\Grep_local - Copy (7)\Source\JSONConfig.pas (290):       datetimeStr := TJSONString(jsonValue).Value;[0m
[35md:\Projects\_Pending\Grep_local - Copy (7)\Source\JSONConfig.pas (297):           raise Exception.CreateFmt('TJSONConfig.GetDateTime: Error parsing DateTime string for key %s', [aKey]);[0m
[35md:\Projects\_Pending\Grep_local - Copy (7)\Source\JSONConfig.pas (303):       raise Exception.CreateFmt('TJSONConfig.GetDateTime: Value for Key "%s" is not a JSON String.', [aKey]);[0m
[35md:\Projects\_Pending\Grep_local - Copy (7)\Source\JSONConfig.pas (308): function TJSONConfig.GetTime(const aKey: string; const aDefault: TTime): TTime;[0m
[35md:\Projects\_Pending\Grep_local - Copy (7)\Source\JSONConfig.pas (310):   jsonValue: TJsonValue;[0m
[35md:\Projects\_Pending\Grep_local - Copy (7)\Source\JSONConfig.pas (314):   jsonValue := GetJsonValue(aKey);[0m
[35md:\Projects\_Pending\Grep_local - Copy (7)\Source\JSONConfig.pas (315):   if Assigned(jsonValue) then[0m
[35md:\Projects\_Pending\Grep_local - Copy (7)\Source\JSONConfig.pas (317):     if (jsonValue is TJSONString) then[0m
[35md:\Projects\_Pending\Grep_local - Copy (7)\Source\JSONConfig.pas (319):       timeStr := TJSONString(jsonValue).Value;[0m
[35md:\Projects\_Pending\Grep_local - Copy (7)\Source\JSONConfig.pas (325):           raise Exception.CreateFmt('TJSONConfig.GetTime: Error parsing Time string for key %s', [aKey]);[0m
[35md:\Projects\_Pending\Grep_local - Copy (7)\Source\JSONConfig.pas (331):       raise Exception.CreateFmt('TJSONConfig.GetTime: Value for Key "%s" is not a JSON String.', [aKey]);[0m
[35md:\Projects\_Pending\Grep_local - Copy (7)\Source\JSONConfig.pas (336): function TJSONConfig.GetJSONArray(const aKey: string): TJSONArray;[0m
[35md:\Projects\_Pending\Grep_local - Copy (7)\Source\JSONConfig.pas (338):   jsonValue: TJsonValue;[0m
[35md:\Projects\_Pending\Grep_local - Copy (7)\Source\JSONConfig.pas (341):   jsonValue := GetJsonValue(aKey);[0m
[35md:\Projects\_Pending\Grep_local - Copy (7)\Source\JSONConfig.pas (342):   if Assigned(jsonValue) and (jsonValue is TJSONArray) then[0m
[35md:\Projects\_Pending\Grep_local - Copy (7)\Source\JSONConfig.pas (344):     Result := TJSONArray(jsonValue.Clone)[0m
[35md:\Projects\_Pending\Grep_local - Copy (7)\Source\JSONConfig.pas (348): function TJSONConfig.GetValue: string;[0m
[35md:\Projects\_Pending\Grep_local - Copy (7)\Source\JSONConfig.pas (350):   Result := fJSONObject.ToJSON;[0m
[35md:\Projects\_Pending\Grep_local - Copy (7)\Source\JSONConfig.pas (353): procedure TJSONConfig.SetValue(const aValue: string);[0m
[35md:\Projects\_Pending\Grep_local - Copy (7)\Source\JSONConfig.pas (355):   newJSONObject: TJSONObject;[0m
[35md:\Projects\_Pending\Grep_local - Copy (7)\Source\JSONConfig.pas (356):   jsonValue: TJsonValue;[0m
[35md:\Projects\_Pending\Grep_local - Copy (7)\Source\JSONConfig.pas (358):   jsonValue := nil; // Initialize to nil[0m
[35md:\Projects\_Pending\Grep_local - Copy (7)\Source\JSONConfig.pas (360):     jsonValue := TJSONObject.ParseJsonValue(aValue); // Parse the input string[0m
[35md:\Projects\_Pending\Grep_local - Copy (7)\Source\JSONConfig.pas (361):     if Assigned(jsonValue) and (jsonValue is TJSONObject) then[0m
[35md:\Projects\_Pending\Grep_local - Copy (7)\Source\JSONConfig.pas (363):       newJSONObject := jsonValue as TJSONObject; // Cast to TJSONObject[0m
[35md:\Projects\_Pending\Grep_local - Copy (7)\Source\JSONConfig.pas (364):       fJSONObject.Free; // Free the old object to prevent memory leaks[0m
[35md:\Projects\_Pending\Grep_local - Copy (7)\Source\JSONConfig.pas (365):       fJSONObject := newJSONObject; // Assign the new object[0m
[35md:\Projects\_Pending\Grep_local - Copy (7)\Source\JSONConfig.pas (369):       // If parsing fails or the root is not a JSON object, raise an exception[0m
[35md:\Projects\_Pending\Grep_local - Copy (7)\Source\JSONConfig.pas (370):       raise Exception.Create('TJSONConfig.SetValue: Invalid JSON format or not a JSON Object.');[0m
[35md:\Projects\_Pending\Grep_local - Copy (7)\Source\JSONConfig.pas (373):     // Ensure JSONValue is freed only if it's not the one assigned to fJSONObject[0m
[35md:\Projects\_Pending\Grep_local - Copy (7)\Source\JSONConfig.pas (374):     if Assigned(jsonValue) and (jsonValue <> fJSONObject) then jsonValue.Free;[0m
[32mFOUND: d:\Projects\_Pending\Grep_local - Copy (7)\Source\Logger.pas[0m
[35md:\Projects\_Pending\Grep_local - Copy (7)\Source\Logger.pas (11):   System.JSON;[0m
[35md:\Projects\_Pending\Grep_local - Copy (7)\Source\Logger.pas (16):   TLogOutputFormat = (Text, CSV, JSON); // Enumerated type for output format[0m
[35md:\Projects\_Pending\Grep_local - Copy (7)\Source\Logger.pas (34):       fOutputFormat: TLogOutputFormat; // Output format (Text, CSV or JSON)[0m
[35md:\Projects\_Pending\Grep_local - Copy (7)\Source\Logger.pas (36):       fJSONFileInitialized: Boolean;  // Track if we need to start JSON array[0m
[35md:\Projects\_Pending\Grep_local - Copy (7)\Source\Logger.pas (42):     class function LogToJSON(const aLogEntry: TLogEntry): string;[0m
[35md:\Projects\_Pending\Grep_local - Copy (7)\Source\Logger.pas (45):     class procedure InitializeJSONFile;[0m
[35md:\Projects\_Pending\Grep_local - Copy (7)\Source\Logger.pas (46):     class procedure WriteJSONToFile(const aJSON: string);[0m
[35md:\Projects\_Pending\Grep_local - Copy (7)\Source\Logger.pas (73):   TLogger.fJSONFileInitialized := False;[0m
[35md:\Projects\_Pending\Grep_local - Copy (7)\Source\Logger.pas (88):     if fOutputFormat = TLogOutputFormat.JSON then maxLines := 3;[0m
[35md:\Projects\_Pending\Grep_local - Copy (7)\Source\Logger.pas (206):     TLogOutputFormat.JSON:[0m
[35md:\Projects\_Pending\Grep_local - Copy (7)\Source\Logger.pas (208):         logLine := TLogger.LogToJSON(aLogEntry);[0m
[35md:\Projects\_Pending\Grep_local - Copy (7)\Source\Logger.pas (209):         if not logLine.IsEmpty then WriteJSONToFile(logLine);[0m
[35md:\Projects\_Pending\Grep_local - Copy (7)\Source\Logger.pas (245): class function TLogger.LogToJSON(const aLogEntry: TLogEntry): string;[0m
[35md:\Projects\_Pending\Grep_local - Copy (7)\Source\Logger.pas (248):   jsonObj: TJSONObject;[0m
[35md:\Projects\_Pending\Grep_local - Copy (7)\Source\Logger.pas (254):     // Create a JSON object for the log entry[0m
[35md:\Projects\_Pending\Grep_local - Copy (7)\Source\Logger.pas (255):     jsonObj := TJSONObject.Create;[0m
[35md:\Projects\_Pending\Grep_local - Copy (7)\Source\Logger.pas (257):       jsonObj.AddPair('LogTime', FormatDateTime('yyyy-mm-dd hh:nn:ss', aLogEntry.LogTime));[0m
[35md:\Projects\_Pending\Grep_local - Copy (7)\Source\Logger.pas (258):       jsonObj.AddPair('UserID', aLogEntry.UserID);[0m
[35md:\Projects\_Pending\Grep_local - Copy (7)\Source\Logger.pas (259):       jsonObj.AddPair('LogObject', aLogEntry.LogObject);[0m
[35md:\Projects\_Pending\Grep_local - Copy (7)\Source\Logger.pas (260):       jsonObj.AddPair('Description', aLogEntry.Description);[0m
[35md:\Projects\_Pending\Grep_local - Copy (7)\Source\Logger.pas (261):       jsonObj.AddPair('LogStatus', StatusStr);[0m
[35md:\Projects\_Pending\Grep_local - Copy (7)\Source\Logger.pas (262):       Result := jsonObj.ToString;[0m
[35md:\Projects\_Pending\Grep_local - Copy (7)\Source\Logger.pas (264):       jsonObj.Free;[0m
[35md:\Projects\_Pending\Grep_local - Copy (7)\Source\Logger.pas (268): 	    raise Exception.CreateFmt('TLogger.LogToJSON,Error when creating the log entry: %s', [e.Message]);[0m
[35md:\Projects\_Pending\Grep_local - Copy (7)\Source\Logger.pas (273): class procedure TLogger.InitializeJSONFile;[0m
[35md:\Projects\_Pending\Grep_local - Copy (7)\Source\Logger.pas (285):       fJSONFileInitialized := True;[0m
[35md:\Projects\_Pending\Grep_local - Copy (7)\Source\Logger.pas (299):         fJSONFileInitialized := True;[0m
[35md:\Projects\_Pending\Grep_local - Copy (7)\Source\Logger.pas (308): class procedure TLogger.WriteJSONToFile(const aJSON: string);[0m
[35md:\Projects\_Pending\Grep_local - Copy (7)\Source\Logger.pas (325):   if ( (not fJSONFileInitialized) and (not logExists) ) then[0m
[35md:\Projects\_Pending\Grep_local - Copy (7)\Source\Logger.pas (326):     InitializeJSONFile;[0m
[35md:\Projects\_Pending\Grep_local - Copy (7)\Source\Logger.pas (345):         // Subsequent entry: prefix with comma, add new JSON, and re-add closing ']'[0m
[35md:\Projects\_Pending\Grep_local - Copy (7)\Source\Logger.pas (346):         buffer := TEncoding.UTF8.GetBytes(',' + sLineBreak + aJSON + sLineBreak + ']')[0m
[35md:\Projects\_Pending\Grep_local - Copy (7)\Source\Logger.pas (348):         // First entry: just add new JSON, and add the closing ']'[0m
[35md:\Projects\_Pending\Grep_local - Copy (7)\Source\Logger.pas (350):         buffer := TEncoding.UTF8.GetBytes(aJSON + sLineBreak + ']');[0m
[35md:\Projects\_Pending\Grep_local - Copy (7)\Source\Logger.pas (364):       fJSONFileInitialized := True;[0m
[32mFOUND: d:\Projects\_Pending\Notifier\Source\JSONConfig.pas[0m
[35md:\Projects\_Pending\Notifier\Source\JSONConfig.pas (1): unit JSONConfig;[0m
[35md:\Projects\_Pending\Notifier\Source\JSONConfig.pas (9):   System.JSON, System.Generics.Collections;[0m
[35md:\Projects\_Pending\Notifier\Source\JSONConfig.pas (12):   TJSONConfig = class[0m
[35md:\Projects\_Pending\Notifier\Source\JSONConfig.pas (15):     fJSONObject: TJSONObject;[0m
[35md:\Projects\_Pending\Notifier\Source\JSONConfig.pas (18):     function GetJsonValue(const aKey: string): TJsonValue;[0m
[35md:\Projects\_Pending\Notifier\Source\JSONConfig.pas (42):     procedure SetJSONArray(const aKey: string; aValue: TJSONArray);[0m
[35md:\Projects\_Pending\Notifier\Source\JSONConfig.pas (51):     function GetJSONArray(const aKey: string): TJSONArray;[0m
[35md:\Projects\_Pending\Notifier\Source\JSONConfig.pas (59): { TJSONConfig }[0m
[35md:\Projects\_Pending\Notifier\Source\JSONConfig.pas (61): constructor TJSONConfig.Create;[0m
[35md:\Projects\_Pending\Notifier\Source\JSONConfig.pas (64):   fJSONObject := TJSONObject.Create;[0m
[35md:\Projects\_Pending\Notifier\Source\JSONConfig.pas (68): destructor TJSONConfig.Destroy;[0m
[35md:\Projects\_Pending\Notifier\Source\JSONConfig.pas (70):   fJSONObject.Free;[0m
[35md:\Projects\_Pending\Notifier\Source\JSONConfig.pas (74): procedure TJSONConfig.Clear;[0m
[35md:\Projects\_Pending\Notifier\Source\JSONConfig.pas (76):   fJSONObject.Free;[0m
[35md:\Projects\_Pending\Notifier\Source\JSONConfig.pas (77):   fJSONObject := TJSONObject.Create;[0m
[35md:\Projects\_Pending\Notifier\Source\JSONConfig.pas (80): function TJSONConfig.GetJsonValue(const aKey: string): TJsonValue;[0m
[35md:\Projects\_Pending\Notifier\Source\JSONConfig.pas (82):   Result := fJSONObject.GetValue(aKey);[0m
[35md:\Projects\_Pending\Notifier\Source\JSONConfig.pas (85): function TJSONConfig.LoadFromFile(const aFilePath: string; aCreateIfNotExists: Boolean = False): Boolean;[0m
[35md:\Projects\_Pending\Notifier\Source\JSONConfig.pas (87):   jsonString: string;[0m
[35md:\Projects\_Pending\Notifier\Source\JSONConfig.pas (88):   jsonValue: TJsonValue;[0m
[35md:\Projects\_Pending\Notifier\Source\JSONConfig.pas (102):       raise Exception.CreateFmt('TJSONConfig.LoadFromFile: Configuration file not found: %s',[aFilePath]);[0m
[35md:\Projects\_Pending\Notifier\Source\JSONConfig.pas (107):     jsonString := TFile.ReadAllText(aFilePath);[0m
[35md:\Projects\_Pending\Notifier\Source\JSONConfig.pas (108):     jsonValue := TJSONObject.ParseJsonValue(jsonString);[0m
[35md:\Projects\_Pending\Notifier\Source\JSONConfig.pas (110):       if Assigned(jsonValue) and (jsonValue is TJSONObject) then[0m
[35md:\Projects\_Pending\Notifier\Source\JSONConfig.pas (112):         fJSONObject.Free; // Free existing object[0m
[35md:\Projects\_Pending\Notifier\Source\JSONConfig.pas (113):         fJSONObject := jsonValue as TJSONObject; // Assign new object[0m
[35md:\Projects\_Pending\Notifier\Source\JSONConfig.pas (118):         jsonValue.Free; // Free the non-object JSON value[0m
[35md:\Projects\_Pending\Notifier\Source\JSONConfig.pas (119):         raise Exception.CreateFmt('TJSONConfig.LoadFromFile: Invalid JSON structure in file: %s',[aFilePath]);[0m
[35md:\Projects\_Pending\Notifier\Source\JSONConfig.pas (124):         // Ensure jsonValue is freed if an error occurs during parsing or type checking[0m
[35md:\Projects\_Pending\Notifier\Source\JSONConfig.pas (125):         if Assigned(jsonValue) then jsonValue.Free;[0m
[35md:\Projects\_Pending\Notifier\Source\JSONConfig.pas (126):         raise Exception.CreateFmt('TJSONConfig.LoadFromFile: Error parsing JSON from file: %s',[aFilePath]);[0m
[35md:\Projects\_Pending\Notifier\Source\JSONConfig.pas (132):       raise Exception.CreateFmt('TJSONConfig.LoadFromFile: Error reading config file: %s',[aFilePath]);[0m
[35md:\Projects\_Pending\Notifier\Source\JSONConfig.pas (137): function TJSONConfig.SaveToFile(const aFilePath: string): Boolean;[0m
[35md:\Projects\_Pending\Notifier\Source\JSONConfig.pas (143):     TFile.WriteAllText(aFilePath, fJSONObject.ToJSON);[0m
[35md:\Projects\_Pending\Notifier\Source\JSONConfig.pas (148):       raise Exception.CreateFmt('TJSONConfig.SaveToFile: Error saving config file to: %s',[aFilePath]);[0m
[35md:\Projects\_Pending\Notifier\Source\JSONConfig.pas (153): function TJSONConfig.HasKey(const aKey: string): Boolean;[0m
[35md:\Projects\_Pending\Notifier\Source\JSONConfig.pas (155):   Result := GetJsonValue(aKey) <> nil;[0m
[35md:\Projects\_Pending\Notifier\Source\JSONConfig.pas (158): procedure TJSONConfig.DeleteKey(const aKey: string);[0m
[35md:\Projects\_Pending\Notifier\Source\JSONConfig.pas (160):   value: TJsonValue;[0m
[35md:\Projects\_Pending\Notifier\Source\JSONConfig.pas (162):   value := GetJsonValue(aKey);[0m
[35md:\Projects\_Pending\Notifier\Source\JSONConfig.pas (163):   if Assigned(value) then fJSONObject.RemovePair(aKey);[0m
[35md:\Projects\_Pending\Notifier\Source\JSONConfig.pas (166): procedure TJSONConfig.SetString(const aKey, aValue: string);[0m
[35md:\Projects\_Pending\Notifier\Source\JSONConfig.pas (168):   fJSONObject.AddPair(aKey, aValue);[0m
[35md:\Projects\_Pending\Notifier\Source\JSONConfig.pas (171): procedure TJSONConfig.SetInteger(const aKey: string; aValue: Integer);[0m
[35md:\Projects\_Pending\Notifier\Source\JSONConfig.pas (173):   fJSONObject.AddPair(aKey, TJSONNumber.Create(aValue));[0m
[35md:\Projects\_Pending\Notifier\Source\JSONConfig.pas (176): procedure TJSONConfig.SetFloat(const aKey: string; aValue: Double);[0m
[35md:\Projects\_Pending\Notifier\Source\JSONConfig.pas (178):   fJSONObject.AddPair(aKey, TJSONNumber.Create(aValue));[0m
[35md:\Projects\_Pending\Notifier\Source\JSONConfig.pas (181): procedure TJSONConfig.SetBoolean(const aKey: string; aValue: Boolean);[0m
[35md:\Projects\_Pending\Notifier\Source\JSONConfig.pas (183):   fJSONObject.AddPair(aKey, TJSONBool.Create(aValue));[0m
[35md:\Projects\_Pending\Notifier\Source\JSONConfig.pas (186): procedure TJSONConfig.SetDateTime(const aKey: string; aValue: TDateTime);[0m
[35md:\Projects\_Pending\Notifier\Source\JSONConfig.pas (190):   fJSONObject.AddPair(aKey, DateToISO8601(aValue));[0m
[35md:\Projects\_Pending\Notifier\Source\JSONConfig.pas (193): procedure TJSONConfig.SetTime(const aKey: string; aValue: TTime);[0m
[35md:\Projects\_Pending\Notifier\Source\JSONConfig.pas (195):   fJSONObject.AddPair(aKey, FormatDateTime('hh:nn', aValue));[0m
[35md:\Projects\_Pending\Notifier\Source\JSONConfig.pas (198): procedure TJSONConfig.SetJSONArray(const aKey: string; aValue: TJSONArray);[0m
[35md:\Projects\_Pending\Notifier\Source\JSONConfig.pas (202):   fJSONObject.AddPair(aKey, TJSONArray(aValue.Clone));[0m
[35md:\Projects\_Pending\Notifier\Source\JSONConfig.pas (205): function TJSONConfig.GetString(const aKey: string; const aDefault: string): string;[0m
[35md:\Projects\_Pending\Notifier\Source\JSONConfig.pas (207):   jsonValue: TJsonValue;[0m
[35md:\Projects\_Pending\Notifier\Source\JSONConfig.pas (209):   jsonValue := GetJsonValue(aKey);[0m
[35md:\Projects\_Pending\Notifier\Source\JSONConfig.pas (210):   if Assigned(jsonValue) and (jsonValue is TJSONString) then[0m
[35md:\Projects\_Pending\Notifier\Source\JSONConfig.pas (211):     Result := TJSONString(jsonValue).Value[0m
[35md:\Projects\_Pending\Notifier\Source\JSONConfig.pas (216): function TJSONConfig.GetInteger(const aKey: string; const aDefault: Integer): Integer;[0m
[35md:\Projects\_Pending\Notifier\Source\JSONConfig.pas (218):   jsonValue: TJsonValue;[0m
[35md:\Projects\_Pending\Notifier\Source\JSONConfig.pas (221):   jsonValue := GetJsonValue(aKey);[0m
[35md:\Projects\_Pending\Notifier\Source\JSONConfig.pas (222):   if Assigned(jsonValue) then[0m
[35md:\Projects\_Pending\Notifier\Source\JSONConfig.pas (224):     if (jsonValue is TJSONNumber) then[0m
[35md:\Projects\_Pending\Notifier\Source\JSONConfig.pas (227):         Result := TJSONNumber(jsonValue).AsInt;[0m
[35md:\Projects\_Pending\Notifier\Source\JSONConfig.pas (231):           raise Exception.CreateFmt('TJSONConfig.GetInteger: Error converting JSON number to Integer for Key: %s', [aKey]);[0m
[35md:\Projects\_Pending\Notifier\Source\JSONConfig.pas (237):       raise Exception.CreateFmt('TJSONConfig.GetInteger: Value for Key "%s" is not a JSON Number.', [aKey]);[0m
[35md:\Projects\_Pending\Notifier\Source\JSONConfig.pas (242): function TJSONConfig.GetFloat(const aKey: string; const aDefault: Double): Double;[0m
[35md:\Projects\_Pending\Notifier\Source\JSONConfig.pas (244):   jsonValue: TJsonValue;[0m
[35md:\Projects\_Pending\Notifier\Source\JSONConfig.pas (247):   jsonValue := GetJsonValue(aKey);[0m
[35md:\Projects\_Pending\Notifier\Source\JSONConfig.pas (248):   if Assigned(jsonValue) then[0m
[35md:\Projects\_Pending\Notifier\Source\JSONConfig.pas (250):     if (jsonValue is TJSONNumber) then[0m
[35md:\Projects\_Pending\Notifier\Source\JSONConfig.pas (253):         Result := TJSONNumber(jsonValue).AsDouble;[0m
[35md:\Projects\_Pending\Notifier\Source\JSONConfig.pas (257):           raise Exception.CreateFmt('TJSONConfig.GetFloat: Error converting JSON number to Float for Key: %s', [aKey]);[0m
[35md:\Projects\_Pending\Notifier\Source\JSONConfig.pas (263):       raise Exception.CreateFmt('TJSONConfig.GetFloat: Value for Key "%s" is not a JSON Number.', [aKey]);[0m
[35md:\Projects\_Pending\Notifier\Source\JSONConfig.pas (268): function TJSONConfig.GetBoolean(const aKey: string; const aDefault: Boolean): Boolean;[0m
[35md:\Projects\_Pending\Notifier\Source\JSONConfig.pas (270):   jsonValue: TJsonValue;[0m
[35md:\Projects\_Pending\Notifier\Source\JSONConfig.pas (272):   jsonValue := GetJsonValue(aKey);[0m
[35md:\Projects\_Pending\Notifier\Source\JSONConfig.pas (273):   if Assigned(jsonValue) and (jsonValue is TJSONBool) then[0m
[35md:\Projects\_Pending\Notifier\Source\JSONConfig.pas (274):     Result := TJSONBool(jsonValue).AsBoolean[0m
[35md:\Projects\_Pending\Notifier\Source\JSONConfig.pas (279): function TJSONConfig.GetDateTime(const aKey: string; const aDefault: TDateTime): TDateTime;[0m
[35md:\Projects\_Pending\Notifier\Source\JSONConfig.pas (281):   jsonValue: TJsonValue;[0m
[35md:\Projects\_Pending\Notifier\Source\JSONConfig.pas (285):   jsonValue := GetJsonValue(aKey);[0m
[35md:\Projects\_Pending\Notifier\Source\JSONConfig.pas (286):   if Assigned(jsonValue) then[0m
[35md:\Projects\_Pending\Notifier\Source\JSONConfig.pas (288):     if (jsonValue is TJSONString) then[0m
[35md:\Projects\_Pending\Notifier\Source\JSONConfig.pas (290):       datetimeStr := TJSONString(jsonValue).Value;[0m
[35md:\Projects\_Pending\Notifier\Source\JSONConfig.pas (297):           raise Exception.CreateFmt('TJSONConfig.GetDateTime: Error parsing DateTime string for key %s', [aKey]);[0m
[35md:\Projects\_Pending\Notifier\Source\JSONConfig.pas (303):       raise Exception.CreateFmt('TJSONConfig.GetDateTime: Value for Key "%s" is not a JSON String.', [aKey]);[0m
[35md:\Projects\_Pending\Notifier\Source\JSONConfig.pas (308): function TJSONConfig.GetTime(const aKey: string; const aDefault: TTime): TTime;[0m
[35md:\Projects\_Pending\Notifier\Source\JSONConfig.pas (310):   jsonValue: TJsonValue;[0m
[35md:\Projects\_Pending\Notifier\Source\JSONConfig.pas (314):   jsonValue := GetJsonValue(aKey);[0m
[35md:\Projects\_Pending\Notifier\Source\JSONConfig.pas (315):   if Assigned(jsonValue) then[0m
[35md:\Projects\_Pending\Notifier\Source\JSONConfig.pas (317):     if (jsonValue is TJSONString) then[0m
[35md:\Projects\_Pending\Notifier\Source\JSONConfig.pas (319):       timeStr := TJSONString(jsonValue).Value;[0m
[35md:\Projects\_Pending\Notifier\Source\JSONConfig.pas (325):           raise Exception.CreateFmt('TJSONConfig.GetTime: Error parsing Time string for key %s', [aKey]);[0m
[35md:\Projects\_Pending\Notifier\Source\JSONConfig.pas (331):       raise Exception.CreateFmt('TJSONConfig.GetTime: Value for Key "%s" is not a JSON String.', [aKey]);[0m
[35md:\Projects\_Pending\Notifier\Source\JSONConfig.pas (336): function TJSONConfig.GetJSONArray(const aKey: string): TJSONArray;[0m
[35md:\Projects\_Pending\Notifier\Source\JSONConfig.pas (338):   jsonValue: TJsonValue;[0m
[35md:\Projects\_Pending\Notifier\Source\JSONConfig.pas (341):   jsonValue := GetJsonValue(aKey);[0m
[35md:\Projects\_Pending\Notifier\Source\JSONConfig.pas (342):   if Assigned(jsonValue) and (jsonValue is TJSONArray) then[0m
[35md:\Projects\_Pending\Notifier\Source\JSONConfig.pas (344):     Result := TJSONArray(jsonValue.Clone)[0m
[35md:\Projects\_Pending\Notifier\Source\JSONConfig.pas (348): function TJSONConfig.GetValue: string;[0m
[35md:\Projects\_Pending\Notifier\Source\JSONConfig.pas (350):   Result := fJSONObject.ToJSON;[0m
[35md:\Projects\_Pending\Notifier\Source\JSONConfig.pas (353): procedure TJSONConfig.SetValue(const aValue: string);[0m
[35md:\Projects\_Pending\Notifier\Source\JSONConfig.pas (355):   newJSONObject: TJSONObject;[0m
[35md:\Projects\_Pending\Notifier\Source\JSONConfig.pas (356):   jsonValue: TJsonValue;[0m
[35md:\Projects\_Pending\Notifier\Source\JSONConfig.pas (358):   jsonValue := nil; // Initialize to nil[0m
[35md:\Projects\_Pending\Notifier\Source\JSONConfig.pas (360):     jsonValue := TJSONObject.ParseJsonValue(aValue); // Parse the input string[0m
[35md:\Projects\_Pending\Notifier\Source\JSONConfig.pas (361):     if Assigned(jsonValue) and (jsonValue is TJSONObject) then[0m
[35md:\Projects\_Pending\Notifier\Source\JSONConfig.pas (363):       newJSONObject := jsonValue as TJSONObject; // Cast to TJSONObject[0m
[35md:\Projects\_Pending\Notifier\Source\JSONConfig.pas (364):       fJSONObject.Free; // Free the old object to prevent memory leaks[0m
[35md:\Projects\_Pending\Notifier\Source\JSONConfig.pas (365):       fJSONObject := newJSONObject; // Assign the new object[0m
[35md:\Projects\_Pending\Notifier\Source\JSONConfig.pas (369):       // If parsing fails or the root is not a JSON object, raise an exception[0m
[35md:\Projects\_Pending\Notifier\Source\JSONConfig.pas (370):       raise Exception.Create('TJSONConfig.SetValue: Invalid JSON format or not a JSON Object.');[0m
[35md:\Projects\_Pending\Notifier\Source\JSONConfig.pas (373):     // Ensure JSONValue is freed only if it's not the one assigned to fJSONObject[0m
[35md:\Projects\_Pending\Notifier\Source\JSONConfig.pas (374):     if Assigned(jsonValue) and (jsonValue <> fJSONObject) then jsonValue.Free;[0m
[32mFOUND: d:\Projects\_Pending\Notifier\Source\Main.pas[0m
[35md:\Projects\_Pending\Notifier\Source\Main.pas (7):   System.SysUtils, System.Variants, System.Classes, System.IOUtils, System.JSON, System.DateUtils,[0m
[35md:\Projects\_Pending\Notifier\Source\Main.pas (12):   NtfyClient, JSONConfig, NotifierSettings;[0m
[35md:\Projects\_Pending\Notifier\Source\Main.pas (61):     FConfig: TJSONConfig;[0m
[35md:\Projects\_Pending\Notifier\Source\Main.pas (96):   CONFIG_FILE = 'ntfy_settings.json';[0m
[35md:\Projects\_Pending\Notifier\Source\Main.pas (105):   FConfig := TJSONConfig.Create;[0m
[32mFOUND: d:\Projects\_Pending\Notifier\Source\MainReceive.pas[0m
[35md:\Projects\_Pending\Notifier\Source\MainReceive.pas (7):   System.SysUtils, System.Variants, System.Classes, System.IOUtils, System.JSON, System.DateUtils,[0m
[35md:\Projects\_Pending\Notifier\Source\MainReceive.pas (11):   NtfyClient, JSONConfig, NotifierSettings, NtfyEmoji, MessageDisplay,[0m
[35md:\Projects\_Pending\Notifier\Source\MainReceive.pas (51):     FConfig: TJSONConfig;[0m
[35md:\Projects\_Pending\Notifier\Source\MainReceive.pas (82):   CONFIG_FILE = 'NtfyConfig.json';[0m
[35md:\Projects\_Pending\Notifier\Source\MainReceive.pas (91):   FConfig := TJSONConfig.Create;[0m
[32mFOUND: d:\Projects\_Pending\Notifier\Source\MainSend.pas[0m
[35md:\Projects\_Pending\Notifier\Source\MainSend.pas (7):   System.SysUtils, System.Variants, System.Classes, System.IOUtils, System.JSON, System.DateUtils,[0m
[35md:\Projects\_Pending\Notifier\Source\MainSend.pas (10):   NtfyClient, JSONConfig, NotifierSettings;[0m
[35md:\Projects\_Pending\Notifier\Source\MainSend.pas (48):     FConfig: TJSONConfig;[0m
[35md:\Projects\_Pending\Notifier\Source\MainSend.pas (78):   CONFIG_FILE = 'NtfyConfig.json';[0m
[35md:\Projects\_Pending\Notifier\Source\MainSend.pas (88):   FConfig := TJSONConfig.Create;[0m
[32mFOUND: d:\Projects\_Pending\Notifier\Source\NotifierSettings.pas[0m
[35md:\Projects\_Pending\Notifier\Source\NotifierSettings.pas (7):   System.SysUtils, System.Variants, System.Classes, System.JSON, Vcl.Graphics,[0m
[35md:\Projects\_Pending\Notifier\Source\NotifierSettings.pas (12):   JSONConfig, NtfyClient;[0m
[35md:\Projects\_Pending\Notifier\Source\NotifierSettings.pas (56):     procedure Read(aConfig: TJSONConfig);[0m
[35md:\Projects\_Pending\Notifier\Source\NotifierSettings.pas (57):     procedure Write(aConfig: TJSONConfig);[0m
[35md:\Projects\_Pending\Notifier\Source\NotifierSettings.pas (103):     FConfig: TJSONConfig;[0m
[35md:\Projects\_Pending\Notifier\Source\NotifierSettings.pas (241): procedure TSettings.Read(aConfig: TJSONConfig);[0m
[35md:\Projects\_Pending\Notifier\Source\NotifierSettings.pas (244):   tagsArray: TJSONArray;[0m
[35md:\Projects\_Pending\Notifier\Source\NotifierSettings.pas (245):   attachmentHistoryArray: TJSONArray;[0m
[35md:\Projects\_Pending\Notifier\Source\NotifierSettings.pas (267):   tagsArray := aConfig.GetJSONArray('TagsList');[0m
[35md:\Projects\_Pending\Notifier\Source\NotifierSettings.pas (273):         if tagsArray.Items[I] is TJSONString then[0m
[35md:\Projects\_Pending\Notifier\Source\NotifierSettings.pas (274):           FTagsList.Add(TJSONString(tagsArray.Items[I]).Value);[0m
[35md:\Projects\_Pending\Notifier\Source\NotifierSettings.pas (282):   attachmentHistoryArray := aConfig.GetJSONArray('AttachmentHistory');[0m
[35md:\Projects\_Pending\Notifier\Source\NotifierSettings.pas (288):         if attachmentHistoryArray.Items[I] is TJSONString then[0m
[35md:\Projects\_Pending\Notifier\Source\NotifierSettings.pas (289):           FAttachmentHistory.Add(TJSONString(attachmentHistoryArray.Items[I]).Value);[0m
[35md:\Projects\_Pending\Notifier\Source\NotifierSettings.pas (297): procedure TSettings.Write(aConfig: TJSONConfig);[0m
[35md:\Projects\_Pending\Notifier\Source\NotifierSettings.pas (299):   tagsArray: TJSONArray;[0m
[35md:\Projects\_Pending\Notifier\Source\NotifierSettings.pas (300):   attachmentHistoryArray: TJSONArray;[0m
[35md:\Projects\_Pending\Notifier\Source\NotifierSettings.pas (320):   tagsArray := TJSONArray.Create;[0m
[35md:\Projects\_Pending\Notifier\Source\NotifierSettings.pas (324):     aConfig.SetJSONArray('TagsList', tagsArray);[0m
[35md:\Projects\_Pending\Notifier\Source\NotifierSettings.pas (329):   attachmentHistoryArray := TJSONArray.Create;[0m
[35md:\Projects\_Pending\Notifier\Source\NotifierSettings.pas (333):     aConfig.SetJSONArray('AttachmentHistory', attachmentHistoryArray);[0m
[35md:\Projects\_Pending\Notifier\Source\NotifierSettings.pas (344):   FConfig := TJSONConfig.Create;[0m
[32mFOUND: d:\Projects\_Pending\Notifier\Source\NtfyClient.pas[0m
[35md:\Projects\_Pending\Notifier\Source\NtfyClient.pas (6):   System.SysUtils, System.Classes, System.JSON, System.IOUtils,[0m
[35md:\Projects\_Pending\Notifier\Source\NtfyClient.pas (214):   cJSON: TJSONValue;[0m
[35md:\Projects\_Pending\Notifier\Source\NtfyClient.pas (228):   cTagsValue: TJSONValue;[0m
[35md:\Projects\_Pending\Notifier\Source\NtfyClient.pas (229):   cAttachmentValue: TJSONValue;[0m
[35md:\Projects\_Pending\Notifier\Source\NtfyClient.pas (230):   cAttachmentObject: TJSONObject;[0m
[35md:\Projects\_Pending\Notifier\Source\NtfyClient.pas (231):   cTagsArray: TJSONArray;[0m
[35md:\Projects\_Pending\Notifier\Source\NtfyClient.pas (239):     cRequest.Resource := FTopic + '/json';[0m
[35md:\Projects\_Pending\Notifier\Source\NtfyClient.pas (261):             cJSON := TJSONObject.ParseJSONValue(cLine);[0m
[35md:\Projects\_Pending\Notifier\Source\NtfyClient.pas (262):             if Assigned(cJSON) then[0m
[35md:\Projects\_Pending\Notifier\Source\NtfyClient.pas (264):               if cJSON.TryGetValue<string>('event', cEvent) and (cEvent = cEventMessage) then[0m
[35md:\Projects\_Pending\Notifier\Source\NtfyClient.pas (266):                 if not cJSON.TryGetValue<string>('id', cID) then[0m
[35md:\Projects\_Pending\Notifier\Source\NtfyClient.pas (268):                 if not cJSON.TryGetValue<string>('message', cMessage) then[0m
[35md:\Projects\_Pending\Notifier\Source\NtfyClient.pas (270):                 if not cJSON.TryGetValue<string>('title', cTitle) then[0m
[35md:\Projects\_Pending\Notifier\Source\NtfyClient.pas (272):                 if not cJSON.TryGetValue<Int64>('time', cTime) then[0m
[35md:\Projects\_Pending\Notifier\Source\NtfyClient.pas (277):                 if cJSON.TryGetValue<TJSONValue>('tags', cTagsValue) and (cTagsValue is TJSONArray) then[0m
[35md:\Projects\_Pending\Notifier\Source\NtfyClient.pas (279):                   cTagsArray := TJSONArray(cTagsValue);[0m
[35md:\Projects\_Pending\Notifier\Source\NtfyClient.pas (291):                 if not cJSON.TryGetValue<Integer>('priority', cPriority) then[0m
[35md:\Projects\_Pending\Notifier\Source\NtfyClient.pas (293):                   if cJSON.TryGetValue<string>('priority', cPriorityText) then[0m
[35md:\Projects\_Pending\Notifier\Source\NtfyClient.pas (303):                 if cJSON.TryGetValue<TJSONValue>('attachment', cAttachmentValue) and (cAttachmentValue is TJSONObject) then[0m
[35md:\Projects\_Pending\Notifier\Source\NtfyClient.pas (305):                   cAttachmentObject := TJSONObject(cAttachmentValue);[0m
[35md:\Projects\_Pending\Notifier\Source\NtfyClient.pas (319):               cJSON.Free;[0m
[32mFOUND: d:\Projects\_Pending\Notifier\_Saved\NtfyClient-NET-method.pas[0m
[35md:\Projects\_Pending\Notifier\_Saved\NtfyClient-NET-method.pas (6):   System.SysUtils, System.Classes, System.Net.HttpClient, System.Net.URLClient, System.JSON;[0m
[35md:\Projects\_Pending\Notifier\_Saved\NtfyClient-NET-method.pas (128):   cJSON: TJSONValue;[0m
[35md:\Projects\_Pending\Notifier\_Saved\NtfyClient-NET-method.pas (134):   cURL := FServerURL + '/' + FTopic + '/json?poll=1';[0m
[35md:\Projects\_Pending\Notifier\_Saved\NtfyClient-NET-method.pas (147):         { The poll endpoint returns NDJSON (Newline Delimited JSON). [0m
[35md:\Projects\_Pending\Notifier\_Saved\NtfyClient-NET-method.pas (148):           We split by line and parse each JSON object independently. }[0m
[35md:\Projects\_Pending\Notifier\_Saved\NtfyClient-NET-method.pas (157):           cJSON := TJSONObject.ParseJSONValue(cLine);[0m
[35md:\Projects\_Pending\Notifier\_Saved\NtfyClient-NET-method.pas (158):           if Assigned(cJSON) then[0m
[35md:\Projects\_Pending\Notifier\_Saved\NtfyClient-NET-method.pas (161):             if cJSON.TryGetValue<string>('event', cEvent) and (cEvent = cEventMessage) then[0m
[35md:\Projects\_Pending\Notifier\_Saved\NtfyClient-NET-method.pas (163):               cJSON.TryGetValue<string>('id', cID);[0m
[35md:\Projects\_Pending\Notifier\_Saved\NtfyClient-NET-method.pas (164):               cJSON.TryGetValue<string>('message', cMessage);[0m
[35md:\Projects\_Pending\Notifier\_Saved\NtfyClient-NET-method.pas (166):               if not cJSON.TryGetValue<string>('title', cTitle) then cTitle := '';[0m
[35md:\Projects\_Pending\Notifier\_Saved\NtfyClient-NET-method.pas (167):               if not cJSON.TryGetValue<string>('tags', cTags) then cTags := '';[0m
[35md:\Projects\_Pending\Notifier\_Saved\NtfyClient-NET-method.pas (168):               if not cJSON.TryGetValue<Int64>('time', cTime) then cTime := 0;[0m
[35md:\Projects\_Pending\Notifier\_Saved\NtfyClient-NET-method.pas (177):             cJSON.Free;[0m
[32mFOUND: d:\Projects\_Pending\Ntfy_local\Source\JSONConfig.pas[0m
[35md:\Projects\_Pending\Ntfy_local\Source\JSONConfig.pas (1): unit JSONConfig;[0m
[35md:\Projects\_Pending\Ntfy_local\Source\JSONConfig.pas (9):   System.JSON, System.Generics.Collections;[0m
[35md:\Projects\_Pending\Ntfy_local\Source\JSONConfig.pas (12):   TJSONConfig = class[0m
[35md:\Projects\_Pending\Ntfy_local\Source\JSONConfig.pas (15):     fJSONObject: TJSONObject;[0m
[35md:\Projects\_Pending\Ntfy_local\Source\JSONConfig.pas (18):     function GetJsonValue(const aKey: string): TJsonValue;[0m
[35md:\Projects\_Pending\Ntfy_local\Source\JSONConfig.pas (42):     procedure SetJSONArray(const aKey: string; aValue: TJSONArray);[0m
[35md:\Projects\_Pending\Ntfy_local\Source\JSONConfig.pas (51):     function GetJSONArray(const aKey: string): TJSONArray;[0m
[35md:\Projects\_Pending\Ntfy_local\Source\JSONConfig.pas (59): { TJSONConfig }[0m
[35md:\Projects\_Pending\Ntfy_local\Source\JSONConfig.pas (61): constructor TJSONConfig.Create;[0m
[35md:\Projects\_Pending\Ntfy_local\Source\JSONConfig.pas (64):   fJSONObject := TJSONObject.Create;[0m
[35md:\Projects\_Pending\Ntfy_local\Source\JSONConfig.pas (68): destructor TJSONConfig.Destroy;[0m
[35md:\Projects\_Pending\Ntfy_local\Source\JSONConfig.pas (70):   fJSONObject.Free;[0m
[35md:\Projects\_Pending\Ntfy_local\Source\JSONConfig.pas (74): procedure TJSONConfig.Clear;[0m
[35md:\Projects\_Pending\Ntfy_local\Source\JSONConfig.pas (76):   fJSONObject.Free;[0m
[35md:\Projects\_Pending\Ntfy_local\Source\JSONConfig.pas (77):   fJSONObject := TJSONObject.Create;[0m
[35md:\Projects\_Pending\Ntfy_local\Source\JSONConfig.pas (80): function TJSONConfig.GetJsonValue(const aKey: string): TJsonValue;[0m
[35md:\Projects\_Pending\Ntfy_local\Source\JSONConfig.pas (82):   Result := fJSONObject.GetValue(aKey);[0m
[35md:\Projects\_Pending\Ntfy_local\Source\JSONConfig.pas (85): function TJSONConfig.LoadFromFile(const aFilePath: string; aCreateIfNotExists: Boolean = False): Boolean;[0m
[35md:\Projects\_Pending\Ntfy_local\Source\JSONConfig.pas (87):   jsonString: string;[0m
[35md:\Projects\_Pending\Ntfy_local\Source\JSONConfig.pas (88):   jsonValue: TJsonValue;[0m
[35md:\Projects\_Pending\Ntfy_local\Source\JSONConfig.pas (102):       raise Exception.CreateFmt('TJSONConfig.LoadFromFile: Configuration file not found: %s',[aFilePath]);[0m
[35md:\Projects\_Pending\Ntfy_local\Source\JSONConfig.pas (107):     jsonString := TFile.ReadAllText(aFilePath);[0m
[35md:\Projects\_Pending\Ntfy_local\Source\JSONConfig.pas (108):     jsonValue := TJSONObject.ParseJsonValue(jsonString);[0m
[35md:\Projects\_Pending\Ntfy_local\Source\JSONConfig.pas (110):       if Assigned(jsonValue) and (jsonValue is TJSONObject) then[0m
[35md:\Projects\_Pending\Ntfy_local\Source\JSONConfig.pas (112):         fJSONObject.Free; // Free existing object[0m
[35md:\Projects\_Pending\Ntfy_local\Source\JSONConfig.pas (113):         fJSONObject := jsonValue as TJSONObject; // Assign new object[0m
[35md:\Projects\_Pending\Ntfy_local\Source\JSONConfig.pas (118):         jsonValue.Free; // Free the non-object JSON value[0m
[35md:\Projects\_Pending\Ntfy_local\Source\JSONConfig.pas (119):         raise Exception.CreateFmt('TJSONConfig.LoadFromFile: Invalid JSON structure in file: %s',[aFilePath]);[0m
[35md:\Projects\_Pending\Ntfy_local\Source\JSONConfig.pas (124):         // Ensure jsonValue is freed if an error occurs during parsing or type checking[0m
[35md:\Projects\_Pending\Ntfy_local\Source\JSONConfig.pas (125):         if Assigned(jsonValue) then jsonValue.Free;[0m
[35md:\Projects\_Pending\Ntfy_local\Source\JSONConfig.pas (126):         raise Exception.CreateFmt('TJSONConfig.LoadFromFile: Error parsing JSON from file: %s',[aFilePath]);[0m
[35md:\Projects\_Pending\Ntfy_local\Source\JSONConfig.pas (132):       raise Exception.CreateFmt('TJSONConfig.LoadFromFile: Error reading config file: %s',[aFilePath]);[0m
[35md:\Projects\_Pending\Ntfy_local\Source\JSONConfig.pas (137): function TJSONConfig.SaveToFile(const aFilePath: string): Boolean;[0m
[35md:\Projects\_Pending\Ntfy_local\Source\JSONConfig.pas (143):     TFile.WriteAllText(aFilePath, fJSONObject.ToJSON);[0m
[35md:\Projects\_Pending\Ntfy_local\Source\JSONConfig.pas (148):       raise Exception.CreateFmt('TJSONConfig.SaveToFile: Error saving config file to: %s',[aFilePath]);[0m
[35md:\Projects\_Pending\Ntfy_local\Source\JSONConfig.pas (153): function TJSONConfig.HasKey(const aKey: string): Boolean;[0m
[35md:\Projects\_Pending\Ntfy_local\Source\JSONConfig.pas (155):   Result := GetJsonValue(aKey) <> nil;[0m
[35md:\Projects\_Pending\Ntfy_local\Source\JSONConfig.pas (158): procedure TJSONConfig.DeleteKey(const aKey: string);[0m
[35md:\Projects\_Pending\Ntfy_local\Source\JSONConfig.pas (160):   value: TJsonValue;[0m
[35md:\Projects\_Pending\Ntfy_local\Source\JSONConfig.pas (162):   value := GetJsonValue(aKey);[0m
[35md:\Projects\_Pending\Ntfy_local\Source\JSONConfig.pas (163):   if Assigned(value) then fJSONObject.RemovePair(aKey);[0m
[35md:\Projects\_Pending\Ntfy_local\Source\JSONConfig.pas (166): procedure TJSONConfig.SetString(const aKey, aValue: string);[0m
[35md:\Projects\_Pending\Ntfy_local\Source\JSONConfig.pas (168):   fJSONObject.AddPair(aKey, aValue);[0m
[35md:\Projects\_Pending\Ntfy_local\Source\JSONConfig.pas (171): procedure TJSONConfig.SetInteger(const aKey: string; aValue: Integer);[0m
[35md:\Projects\_Pending\Ntfy_local\Source\JSONConfig.pas (173):   fJSONObject.AddPair(aKey, TJSONNumber.Create(aValue));[0m
[35md:\Projects\_Pending\Ntfy_local\Source\JSONConfig.pas (176): procedure TJSONConfig.SetFloat(const aKey: string; aValue: Double);[0m
[35md:\Projects\_Pending\Ntfy_local\Source\JSONConfig.pas (178):   fJSONObject.AddPair(aKey, TJSONNumber.Create(aValue));[0m
[35md:\Projects\_Pending\Ntfy_local\Source\JSONConfig.pas (181): procedure TJSONConfig.SetBoolean(const aKey: string; aValue: Boolean);[0m
[35md:\Projects\_Pending\Ntfy_local\Source\JSONConfig.pas (183):   fJSONObject.AddPair(aKey, TJSONBool.Create(aValue));[0m
[35md:\Projects\_Pending\Ntfy_local\Source\JSONConfig.pas (186): procedure TJSONConfig.SetDateTime(const aKey: string; aValue: TDateTime);[0m
[35md:\Projects\_Pending\Ntfy_local\Source\JSONConfig.pas (190):   fJSONObject.AddPair(aKey, DateToISO8601(aValue));[0m
[35md:\Projects\_Pending\Ntfy_local\Source\JSONConfig.pas (193): procedure TJSONConfig.SetTime(const aKey: string; aValue: TTime);[0m
[35md:\Projects\_Pending\Ntfy_local\Source\JSONConfig.pas (195):   fJSONObject.AddPair(aKey, FormatDateTime('hh:nn', aValue));[0m
[35md:\Projects\_Pending\Ntfy_local\Source\JSONConfig.pas (198): procedure TJSONConfig.SetJSONArray(const aKey: string; aValue: TJSONArray);[0m
[35md:\Projects\_Pending\Ntfy_local\Source\JSONConfig.pas (202):   fJSONObject.AddPair(aKey, TJSONArray(aValue.Clone));[0m
[35md:\Projects\_Pending\Ntfy_local\Source\JSONConfig.pas (205): function TJSONConfig.GetString(const aKey: string; const aDefault: string): string;[0m
[35md:\Projects\_Pending\Ntfy_local\Source\JSONConfig.pas (207):   jsonValue: TJsonValue;[0m
[35md:\Projects\_Pending\Ntfy_local\Source\JSONConfig.pas (209):   jsonValue := GetJsonValue(aKey);[0m
[35md:\Projects\_Pending\Ntfy_local\Source\JSONConfig.pas (210):   if Assigned(jsonValue) and (jsonValue is TJSONString) then[0m
[35md:\Projects\_Pending\Ntfy_local\Source\JSONConfig.pas (211):     Result := TJSONString(jsonValue).Value[0m
[35md:\Projects\_Pending\Ntfy_local\Source\JSONConfig.pas (216): function TJSONConfig.GetInteger(const aKey: string; const aDefault: Integer): Integer;[0m
[35md:\Projects\_Pending\Ntfy_local\Source\JSONConfig.pas (218):   jsonValue: TJsonValue;[0m
[35md:\Projects\_Pending\Ntfy_local\Source\JSONConfig.pas (221):   jsonValue := GetJsonValue(aKey);[0m
[35md:\Projects\_Pending\Ntfy_local\Source\JSONConfig.pas (222):   if Assigned(jsonValue) then[0m
[35md:\Projects\_Pending\Ntfy_local\Source\JSONConfig.pas (224):     if (jsonValue is TJSONNumber) then[0m
[35md:\Projects\_Pending\Ntfy_local\Source\JSONConfig.pas (227):         Result := TJSONNumber(jsonValue).AsInt;[0m
[35md:\Projects\_Pending\Ntfy_local\Source\JSONConfig.pas (231):           raise Exception.CreateFmt('TJSONConfig.GetInteger: Error converting JSON number to Integer for Key: %s', [aKey]);[0m
[35md:\Projects\_Pending\Ntfy_local\Source\JSONConfig.pas (237):       raise Exception.CreateFmt('TJSONConfig.GetInteger: Value for Key "%s" is not a JSON Number.', [aKey]);[0m
[35md:\Projects\_Pending\Ntfy_local\Source\JSONConfig.pas (242): function TJSONConfig.GetFloat(const aKey: string; const aDefault: Double): Double;[0m
[35md:\Projects\_Pending\Ntfy_local\Source\JSONConfig.pas (244):   jsonValue: TJsonValue;[0m
[35md:\Projects\_Pending\Ntfy_local\Source\JSONConfig.pas (247):   jsonValue := GetJsonValue(aKey);[0m
[35md:\Projects\_Pending\Ntfy_local\Source\JSONConfig.pas (248):   if Assigned(jsonValue) then[0m
[35md:\Projects\_Pending\Ntfy_local\Source\JSONConfig.pas (250):     if (jsonValue is TJSONNumber) then[0m
[35md:\Projects\_Pending\Ntfy_local\Source\JSONConfig.pas (253):         Result := TJSONNumber(jsonValue).AsDouble;[0m
[35md:\Projects\_Pending\Ntfy_local\Source\JSONConfig.pas (257):           raise Exception.CreateFmt('TJSONConfig.GetFloat: Error converting JSON number to Float for Key: %s', [aKey]);[0m
[35md:\Projects\_Pending\Ntfy_local\Source\JSONConfig.pas (263):       raise Exception.CreateFmt('TJSONConfig.GetFloat: Value for Key "%s" is not a JSON Number.', [aKey]);[0m
[35md:\Projects\_Pending\Ntfy_local\Source\JSONConfig.pas (268): function TJSONConfig.GetBoolean(const aKey: string; const aDefault: Boolean): Boolean;[0m
[35md:\Projects\_Pending\Ntfy_local\Source\JSONConfig.pas (270):   jsonValue: TJsonValue;[0m
[35md:\Projects\_Pending\Ntfy_local\Source\JSONConfig.pas (272):   jsonValue := GetJsonValue(aKey);[0m
[35md:\Projects\_Pending\Ntfy_local\Source\JSONConfig.pas (273):   if Assigned(jsonValue) and (jsonValue is TJSONBool) then[0m
[35md:\Projects\_Pending\Ntfy_local\Source\JSONConfig.pas (274):     Result := TJSONBool(jsonValue).AsBoolean[0m
[35md:\Projects\_Pending\Ntfy_local\Source\JSONConfig.pas (279): function TJSONConfig.GetDateTime(const aKey: string; const aDefault: TDateTime): TDateTime;[0m
[35md:\Projects\_Pending\Ntfy_local\Source\JSONConfig.pas (281):   jsonValue: TJsonValue;[0m
[35md:\Projects\_Pending\Ntfy_local\Source\JSONConfig.pas (285):   jsonValue := GetJsonValue(aKey);[0m
[35md:\Projects\_Pending\Ntfy_local\Source\JSONConfig.pas (286):   if Assigned(jsonValue) then[0m
[35md:\Projects\_Pending\Ntfy_local\Source\JSONConfig.pas (288):     if (jsonValue is TJSONString) then[0m
[35md:\Projects\_Pending\Ntfy_local\Source\JSONConfig.pas (290):       datetimeStr := TJSONString(jsonValue).Value;[0m
[35md:\Projects\_Pending\Ntfy_local\Source\JSONConfig.pas (297):           raise Exception.CreateFmt('TJSONConfig.GetDateTime: Error parsing DateTime string for key %s', [aKey]);[0m
[35md:\Projects\_Pending\Ntfy_local\Source\JSONConfig.pas (303):       raise Exception.CreateFmt('TJSONConfig.GetDateTime: Value for Key "%s" is not a JSON String.', [aKey]);[0m
[35md:\Projects\_Pending\Ntfy_local\Source\JSONConfig.pas (308): function TJSONConfig.GetTime(const aKey: string; const aDefault: TTime): TTime;[0m
[35md:\Projects\_Pending\Ntfy_local\Source\JSONConfig.pas (310):   jsonValue: TJsonValue;[0m
[35md:\Projects\_Pending\Ntfy_local\Source\JSONConfig.pas (314):   jsonValue := GetJsonValue(aKey);[0m
[35md:\Projects\_Pending\Ntfy_local\Source\JSONConfig.pas (315):   if Assigned(jsonValue) then[0m
[35md:\Projects\_Pending\Ntfy_local\Source\JSONConfig.pas (317):     if (jsonValue is TJSONString) then[0m
[35md:\Projects\_Pending\Ntfy_local\Source\JSONConfig.pas (319):       timeStr := TJSONString(jsonValue).Value;[0m
[35md:\Projects\_Pending\Ntfy_local\Source\JSONConfig.pas (325):           raise Exception.CreateFmt('TJSONConfig.GetTime: Error parsing Time string for key %s', [aKey]);[0m
[35md:\Projects\_Pending\Ntfy_local\Source\JSONConfig.pas (331):       raise Exception.CreateFmt('TJSONConfig.GetTime: Value for Key "%s" is not a JSON String.', [aKey]);[0m
[35md:\Projects\_Pending\Ntfy_local\Source\JSONConfig.pas (336): function TJSONConfig.GetJSONArray(const aKey: string): TJSONArray;[0m
[35md:\Projects\_Pending\Ntfy_local\Source\JSONConfig.pas (338):   jsonValue: TJsonValue;[0m
[35md:\Projects\_Pending\Ntfy_local\Source\JSONConfig.pas (341):   jsonValue := GetJsonValue(aKey);[0m
[35md:\Projects\_Pending\Ntfy_local\Source\JSONConfig.pas (342):   if Assigned(jsonValue) and (jsonValue is TJSONArray) then[0m
[35md:\Projects\_Pending\Ntfy_local\Source\JSONConfig.pas (344):     Result := TJSONArray(jsonValue.Clone)[0m
[35md:\Projects\_Pending\Ntfy_local\Source\JSONConfig.pas (348): function TJSONConfig.GetValue: string;[0m
[35md:\Projects\_Pending\Ntfy_local\Source\JSONConfig.pas (350):   Result := fJSONObject.ToJSON;[0m
[35md:\Projects\_Pending\Ntfy_local\Source\JSONConfig.pas (353): procedure TJSONConfig.SetValue(const aValue: string);[0m
[35md:\Projects\_Pending\Ntfy_local\Source\JSONConfig.pas (355):   newJSONObject: TJSONObject;[0m
[35md:\Projects\_Pending\Ntfy_local\Source\JSONConfig.pas (356):   jsonValue: TJsonValue;[0m
[35md:\Projects\_Pending\Ntfy_local\Source\JSONConfig.pas (358):   jsonValue := nil; // Initialize to nil[0m
[35md:\Projects\_Pending\Ntfy_local\Source\JSONConfig.pas (360):     jsonValue := TJSONObject.ParseJsonValue(aValue); // Parse the input string[0m
[35md:\Projects\_Pending\Ntfy_local\Source\JSONConfig.pas (361):     if Assigned(jsonValue) and (jsonValue is TJSONObject) then[0m
[35md:\Projects\_Pending\Ntfy_local\Source\JSONConfig.pas (363):       newJSONObject := jsonValue as TJSONObject; // Cast to TJSONObject[0m
[35md:\Projects\_Pending\Ntfy_local\Source\JSONConfig.pas (364):       fJSONObject.Free; // Free the old object to prevent memory leaks[0m
[35md:\Projects\_Pending\Ntfy_local\Source\JSONConfig.pas (365):       fJSONObject := newJSONObject; // Assign the new object[0m
[35md:\Projects\_Pending\Ntfy_local\Source\JSONConfig.pas (369):       // If parsing fails or the root is not a JSON object, raise an exception[0m
[35md:\Projects\_Pending\Ntfy_local\Source\JSONConfig.pas (370):       raise Exception.Create('TJSONConfig.SetValue: Invalid JSON format or not a JSON Object.');[0m
[35md:\Projects\_Pending\Ntfy_local\Source\JSONConfig.pas (373):     // Ensure JSONValue is freed only if it's not the one assigned to fJSONObject[0m
[35md:\Projects\_Pending\Ntfy_local\Source\JSONConfig.pas (374):     if Assigned(jsonValue) and (jsonValue <> fJSONObject) then jsonValue.Free;[0m
[32mFOUND: d:\Projects\_Pending\Ntfy_local\Source\Main.pas[0m
[35md:\Projects\_Pending\Ntfy_local\Source\Main.pas (7):   System.SysUtils, System.Variants, System.Classes, System.IOUtils, System.JSON, System.DateUtils,[0m
[35md:\Projects\_Pending\Ntfy_local\Source\Main.pas (12):   NtfyClient, JSONConfig, NotifierSettings;[0m
[35md:\Projects\_Pending\Ntfy_local\Source\Main.pas (61):     FConfig: TJSONConfig;[0m
[35md:\Projects\_Pending\Ntfy_local\Source\Main.pas (96):   CONFIG_FILE = 'ntfy_settings.json';[0m
[35md:\Projects\_Pending\Ntfy_local\Source\Main.pas (105):   FConfig := TJSONConfig.Create;[0m
[32mFOUND: d:\Projects\_Pending\Ntfy_local\Source\MainReceive.pas[0m
[35md:\Projects\_Pending\Ntfy_local\Source\MainReceive.pas (7):   System.SysUtils, System.Variants, System.Classes, System.IOUtils, System.JSON, System.DateUtils,[0m
[35md:\Projects\_Pending\Ntfy_local\Source\MainReceive.pas (11):   NtfyClient, JSONConfig, NotifierSettings, NtfyEmoji, MessageDisplay,[0m
[35md:\Projects\_Pending\Ntfy_local\Source\MainReceive.pas (54):     FConfig: TJSONConfig;[0m
[35md:\Projects\_Pending\Ntfy_local\Source\MainReceive.pas (85):   CONFIG_FILE = 'NtfyConfig.json';[0m
[35md:\Projects\_Pending\Ntfy_local\Source\MainReceive.pas (94):   FConfig := TJSONConfig.Create;[0m
[32mFOUND: d:\Projects\_Pending\Ntfy_local\Source\MainSend.pas[0m
[35md:\Projects\_Pending\Ntfy_local\Source\MainSend.pas (7):   System.SysUtils, System.Variants, System.Classes, System.IOUtils, System.JSON, System.DateUtils,[0m
[35md:\Projects\_Pending\Ntfy_local\Source\MainSend.pas (10):   NtfyClient, JSONConfig, NotifierSettings;[0m
[35md:\Projects\_Pending\Ntfy_local\Source\MainSend.pas (51):     FConfig: TJSONConfig;[0m
[35md:\Projects\_Pending\Ntfy_local\Source\MainSend.pas (81):   CONFIG_FILE = 'NtfyConfig.json';[0m
[35md:\Projects\_Pending\Ntfy_local\Source\MainSend.pas (91):   FConfig := TJSONConfig.Create;[0m
[32mFOUND: d:\Projects\_Pending\Ntfy_local\Source\NotifierSettings.pas[0m
[35md:\Projects\_Pending\Ntfy_local\Source\NotifierSettings.pas (7):   System.SysUtils, System.Variants, System.Classes, System.JSON, Vcl.Graphics,[0m
[35md:\Projects\_Pending\Ntfy_local\Source\NotifierSettings.pas (12):   JSONConfig, NtfyClient;[0m
[35md:\Projects\_Pending\Ntfy_local\Source\NotifierSettings.pas (58):     procedure Read(aConfig: TJSONConfig);[0m
[35md:\Projects\_Pending\Ntfy_local\Source\NotifierSettings.pas (59):     procedure Write(aConfig: TJSONConfig);[0m
[35md:\Projects\_Pending\Ntfy_local\Source\NotifierSettings.pas (108):     FConfig: TJSONConfig;[0m
[35md:\Projects\_Pending\Ntfy_local\Source\NotifierSettings.pas (252): procedure TSettings.Read(aConfig: TJSONConfig);[0m
[35md:\Projects\_Pending\Ntfy_local\Source\NotifierSettings.pas (255):   tagsArray: TJSONArray;[0m
[35md:\Projects\_Pending\Ntfy_local\Source\NotifierSettings.pas (256):   attachmentHistoryArray: TJSONArray;[0m
[35md:\Projects\_Pending\Ntfy_local\Source\NotifierSettings.pas (277):   tagsArray := aConfig.GetJSONArray('TagsList');[0m
[35md:\Projects\_Pending\Ntfy_local\Source\NotifierSettings.pas (283):         if tagsArray.Items[I] is TJSONString then[0m
[35md:\Projects\_Pending\Ntfy_local\Source\NotifierSettings.pas (284):           FTagsList.Add(TJSONString(tagsArray.Items[I]).Value);[0m
[35md:\Projects\_Pending\Ntfy_local\Source\NotifierSettings.pas (292):   attachmentHistoryArray := aConfig.GetJSONArray('AttachmentHistory');[0m
[35md:\Projects\_Pending\Ntfy_local\Source\NotifierSettings.pas (298):         if attachmentHistoryArray.Items[I] is TJSONString then[0m
[35md:\Projects\_Pending\Ntfy_local\Source\NotifierSettings.pas (299):           FAttachmentHistory.Add(TJSONString(attachmentHistoryArray.Items[I]).Value);[0m
[35md:\Projects\_Pending\Ntfy_local\Source\NotifierSettings.pas (307): procedure TSettings.Write(aConfig: TJSONConfig);[0m
[35md:\Projects\_Pending\Ntfy_local\Source\NotifierSettings.pas (309):   tagsArray: TJSONArray;[0m
[35md:\Projects\_Pending\Ntfy_local\Source\NotifierSettings.pas (310):   attachmentHistoryArray: TJSONArray;[0m
[35md:\Projects\_Pending\Ntfy_local\Source\NotifierSettings.pas (331):   tagsArray := TJSONArray.Create;[0m
[35md:\Projects\_Pending\Ntfy_local\Source\NotifierSettings.pas (335):     aConfig.SetJSONArray('TagsList', tagsArray);[0m
[35md:\Projects\_Pending\Ntfy_local\Source\NotifierSettings.pas (340):   attachmentHistoryArray := TJSONArray.Create;[0m
[35md:\Projects\_Pending\Ntfy_local\Source\NotifierSettings.pas (344):     aConfig.SetJSONArray('AttachmentHistory', attachmentHistoryArray);[0m
[35md:\Projects\_Pending\Ntfy_local\Source\NotifierSettings.pas (355):   FConfig := TJSONConfig.Create;[0m
[32mFOUND: d:\Projects\_Pending\Ntfy_local\Source\NtfyClient.pas[0m
[35md:\Projects\_Pending\Ntfy_local\Source\NtfyClient.pas (6):   System.SysUtils, System.Classes, System.JSON, System.IOUtils,[0m
[35md:\Projects\_Pending\Ntfy_local\Source\NtfyClient.pas (214):   cJSON: TJSONValue;[0m
[35md:\Projects\_Pending\Ntfy_local\Source\NtfyClient.pas (228):   cTagsValue: TJSONValue;[0m
[35md:\Projects\_Pending\Ntfy_local\Source\NtfyClient.pas (229):   cAttachmentValue: TJSONValue;[0m
[35md:\Projects\_Pending\Ntfy_local\Source\NtfyClient.pas (230):   cAttachmentObject: TJSONObject;[0m
[35md:\Projects\_Pending\Ntfy_local\Source\NtfyClient.pas (231):   cTagsArray: TJSONArray;[0m
[35md:\Projects\_Pending\Ntfy_local\Source\NtfyClient.pas (239):     cRequest.Resource := FTopic + '/json';[0m
[35md:\Projects\_Pending\Ntfy_local\Source\NtfyClient.pas (261):             cJSON := TJSONObject.ParseJSONValue(cLine);[0m
[35md:\Projects\_Pending\Ntfy_local\Source\NtfyClient.pas (262):             if Assigned(cJSON) then[0m
[35md:\Projects\_Pending\Ntfy_local\Source\NtfyClient.pas (264):               if cJSON.TryGetValue<string>('event', cEvent) and (cEvent = cEventMessage) then[0m
[35md:\Projects\_Pending\Ntfy_local\Source\NtfyClient.pas (266):                 if not cJSON.TryGetValue<string>('id', cID) then[0m
[35md:\Projects\_Pending\Ntfy_local\Source\NtfyClient.pas (268):                 if not cJSON.TryGetValue<string>('message', cMessage) then[0m
[35md:\Projects\_Pending\Ntfy_local\Source\NtfyClient.pas (270):                 if not cJSON.TryGetValue<string>('title', cTitle) then[0m
[35md:\Projects\_Pending\Ntfy_local\Source\NtfyClient.pas (272):                 if not cJSON.TryGetValue<Int64>('time', cTime) then[0m
[35md:\Projects\_Pending\Ntfy_local\Source\NtfyClient.pas (277):                 if cJSON.TryGetValue<TJSONValue>('tags', cTagsValue) and (cTagsValue is TJSONArray) then[0m
[35md:\Projects\_Pending\Ntfy_local\Source\NtfyClient.pas (279):                   cTagsArray := TJSONArray(cTagsValue);[0m
[35md:\Projects\_Pending\Ntfy_local\Source\NtfyClient.pas (291):                 if not cJSON.TryGetValue<Integer>('priority', cPriority) then[0m
[35md:\Projects\_Pending\Ntfy_local\Source\NtfyClient.pas (293):                   if cJSON.TryGetValue<string>('priority', cPriorityText) then[0m
[35md:\Projects\_Pending\Ntfy_local\Source\NtfyClient.pas (303):                 if cJSON.TryGetValue<TJSONValue>('attachment', cAttachmentValue) and (cAttachmentValue is TJSONObject) then[0m
[35md:\Projects\_Pending\Ntfy_local\Source\NtfyClient.pas (305):                   cAttachmentObject := TJSONObject(cAttachmentValue);[0m
[35md:\Projects\_Pending\Ntfy_local\Source\NtfyClient.pas (319):               cJSON.Free;[0m
[32mFOUND: d:\Projects\_Pending\Ntfy_local\_Saved\NtfyClient-NET-method.pas[0m
[35md:\Projects\_Pending\Ntfy_local\_Saved\NtfyClient-NET-method.pas (6):   System.SysUtils, System.Classes, System.Net.HttpClient, System.Net.URLClient, System.JSON;[0m
[35md:\Projects\_Pending\Ntfy_local\_Saved\NtfyClient-NET-method.pas (128):   cJSON: TJSONValue;[0m
[35md:\Projects\_Pending\Ntfy_local\_Saved\NtfyClient-NET-method.pas (134):   cURL := FServerURL + '/' + FTopic + '/json?poll=1';[0m
[35md:\Projects\_Pending\Ntfy_local\_Saved\NtfyClient-NET-method.pas (147):         { The poll endpoint returns NDJSON (Newline Delimited JSON). [0m
[35md:\Projects\_Pending\Ntfy_local\_Saved\NtfyClient-NET-method.pas (148):           We split by line and parse each JSON object independently. }[0m
[35md:\Projects\_Pending\Ntfy_local\_Saved\NtfyClient-NET-method.pas (157):           cJSON := TJSONObject.ParseJSONValue(cLine);[0m
[35md:\Projects\_Pending\Ntfy_local\_Saved\NtfyClient-NET-method.pas (158):           if Assigned(cJSON) then[0m
[35md:\Projects\_Pending\Ntfy_local\_Saved\NtfyClient-NET-method.pas (161):             if cJSON.TryGetValue<string>('event', cEvent) and (cEvent = cEventMessage) then[0m
[35md:\Projects\_Pending\Ntfy_local\_Saved\NtfyClient-NET-method.pas (163):               cJSON.TryGetValue<string>('id', cID);[0m
[35md:\Projects\_Pending\Ntfy_local\_Saved\NtfyClient-NET-method.pas (164):               cJSON.TryGetValue<string>('message', cMessage);[0m
[35md:\Projects\_Pending\Ntfy_local\_Saved\NtfyClient-NET-method.pas (166):               if not cJSON.TryGetValue<string>('title', cTitle) then cTitle := '';[0m
[35md:\Projects\_Pending\Ntfy_local\_Saved\NtfyClient-NET-method.pas (167):               if not cJSON.TryGetValue<string>('tags', cTags) then cTags := '';[0m
[35md:\Projects\_Pending\Ntfy_local\_Saved\NtfyClient-NET-method.pas (168):               if not cJSON.TryGetValue<Int64>('time', cTime) then cTime := 0;[0m
[35md:\Projects\_Pending\Ntfy_local\_Saved\NtfyClient-NET-method.pas (177):             cJSON.Free;[0m
[32mFOUND: d:\Projects\_Pending\Ntfy_local - Copy\Source\JSONConfig.pas[0m
[35md:\Projects\_Pending\Ntfy_local - Copy\Source\JSONConfig.pas (1): unit JSONConfig;[0m
[35md:\Projects\_Pending\Ntfy_local - Copy\Source\JSONConfig.pas (9):   System.JSON, System.Generics.Collections;[0m
[35md:\Projects\_Pending\Ntfy_local - Copy\Source\JSONConfig.pas (12):   TJSONConfig = class[0m
[35md:\Projects\_Pending\Ntfy_local - Copy\Source\JSONConfig.pas (15):     fJSONObject: TJSONObject;[0m
[35md:\Projects\_Pending\Ntfy_local - Copy\Source\JSONConfig.pas (18):     function GetJsonValue(const aKey: string): TJsonValue;[0m
[35md:\Projects\_Pending\Ntfy_local - Copy\Source\JSONConfig.pas (42):     procedure SetJSONArray(const aKey: string; aValue: TJSONArray);[0m
[35md:\Projects\_Pending\Ntfy_local - Copy\Source\JSONConfig.pas (51):     function GetJSONArray(const aKey: string): TJSONArray;[0m
[35md:\Projects\_Pending\Ntfy_local - Copy\Source\JSONConfig.pas (59): { TJSONConfig }[0m
[35md:\Projects\_Pending\Ntfy_local - Copy\Source\JSONConfig.pas (61): constructor TJSONConfig.Create;[0m
[35md:\Projects\_Pending\Ntfy_local - Copy\Source\JSONConfig.pas (64):   fJSONObject := TJSONObject.Create;[0m
[35md:\Projects\_Pending\Ntfy_local - Copy\Source\JSONConfig.pas (68): destructor TJSONConfig.Destroy;[0m
[35md:\Projects\_Pending\Ntfy_local - Copy\Source\JSONConfig.pas (70):   fJSONObject.Free;[0m
[35md:\Projects\_Pending\Ntfy_local - Copy\Source\JSONConfig.pas (74): procedure TJSONConfig.Clear;[0m
[35md:\Projects\_Pending\Ntfy_local - Copy\Source\JSONConfig.pas (76):   fJSONObject.Free;[0m
[35md:\Projects\_Pending\Ntfy_local - Copy\Source\JSONConfig.pas (77):   fJSONObject := TJSONObject.Create;[0m
[35md:\Projects\_Pending\Ntfy_local - Copy\Source\JSONConfig.pas (80): function TJSONConfig.GetJsonValue(const aKey: string): TJsonValue;[0m
[35md:\Projects\_Pending\Ntfy_local - Copy\Source\JSONConfig.pas (82):   Result := fJSONObject.GetValue(aKey);[0m
[35md:\Projects\_Pending\Ntfy_local - Copy\Source\JSONConfig.pas (85): function TJSONConfig.LoadFromFile(const aFilePath: string; aCreateIfNotExists: Boolean = False): Boolean;[0m
[35md:\Projects\_Pending\Ntfy_local - Copy\Source\JSONConfig.pas (87):   jsonString: string;[0m
[35md:\Projects\_Pending\Ntfy_local - Copy\Source\JSONConfig.pas (88):   jsonValue: TJsonValue;[0m
[35md:\Projects\_Pending\Ntfy_local - Copy\Source\JSONConfig.pas (102):       raise Exception.CreateFmt('TJSONConfig.LoadFromFile: Configuration file not found: %s',[aFilePath]);[0m
[35md:\Projects\_Pending\Ntfy_local - Copy\Source\JSONConfig.pas (107):     jsonString := TFile.ReadAllText(aFilePath);[0m
[35md:\Projects\_Pending\Ntfy_local - Copy\Source\JSONConfig.pas (108):     jsonValue := TJSONObject.ParseJsonValue(jsonString);[0m
[35md:\Projects\_Pending\Ntfy_local - Copy\Source\JSONConfig.pas (110):       if Assigned(jsonValue) and (jsonValue is TJSONObject) then[0m
[35md:\Projects\_Pending\Ntfy_local - Copy\Source\JSONConfig.pas (112):         fJSONObject.Free; // Free existing object[0m
[35md:\Projects\_Pending\Ntfy_local - Copy\Source\JSONConfig.pas (113):         fJSONObject := jsonValue as TJSONObject; // Assign new object[0m
[35md:\Projects\_Pending\Ntfy_local - Copy\Source\JSONConfig.pas (118):         jsonValue.Free; // Free the non-object JSON value[0m
[35md:\Projects\_Pending\Ntfy_local - Copy\Source\JSONConfig.pas (119):         raise Exception.CreateFmt('TJSONConfig.LoadFromFile: Invalid JSON structure in file: %s',[aFilePath]);[0m
[35md:\Projects\_Pending\Ntfy_local - Copy\Source\JSONConfig.pas (124):         // Ensure jsonValue is freed if an error occurs during parsing or type checking[0m
[35md:\Projects\_Pending\Ntfy_local - Copy\Source\JSONConfig.pas (125):         if Assigned(jsonValue) then jsonValue.Free;[0m
[35md:\Projects\_Pending\Ntfy_local - Copy\Source\JSONConfig.pas (126):         raise Exception.CreateFmt('TJSONConfig.LoadFromFile: Error parsing JSON from file: %s',[aFilePath]);[0m
[35md:\Projects\_Pending\Ntfy_local - Copy\Source\JSONConfig.pas (132):       raise Exception.CreateFmt('TJSONConfig.LoadFromFile: Error reading config file: %s',[aFilePath]);[0m
[35md:\Projects\_Pending\Ntfy_local - Copy\Source\JSONConfig.pas (137): function TJSONConfig.SaveToFile(const aFilePath: string): Boolean;[0m
[35md:\Projects\_Pending\Ntfy_local - Copy\Source\JSONConfig.pas (143):     TFile.WriteAllText(aFilePath, fJSONObject.ToJSON);[0m
[35md:\Projects\_Pending\Ntfy_local - Copy\Source\JSONConfig.pas (148):       raise Exception.CreateFmt('TJSONConfig.SaveToFile: Error saving config file to: %s',[aFilePath]);[0m
[35md:\Projects\_Pending\Ntfy_local - Copy\Source\JSONConfig.pas (153): function TJSONConfig.HasKey(const aKey: string): Boolean;[0m
[35md:\Projects\_Pending\Ntfy_local - Copy\Source\JSONConfig.pas (155):   Result := GetJsonValue(aKey) <> nil;[0m
[35md:\Projects\_Pending\Ntfy_local - Copy\Source\JSONConfig.pas (158): procedure TJSONConfig.DeleteKey(const aKey: string);[0m
[35md:\Projects\_Pending\Ntfy_local - Copy\Source\JSONConfig.pas (160):   value: TJsonValue;[0m
[35md:\Projects\_Pending\Ntfy_local - Copy\Source\JSONConfig.pas (162):   value := GetJsonValue(aKey);[0m
[35md:\Projects\_Pending\Ntfy_local - Copy\Source\JSONConfig.pas (163):   if Assigned(value) then fJSONObject.RemovePair(aKey);[0m
[35md:\Projects\_Pending\Ntfy_local - Copy\Source\JSONConfig.pas (166): procedure TJSONConfig.SetString(const aKey, aValue: string);[0m
[35md:\Projects\_Pending\Ntfy_local - Copy\Source\JSONConfig.pas (168):   fJSONObject.AddPair(aKey, aValue);[0m
[35md:\Projects\_Pending\Ntfy_local - Copy\Source\JSONConfig.pas (171): procedure TJSONConfig.SetInteger(const aKey: string; aValue: Integer);[0m
[35md:\Projects\_Pending\Ntfy_local - Copy\Source\JSONConfig.pas (173):   fJSONObject.AddPair(aKey, TJSONNumber.Create(aValue));[0m
[35md:\Projects\_Pending\Ntfy_local - Copy\Source\JSONConfig.pas (176): procedure TJSONConfig.SetFloat(const aKey: string; aValue: Double);[0m
[35md:\Projects\_Pending\Ntfy_local - Copy\Source\JSONConfig.pas (178):   fJSONObject.AddPair(aKey, TJSONNumber.Create(aValue));[0m
[35md:\Projects\_Pending\Ntfy_local - Copy\Source\JSONConfig.pas (181): procedure TJSONConfig.SetBoolean(const aKey: string; aValue: Boolean);[0m
[35md:\Projects\_Pending\Ntfy_local - Copy\Source\JSONConfig.pas (183):   fJSONObject.AddPair(aKey, TJSONBool.Create(aValue));[0m
[35md:\Projects\_Pending\Ntfy_local - Copy\Source\JSONConfig.pas (186): procedure TJSONConfig.SetDateTime(const aKey: string; aValue: TDateTime);[0m
[35md:\Projects\_Pending\Ntfy_local - Copy\Source\JSONConfig.pas (190):   fJSONObject.AddPair(aKey, DateToISO8601(aValue));[0m
[35md:\Projects\_Pending\Ntfy_local - Copy\Source\JSONConfig.pas (193): procedure TJSONConfig.SetTime(const aKey: string; aValue: TTime);[0m
[35md:\Projects\_Pending\Ntfy_local - Copy\Source\JSONConfig.pas (195):   fJSONObject.AddPair(aKey, FormatDateTime('hh:nn', aValue));[0m
[35md:\Projects\_Pending\Ntfy_local - Copy\Source\JSONConfig.pas (198): procedure TJSONConfig.SetJSONArray(const aKey: string; aValue: TJSONArray);[0m
[35md:\Projects\_Pending\Ntfy_local - Copy\Source\JSONConfig.pas (202):   fJSONObject.AddPair(aKey, TJSONArray(aValue.Clone));[0m
[35md:\Projects\_Pending\Ntfy_local - Copy\Source\JSONConfig.pas (205): function TJSONConfig.GetString(const aKey: string; const aDefault: string): string;[0m
[35md:\Projects\_Pending\Ntfy_local - Copy\Source\JSONConfig.pas (207):   jsonValue: TJsonValue;[0m
[35md:\Projects\_Pending\Ntfy_local - Copy\Source\JSONConfig.pas (209):   jsonValue := GetJsonValue(aKey);[0m
[35md:\Projects\_Pending\Ntfy_local - Copy\Source\JSONConfig.pas (210):   if Assigned(jsonValue) and (jsonValue is TJSONString) then[0m
[35md:\Projects\_Pending\Ntfy_local - Copy\Source\JSONConfig.pas (211):     Result := TJSONString(jsonValue).Value[0m
[35md:\Projects\_Pending\Ntfy_local - Copy\Source\JSONConfig.pas (216): function TJSONConfig.GetInteger(const aKey: string; const aDefault: Integer): Integer;[0m
[35md:\Projects\_Pending\Ntfy_local - Copy\Source\JSONConfig.pas (218):   jsonValue: TJsonValue;[0m
[35md:\Projects\_Pending\Ntfy_local - Copy\Source\JSONConfig.pas (221):   jsonValue := GetJsonValue(aKey);[0m
[35md:\Projects\_Pending\Ntfy_local - Copy\Source\JSONConfig.pas (222):   if Assigned(jsonValue) then[0m
[35md:\Projects\_Pending\Ntfy_local - Copy\Source\JSONConfig.pas (224):     if (jsonValue is TJSONNumber) then[0m
[35md:\Projects\_Pending\Ntfy_local - Copy\Source\JSONConfig.pas (227):         Result := TJSONNumber(jsonValue).AsInt;[0m
[35md:\Projects\_Pending\Ntfy_local - Copy\Source\JSONConfig.pas (231):           raise Exception.CreateFmt('TJSONConfig.GetInteger: Error converting JSON number to Integer for Key: %s', [aKey]);[0m
[35md:\Projects\_Pending\Ntfy_local - Copy\Source\JSONConfig.pas (237):       raise Exception.CreateFmt('TJSONConfig.GetInteger: Value for Key "%s" is not a JSON Number.', [aKey]);[0m
[35md:\Projects\_Pending\Ntfy_local - Copy\Source\JSONConfig.pas (242): function TJSONConfig.GetFloat(const aKey: string; const aDefault: Double): Double;[0m
[35md:\Projects\_Pending\Ntfy_local - Copy\Source\JSONConfig.pas (244):   jsonValue: TJsonValue;[0m
[35md:\Projects\_Pending\Ntfy_local - Copy\Source\JSONConfig.pas (247):   jsonValue := GetJsonValue(aKey);[0m
[35md:\Projects\_Pending\Ntfy_local - Copy\Source\JSONConfig.pas (248):   if Assigned(jsonValue) then[0m
[35md:\Projects\_Pending\Ntfy_local - Copy\Source\JSONConfig.pas (250):     if (jsonValue is TJSONNumber) then[0m
[35md:\Projects\_Pending\Ntfy_local - Copy\Source\JSONConfig.pas (253):         Result := TJSONNumber(jsonValue).AsDouble;[0m
[35md:\Projects\_Pending\Ntfy_local - Copy\Source\JSONConfig.pas (257):           raise Exception.CreateFmt('TJSONConfig.GetFloat: Error converting JSON number to Float for Key: %s', [aKey]);[0m
[35md:\Projects\_Pending\Ntfy_local - Copy\Source\JSONConfig.pas (263):       raise Exception.CreateFmt('TJSONConfig.GetFloat: Value for Key "%s" is not a JSON Number.', [aKey]);[0m
[35md:\Projects\_Pending\Ntfy_local - Copy\Source\JSONConfig.pas (268): function TJSONConfig.GetBoolean(const aKey: string; const aDefault: Boolean): Boolean;[0m
[35md:\Projects\_Pending\Ntfy_local - Copy\Source\JSONConfig.pas (270):   jsonValue: TJsonValue;[0m
[35md:\Projects\_Pending\Ntfy_local - Copy\Source\JSONConfig.pas (272):   jsonValue := GetJsonValue(aKey);[0m
[35md:\Projects\_Pending\Ntfy_local - Copy\Source\JSONConfig.pas (273):   if Assigned(jsonValue) and (jsonValue is TJSONBool) then[0m
[35md:\Projects\_Pending\Ntfy_local - Copy\Source\JSONConfig.pas (274):     Result := TJSONBool(jsonValue).AsBoolean[0m
[35md:\Projects\_Pending\Ntfy_local - Copy\Source\JSONConfig.pas (279): function TJSONConfig.GetDateTime(const aKey: string; const aDefault: TDateTime): TDateTime;[0m
[35md:\Projects\_Pending\Ntfy_local - Copy\Source\JSONConfig.pas (281):   jsonValue: TJsonValue;[0m
[35md:\Projects\_Pending\Ntfy_local - Copy\Source\JSONConfig.pas (285):   jsonValue := GetJsonValue(aKey);[0m
[35md:\Projects\_Pending\Ntfy_local - Copy\Source\JSONConfig.pas (286):   if Assigned(jsonValue) then[0m
[35md:\Projects\_Pending\Ntfy_local - Copy\Source\JSONConfig.pas (288):     if (jsonValue is TJSONString) then[0m
[35md:\Projects\_Pending\Ntfy_local - Copy\Source\JSONConfig.pas (290):       datetimeStr := TJSONString(jsonValue).Value;[0m
[35md:\Projects\_Pending\Ntfy_local - Copy\Source\JSONConfig.pas (297):           raise Exception.CreateFmt('TJSONConfig.GetDateTime: Error parsing DateTime string for key %s', [aKey]);[0m
[35md:\Projects\_Pending\Ntfy_local - Copy\Source\JSONConfig.pas (303):       raise Exception.CreateFmt('TJSONConfig.GetDateTime: Value for Key "%s" is not a JSON String.', [aKey]);[0m
[35md:\Projects\_Pending\Ntfy_local - Copy\Source\JSONConfig.pas (308): function TJSONConfig.GetTime(const aKey: string; const aDefault: TTime): TTime;[0m
[35md:\Projects\_Pending\Ntfy_local - Copy\Source\JSONConfig.pas (310):   jsonValue: TJsonValue;[0m
[35md:\Projects\_Pending\Ntfy_local - Copy\Source\JSONConfig.pas (314):   jsonValue := GetJsonValue(aKey);[0m
[35md:\Projects\_Pending\Ntfy_local - Copy\Source\JSONConfig.pas (315):   if Assigned(jsonValue) then[0m
[35md:\Projects\_Pending\Ntfy_local - Copy\Source\JSONConfig.pas (317):     if (jsonValue is TJSONString) then[0m
[35md:\Projects\_Pending\Ntfy_local - Copy\Source\JSONConfig.pas (319):       timeStr := TJSONString(jsonValue).Value;[0m
[35md:\Projects\_Pending\Ntfy_local - Copy\Source\JSONConfig.pas (325):           raise Exception.CreateFmt('TJSONConfig.GetTime: Error parsing Time string for key %s', [aKey]);[0m
[35md:\Projects\_Pending\Ntfy_local - Copy\Source\JSONConfig.pas (331):       raise Exception.CreateFmt('TJSONConfig.GetTime: Value for Key "%s" is not a JSON String.', [aKey]);[0m
[35md:\Projects\_Pending\Ntfy_local - Copy\Source\JSONConfig.pas (336): function TJSONConfig.GetJSONArray(const aKey: string): TJSONArray;[0m
[35md:\Projects\_Pending\Ntfy_local - Copy\Source\JSONConfig.pas (338):   jsonValue: TJsonValue;[0m
[35md:\Projects\_Pending\Ntfy_local - Copy\Source\JSONConfig.pas (341):   jsonValue := GetJsonValue(aKey);[0m
[35md:\Projects\_Pending\Ntfy_local - Copy\Source\JSONConfig.pas (342):   if Assigned(jsonValue) and (jsonValue is TJSONArray) then[0m
[35md:\Projects\_Pending\Ntfy_local - Copy\Source\JSONConfig.pas (344):     Result := TJSONArray(jsonValue.Clone)[0m
[35md:\Projects\_Pending\Ntfy_local - Copy\Source\JSONConfig.pas (348): function TJSONConfig.GetValue: string;[0m
[35md:\Projects\_Pending\Ntfy_local - Copy\Source\JSONConfig.pas (350):   Result := fJSONObject.ToJSON;[0m
[35md:\Projects\_Pending\Ntfy_local - Copy\Source\JSONConfig.pas (353): procedure TJSONConfig.SetValue(const aValue: string);[0m
[35md:\Projects\_Pending\Ntfy_local - Copy\Source\JSONConfig.pas (355):   newJSONObject: TJSONObject;[0m
[35md:\Projects\_Pending\Ntfy_local - Copy\Source\JSONConfig.pas (356):   jsonValue: TJsonValue;[0m
[35md:\Projects\_Pending\Ntfy_local - Copy\Source\JSONConfig.pas (358):   jsonValue := nil; // Initialize to nil[0m
[35md:\Projects\_Pending\Ntfy_local - Copy\Source\JSONConfig.pas (360):     jsonValue := TJSONObject.ParseJsonValue(aValue); // Parse the input string[0m
[35md:\Projects\_Pending\Ntfy_local - Copy\Source\JSONConfig.pas (361):     if Assigned(jsonValue) and (jsonValue is TJSONObject) then[0m
[35md:\Projects\_Pending\Ntfy_local - Copy\Source\JSONConfig.pas (363):       newJSONObject := jsonValue as TJSONObject; // Cast to TJSONObject[0m
[35md:\Projects\_Pending\Ntfy_local - Copy\Source\JSONConfig.pas (364):       fJSONObject.Free; // Free the old object to prevent memory leaks[0m
[35md:\Projects\_Pending\Ntfy_local - Copy\Source\JSONConfig.pas (365):       fJSONObject := newJSONObject; // Assign the new object[0m
[35md:\Projects\_Pending\Ntfy_local - Copy\Source\JSONConfig.pas (369):       // If parsing fails or the root is not a JSON object, raise an exception[0m
[35md:\Projects\_Pending\Ntfy_local - Copy\Source\JSONConfig.pas (370):       raise Exception.Create('TJSONConfig.SetValue: Invalid JSON format or not a JSON Object.');[0m
[35md:\Projects\_Pending\Ntfy_local - Copy\Source\JSONConfig.pas (373):     // Ensure JSONValue is freed only if it's not the one assigned to fJSONObject[0m
[35md:\Projects\_Pending\Ntfy_local - Copy\Source\JSONConfig.pas (374):     if Assigned(jsonValue) and (jsonValue <> fJSONObject) then jsonValue.Free;[0m
[32mFOUND: d:\Projects\_Pending\Ntfy_local - Copy\Source\Main.pas[0m
[35md:\Projects\_Pending\Ntfy_local - Copy\Source\Main.pas (7):   System.SysUtils, System.Variants, System.Classes, System.IOUtils, System.JSON, System.DateUtils,[0m
[35md:\Projects\_Pending\Ntfy_local - Copy\Source\Main.pas (12):   NtfyClient, JSONConfig, NotifierSettings;[0m
[35md:\Projects\_Pending\Ntfy_local - Copy\Source\Main.pas (61):     FConfig: TJSONConfig;[0m
[35md:\Projects\_Pending\Ntfy_local - Copy\Source\Main.pas (94):   CONFIG_FILE = 'ntfy_settings.json';[0m
[35md:\Projects\_Pending\Ntfy_local - Copy\Source\Main.pas (103):   FConfig := TJSONConfig.Create;[0m
[32mFOUND: d:\Projects\_Pending\Ntfy_local - Copy\Source\MainReceive.pas[0m
[35md:\Projects\_Pending\Ntfy_local - Copy\Source\MainReceive.pas (7):   System.SysUtils, System.Variants, System.Classes, System.IOUtils, System.JSON, System.DateUtils,[0m
[35md:\Projects\_Pending\Ntfy_local - Copy\Source\MainReceive.pas (11):   NtfyClient, JSONConfig, NotifierSettings, NtfyEmoji;[0m
[35md:\Projects\_Pending\Ntfy_local - Copy\Source\MainReceive.pas (56):     FConfig: TJSONConfig;[0m
[35md:\Projects\_Pending\Ntfy_local - Copy\Source\MainReceive.pas (85):   CONFIG_FILE = 'NtfyConfig.json';[0m
[35md:\Projects\_Pending\Ntfy_local - Copy\Source\MainReceive.pas (94):   FConfig := TJSONConfig.Create;[0m
[32mFOUND: d:\Projects\_Pending\Ntfy_local - Copy\Source\MainSend.pas[0m
[35md:\Projects\_Pending\Ntfy_local - Copy\Source\MainSend.pas (7):   System.SysUtils, System.Variants, System.Classes, System.IOUtils, System.JSON, System.DateUtils,[0m
[35md:\Projects\_Pending\Ntfy_local - Copy\Source\MainSend.pas (10):   NtfyClient, JSONConfig, NotifierSettings;[0m
[35md:\Projects\_Pending\Ntfy_local - Copy\Source\MainSend.pas (46):     FConfig: TJSONConfig;[0m
[35md:\Projects\_Pending\Ntfy_local - Copy\Source\MainSend.pas (72):   CONFIG_FILE = 'NtfyConfig.json';[0m
[35md:\Projects\_Pending\Ntfy_local - Copy\Source\MainSend.pas (81):   FConfig := TJSONConfig.Create;[0m
[32mFOUND: d:\Projects\_Pending\Ntfy_local - Copy\Source\NotifierSettings.pas[0m
[35md:\Projects\_Pending\Ntfy_local - Copy\Source\NotifierSettings.pas (7):   System.SysUtils, System.Variants, System.Classes, System.JSON, Vcl.Graphics,[0m
[35md:\Projects\_Pending\Ntfy_local - Copy\Source\NotifierSettings.pas (10):   JSONConfig, NtfyClient;[0m
[35md:\Projects\_Pending\Ntfy_local - Copy\Source\NotifierSettings.pas (51):     procedure Read(aConfig: TJSONConfig);[0m
[35md:\Projects\_Pending\Ntfy_local - Copy\Source\NotifierSettings.pas (52):     procedure Write(aConfig: TJSONConfig);[0m
[35md:\Projects\_Pending\Ntfy_local - Copy\Source\NotifierSettings.pas (98):     FConfig: TJSONConfig;[0m
[35md:\Projects\_Pending\Ntfy_local - Copy\Source\NotifierSettings.pas (222): procedure TSettings.Read(aConfig: TJSONConfig);[0m
[35md:\Projects\_Pending\Ntfy_local - Copy\Source\NotifierSettings.pas (225):   tagsArray: TJSONArray;[0m
[35md:\Projects\_Pending\Ntfy_local - Copy\Source\NotifierSettings.pas (244):   tagsArray := aConfig.GetJSONArray('TagsList');[0m
[35md:\Projects\_Pending\Ntfy_local - Copy\Source\NotifierSettings.pas (250):         if tagsArray.Items[I] is TJSONString then[0m
[35md:\Projects\_Pending\Ntfy_local - Copy\Source\NotifierSettings.pas (251):           FTagsList.Add(TJSONString(tagsArray.Items[I]).Value);[0m
[35md:\Projects\_Pending\Ntfy_local - Copy\Source\NotifierSettings.pas (259): procedure TSettings.Write(aConfig: TJSONConfig);[0m
[35md:\Projects\_Pending\Ntfy_local - Copy\Source\NotifierSettings.pas (261):   tagsArray: TJSONArray;[0m
[35md:\Projects\_Pending\Ntfy_local - Copy\Source\NotifierSettings.pas (280):   tagsArray := TJSONArray.Create;[0m
[35md:\Projects\_Pending\Ntfy_local - Copy\Source\NotifierSettings.pas (284):     aConfig.SetJSONArray('TagsList', tagsArray);[0m
[35md:\Projects\_Pending\Ntfy_local - Copy\Source\NotifierSettings.pas (295):   FConfig := TJSONConfig.Create;[0m
[32mFOUND: d:\Projects\_Pending\Ntfy_local - Copy\Source\NtfyClient.pas[0m
[35md:\Projects\_Pending\Ntfy_local - Copy\Source\NtfyClient.pas (6):   System.SysUtils, System.Classes, System.JSON, REST.Client, REST.Types;[0m
[35md:\Projects\_Pending\Ntfy_local - Copy\Source\NtfyClient.pas (123):   cJSON: TJSONValue;[0m
[35md:\Projects\_Pending\Ntfy_local - Copy\Source\NtfyClient.pas (134):     cRequest.Resource := FTopic + '/json';[0m
[35md:\Projects\_Pending\Ntfy_local - Copy\Source\NtfyClient.pas (149):           { Parse the NDJSON response by splitting it into lines }[0m
[35md:\Projects\_Pending\Ntfy_local - Copy\Source\NtfyClient.pas (158):             cJSON := TJSONObject.ParseJSONValue(cLine);[0m
[35md:\Projects\_Pending\Ntfy_local - Copy\Source\NtfyClient.pas (159):             if Assigned(cJSON) then[0m
[35md:\Projects\_Pending\Ntfy_local - Copy\Source\NtfyClient.pas (162):               if cJSON.TryGetValue<string>('event', cEvent) and (cEvent = cEventMessage) then[0m
[35md:\Projects\_Pending\Ntfy_local - Copy\Source\NtfyClient.pas (164):                 cJSON.TryGetValue<string>('id', cID);[0m
[35md:\Projects\_Pending\Ntfy_local - Copy\Source\NtfyClient.pas (165):                 cJSON.TryGetValue<string>('message', cMessage);[0m
[35md:\Projects\_Pending\Ntfy_local - Copy\Source\NtfyClient.pas (167):                 if not cJSON.TryGetValue<string>('title', cTitle) then cTitle := '';[0m
[35md:\Projects\_Pending\Ntfy_local - Copy\Source\NtfyClient.pas (169):                 { tags is a JSON array - join the items into a comma-separated string }[0m
[35md:\Projects\_Pending\Ntfy_local - Copy\Source\NtfyClient.pas (171):                 var tagsVal: TJSONValue;[0m
[35md:\Projects\_Pending\Ntfy_local - Copy\Source\NtfyClient.pas (172):                 if cJSON.TryGetValue<TJSONValue>('tags', tagsVal) and (tagsVal is TJSONArray) then[0m
[35md:\Projects\_Pending\Ntfy_local - Copy\Source\NtfyClient.pas (174):                   var tagsArr := TJSONArray(tagsVal);[0m
[35md:\Projects\_Pending\Ntfy_local - Copy\Source\NtfyClient.pas (185):                 if not cJSON.TryGetValue<Int64>('time', cTime) then cTime := 0;[0m
[35md:\Projects\_Pending\Ntfy_local - Copy\Source\NtfyClient.pas (193):               cJSON.Free;[0m
[32mFOUND: d:\Projects\_Pending\Ntfy_local - Copy\_Saved\NtfyClient-NET-method.pas[0m
[35md:\Projects\_Pending\Ntfy_local - Copy\_Saved\NtfyClient-NET-method.pas (6):   System.SysUtils, System.Classes, System.Net.HttpClient, System.Net.URLClient, System.JSON;[0m
[35md:\Projects\_Pending\Ntfy_local - Copy\_Saved\NtfyClient-NET-method.pas (128):   cJSON: TJSONValue;[0m
[35md:\Projects\_Pending\Ntfy_local - Copy\_Saved\NtfyClient-NET-method.pas (134):   cURL := FServerURL + '/' + FTopic + '/json?poll=1';[0m
[35md:\Projects\_Pending\Ntfy_local - Copy\_Saved\NtfyClient-NET-method.pas (147):         { The poll endpoint returns NDJSON (Newline Delimited JSON). [0m
[35md:\Projects\_Pending\Ntfy_local - Copy\_Saved\NtfyClient-NET-method.pas (148):           We split by line and parse each JSON object independently. }[0m
[35md:\Projects\_Pending\Ntfy_local - Copy\_Saved\NtfyClient-NET-method.pas (157):           cJSON := TJSONObject.ParseJSONValue(cLine);[0m
[35md:\Projects\_Pending\Ntfy_local - Copy\_Saved\NtfyClient-NET-method.pas (158):           if Assigned(cJSON) then[0m
[35md:\Projects\_Pending\Ntfy_local - Copy\_Saved\NtfyClient-NET-method.pas (161):             if cJSON.TryGetValue<string>('event', cEvent) and (cEvent = cEventMessage) then[0m
[35md:\Projects\_Pending\Ntfy_local - Copy\_Saved\NtfyClient-NET-method.pas (163):               cJSON.TryGetValue<string>('id', cID);[0m
[35md:\Projects\_Pending\Ntfy_local - Copy\_Saved\NtfyClient-NET-method.pas (164):               cJSON.TryGetValue<string>('message', cMessage);[0m
[35md:\Projects\_Pending\Ntfy_local - Copy\_Saved\NtfyClient-NET-method.pas (166):               if not cJSON.TryGetValue<string>('title', cTitle) then cTitle := '';[0m
[35md:\Projects\_Pending\Ntfy_local - Copy\_Saved\NtfyClient-NET-method.pas (167):               if not cJSON.TryGetValue<string>('tags', cTags) then cTags := '';[0m
[35md:\Projects\_Pending\Ntfy_local - Copy\_Saved\NtfyClient-NET-method.pas (168):               if not cJSON.TryGetValue<Int64>('time', cTime) then cTime := 0;[0m
[35md:\Projects\_Pending\Ntfy_local - Copy\_Saved\NtfyClient-NET-method.pas (177):             cJSON.Free;[0m
[32mFOUND: d:\Projects\_Pending\Ntfy_local - Copy (2)\Source\JSONConfig.pas[0m
[35md:\Projects\_Pending\Ntfy_local - Copy (2)\Source\JSONConfig.pas (1): unit JSONConfig;[0m
[35md:\Projects\_Pending\Ntfy_local - Copy (2)\Source\JSONConfig.pas (9):   System.JSON, System.Generics.Collections;[0m
[35md:\Projects\_Pending\Ntfy_local - Copy (2)\Source\JSONConfig.pas (12):   TJSONConfig = class[0m
[35md:\Projects\_Pending\Ntfy_local - Copy (2)\Source\JSONConfig.pas (15):     fJSONObject: TJSONObject;[0m
[35md:\Projects\_Pending\Ntfy_local - Copy (2)\Source\JSONConfig.pas (18):     function GetJsonValue(const aKey: string): TJsonValue;[0m
[35md:\Projects\_Pending\Ntfy_local - Copy (2)\Source\JSONConfig.pas (42):     procedure SetJSONArray(const aKey: string; aValue: TJSONArray);[0m
[35md:\Projects\_Pending\Ntfy_local - Copy (2)\Source\JSONConfig.pas (51):     function GetJSONArray(const aKey: string): TJSONArray;[0m
[35md:\Projects\_Pending\Ntfy_local - Copy (2)\Source\JSONConfig.pas (59): { TJSONConfig }[0m
[35md:\Projects\_Pending\Ntfy_local - Copy (2)\Source\JSONConfig.pas (61): constructor TJSONConfig.Create;[0m
[35md:\Projects\_Pending\Ntfy_local - Copy (2)\Source\JSONConfig.pas (64):   fJSONObject := TJSONObject.Create;[0m
[35md:\Projects\_Pending\Ntfy_local - Copy (2)\Source\JSONConfig.pas (68): destructor TJSONConfig.Destroy;[0m
[35md:\Projects\_Pending\Ntfy_local - Copy (2)\Source\JSONConfig.pas (70):   fJSONObject.Free;[0m
[35md:\Projects\_Pending\Ntfy_local - Copy (2)\Source\JSONConfig.pas (74): procedure TJSONConfig.Clear;[0m
[35md:\Projects\_Pending\Ntfy_local - Copy (2)\Source\JSONConfig.pas (76):   fJSONObject.Free;[0m
[35md:\Projects\_Pending\Ntfy_local - Copy (2)\Source\JSONConfig.pas (77):   fJSONObject := TJSONObject.Create;[0m
[35md:\Projects\_Pending\Ntfy_local - Copy (2)\Source\JSONConfig.pas (80): function TJSONConfig.GetJsonValue(const aKey: string): TJsonValue;[0m
[35md:\Projects\_Pending\Ntfy_local - Copy (2)\Source\JSONConfig.pas (82):   Result := fJSONObject.GetValue(aKey);[0m
[35md:\Projects\_Pending\Ntfy_local - Copy (2)\Source\JSONConfig.pas (85): function TJSONConfig.LoadFromFile(const aFilePath: string; aCreateIfNotExists: Boolean = False): Boolean;[0m
[35md:\Projects\_Pending\Ntfy_local - Copy (2)\Source\JSONConfig.pas (87):   jsonString: string;[0m
[35md:\Projects\_Pending\Ntfy_local - Copy (2)\Source\JSONConfig.pas (88):   jsonValue: TJsonValue;[0m
[35md:\Projects\_Pending\Ntfy_local - Copy (2)\Source\JSONConfig.pas (102):       raise Exception.CreateFmt('TJSONConfig.LoadFromFile: Configuration file not found: %s',[aFilePath]);[0m
[35md:\Projects\_Pending\Ntfy_local - Copy (2)\Source\JSONConfig.pas (107):     jsonString := TFile.ReadAllText(aFilePath);[0m
[35md:\Projects\_Pending\Ntfy_local - Copy (2)\Source\JSONConfig.pas (108):     jsonValue := TJSONObject.ParseJsonValue(jsonString);[0m
[35md:\Projects\_Pending\Ntfy_local - Copy (2)\Source\JSONConfig.pas (110):       if Assigned(jsonValue) and (jsonValue is TJSONObject) then[0m
[35md:\Projects\_Pending\Ntfy_local - Copy (2)\Source\JSONConfig.pas (112):         fJSONObject.Free; // Free existing object[0m
[35md:\Projects\_Pending\Ntfy_local - Copy (2)\Source\JSONConfig.pas (113):         fJSONObject := jsonValue as TJSONObject; // Assign new object[0m
[35md:\Projects\_Pending\Ntfy_local - Copy (2)\Source\JSONConfig.pas (118):         jsonValue.Free; // Free the non-object JSON value[0m
[35md:\Projects\_Pending\Ntfy_local - Copy (2)\Source\JSONConfig.pas (119):         raise Exception.CreateFmt('TJSONConfig.LoadFromFile: Invalid JSON structure in file: %s',[aFilePath]);[0m
[35md:\Projects\_Pending\Ntfy_local - Copy (2)\Source\JSONConfig.pas (124):         // Ensure jsonValue is freed if an error occurs during parsing or type checking[0m
[35md:\Projects\_Pending\Ntfy_local - Copy (2)\Source\JSONConfig.pas (125):         if Assigned(jsonValue) then jsonValue.Free;[0m
[35md:\Projects\_Pending\Ntfy_local - Copy (2)\Source\JSONConfig.pas (126):         raise Exception.CreateFmt('TJSONConfig.LoadFromFile: Error parsing JSON from file: %s',[aFilePath]);[0m
[35md:\Projects\_Pending\Ntfy_local - Copy (2)\Source\JSONConfig.pas (132):       raise Exception.CreateFmt('TJSONConfig.LoadFromFile: Error reading config file: %s',[aFilePath]);[0m
[35md:\Projects\_Pending\Ntfy_local - Copy (2)\Source\JSONConfig.pas (137): function TJSONConfig.SaveToFile(const aFilePath: string): Boolean;[0m
[35md:\Projects\_Pending\Ntfy_local - Copy (2)\Source\JSONConfig.pas (143):     TFile.WriteAllText(aFilePath, fJSONObject.ToJSON);[0m
[35md:\Projects\_Pending\Ntfy_local - Copy (2)\Source\JSONConfig.pas (148):       raise Exception.CreateFmt('TJSONConfig.SaveToFile: Error saving config file to: %s',[aFilePath]);[0m
[35md:\Projects\_Pending\Ntfy_local - Copy (2)\Source\JSONConfig.pas (153): function TJSONConfig.HasKey(const aKey: string): Boolean;[0m
[35md:\Projects\_Pending\Ntfy_local - Copy (2)\Source\JSONConfig.pas (155):   Result := GetJsonValue(aKey) <> nil;[0m
[35md:\Projects\_Pending\Ntfy_local - Copy (2)\Source\JSONConfig.pas (158): procedure TJSONConfig.DeleteKey(const aKey: string);[0m
[35md:\Projects\_Pending\Ntfy_local - Copy (2)\Source\JSONConfig.pas (160):   value: TJsonValue;[0m
[35md:\Projects\_Pending\Ntfy_local - Copy (2)\Source\JSONConfig.pas (162):   value := GetJsonValue(aKey);[0m
[35md:\Projects\_Pending\Ntfy_local - Copy (2)\Source\JSONConfig.pas (163):   if Assigned(value) then fJSONObject.RemovePair(aKey);[0m
[35md:\Projects\_Pending\Ntfy_local - Copy (2)\Source\JSONConfig.pas (166): procedure TJSONConfig.SetString(const aKey, aValue: string);[0m
[35md:\Projects\_Pending\Ntfy_local - Copy (2)\Source\JSONConfig.pas (168):   fJSONObject.AddPair(aKey, aValue);[0m
[35md:\Projects\_Pending\Ntfy_local - Copy (2)\Source\JSONConfig.pas (171): procedure TJSONConfig.SetInteger(const aKey: string; aValue: Integer);[0m
[35md:\Projects\_Pending\Ntfy_local - Copy (2)\Source\JSONConfig.pas (173):   fJSONObject.AddPair(aKey, TJSONNumber.Create(aValue));[0m
[35md:\Projects\_Pending\Ntfy_local - Copy (2)\Source\JSONConfig.pas (176): procedure TJSONConfig.SetFloat(const aKey: string; aValue: Double);[0m
[35md:\Projects\_Pending\Ntfy_local - Copy (2)\Source\JSONConfig.pas (178):   fJSONObject.AddPair(aKey, TJSONNumber.Create(aValue));[0m
[35md:\Projects\_Pending\Ntfy_local - Copy (2)\Source\JSONConfig.pas (181): procedure TJSONConfig.SetBoolean(const aKey: string; aValue: Boolean);[0m
[35md:\Projects\_Pending\Ntfy_local - Copy (2)\Source\JSONConfig.pas (183):   fJSONObject.AddPair(aKey, TJSONBool.Create(aValue));[0m
[35md:\Projects\_Pending\Ntfy_local - Copy (2)\Source\JSONConfig.pas (186): procedure TJSONConfig.SetDateTime(const aKey: string; aValue: TDateTime);[0m
[35md:\Projects\_Pending\Ntfy_local - Copy (2)\Source\JSONConfig.pas (190):   fJSONObject.AddPair(aKey, DateToISO8601(aValue));[0m
[35md:\Projects\_Pending\Ntfy_local - Copy (2)\Source\JSONConfig.pas (193): procedure TJSONConfig.SetTime(const aKey: string; aValue: TTime);[0m
[35md:\Projects\_Pending\Ntfy_local - Copy (2)\Source\JSONConfig.pas (195):   fJSONObject.AddPair(aKey, FormatDateTime('hh:nn', aValue));[0m
[35md:\Projects\_Pending\Ntfy_local - Copy (2)\Source\JSONConfig.pas (198): procedure TJSONConfig.SetJSONArray(const aKey: string; aValue: TJSONArray);[0m
[35md:\Projects\_Pending\Ntfy_local - Copy (2)\Source\JSONConfig.pas (202):   fJSONObject.AddPair(aKey, TJSONArray(aValue.Clone));[0m
[35md:\Projects\_Pending\Ntfy_local - Copy (2)\Source\JSONConfig.pas (205): function TJSONConfig.GetString(const aKey: string; const aDefault: string): string;[0m
[35md:\Projects\_Pending\Ntfy_local - Copy (2)\Source\JSONConfig.pas (207):   jsonValue: TJsonValue;[0m
[35md:\Projects\_Pending\Ntfy_local - Copy (2)\Source\JSONConfig.pas (209):   jsonValue := GetJsonValue(aKey);[0m
[35md:\Projects\_Pending\Ntfy_local - Copy (2)\Source\JSONConfig.pas (210):   if Assigned(jsonValue) and (jsonValue is TJSONString) then[0m
[35md:\Projects\_Pending\Ntfy_local - Copy (2)\Source\JSONConfig.pas (211):     Result := TJSONString(jsonValue).Value[0m
[35md:\Projects\_Pending\Ntfy_local - Copy (2)\Source\JSONConfig.pas (216): function TJSONConfig.GetInteger(const aKey: string; const aDefault: Integer): Integer;[0m
[35md:\Projects\_Pending\Ntfy_local - Copy (2)\Source\JSONConfig.pas (218):   jsonValue: TJsonValue;[0m
[35md:\Projects\_Pending\Ntfy_local - Copy (2)\Source\JSONConfig.pas (221):   jsonValue := GetJsonValue(aKey);[0m
[35md:\Projects\_Pending\Ntfy_local - Copy (2)\Source\JSONConfig.pas (222):   if Assigned(jsonValue) then[0m
[35md:\Projects\_Pending\Ntfy_local - Copy (2)\Source\JSONConfig.pas (224):     if (jsonValue is TJSONNumber) then[0m
[35md:\Projects\_Pending\Ntfy_local - Copy (2)\Source\JSONConfig.pas (227):         Result := TJSONNumber(jsonValue).AsInt;[0m
[35md:\Projects\_Pending\Ntfy_local - Copy (2)\Source\JSONConfig.pas (231):           raise Exception.CreateFmt('TJSONConfig.GetInteger: Error converting JSON number to Integer for Key: %s', [aKey]);[0m
[35md:\Projects\_Pending\Ntfy_local - Copy (2)\Source\JSONConfig.pas (237):       raise Exception.CreateFmt('TJSONConfig.GetInteger: Value for Key "%s" is not a JSON Number.', [aKey]);[0m
[35md:\Projects\_Pending\Ntfy_local - Copy (2)\Source\JSONConfig.pas (242): function TJSONConfig.GetFloat(const aKey: string; const aDefault: Double): Double;[0m
[35md:\Projects\_Pending\Ntfy_local - Copy (2)\Source\JSONConfig.pas (244):   jsonValue: TJsonValue;[0m
[35md:\Projects\_Pending\Ntfy_local - Copy (2)\Source\JSONConfig.pas (247):   jsonValue := GetJsonValue(aKey);[0m
[35md:\Projects\_Pending\Ntfy_local - Copy (2)\Source\JSONConfig.pas (248):   if Assigned(jsonValue) then[0m
[35md:\Projects\_Pending\Ntfy_local - Copy (2)\Source\JSONConfig.pas (250):     if (jsonValue is TJSONNumber) then[0m
[35md:\Projects\_Pending\Ntfy_local - Copy (2)\Source\JSONConfig.pas (253):         Result := TJSONNumber(jsonValue).AsDouble;[0m
[35md:\Projects\_Pending\Ntfy_local - Copy (2)\Source\JSONConfig.pas (257):           raise Exception.CreateFmt('TJSONConfig.GetFloat: Error converting JSON number to Float for Key: %s', [aKey]);[0m
[35md:\Projects\_Pending\Ntfy_local - Copy (2)\Source\JSONConfig.pas (263):       raise Exception.CreateFmt('TJSONConfig.GetFloat: Value for Key "%s" is not a JSON Number.', [aKey]);[0m
[35md:\Projects\_Pending\Ntfy_local - Copy (2)\Source\JSONConfig.pas (268): function TJSONConfig.GetBoolean(const aKey: string; const aDefault: Boolean): Boolean;[0m
[35md:\Projects\_Pending\Ntfy_local - Copy (2)\Source\JSONConfig.pas (270):   jsonValue: TJsonValue;[0m
[35md:\Projects\_Pending\Ntfy_local - Copy (2)\Source\JSONConfig.pas (272):   jsonValue := GetJsonValue(aKey);[0m
[35md:\Projects\_Pending\Ntfy_local - Copy (2)\Source\JSONConfig.pas (273):   if Assigned(jsonValue) and (jsonValue is TJSONBool) then[0m
[35md:\Projects\_Pending\Ntfy_local - Copy (2)\Source\JSONConfig.pas (274):     Result := TJSONBool(jsonValue).AsBoolean[0m
[35md:\Projects\_Pending\Ntfy_local - Copy (2)\Source\JSONConfig.pas (279): function TJSONConfig.GetDateTime(const aKey: string; const aDefault: TDateTime): TDateTime;[0m
[35md:\Projects\_Pending\Ntfy_local - Copy (2)\Source\JSONConfig.pas (281):   jsonValue: TJsonValue;[0m
[35md:\Projects\_Pending\Ntfy_local - Copy (2)\Source\JSONConfig.pas (285):   jsonValue := GetJsonValue(aKey);[0m
[35md:\Projects\_Pending\Ntfy_local - Copy (2)\Source\JSONConfig.pas (286):   if Assigned(jsonValue) then[0m
[35md:\Projects\_Pending\Ntfy_local - Copy (2)\Source\JSONConfig.pas (288):     if (jsonValue is TJSONString) then[0m
[35md:\Projects\_Pending\Ntfy_local - Copy (2)\Source\JSONConfig.pas (290):       datetimeStr := TJSONString(jsonValue).Value;[0m
[35md:\Projects\_Pending\Ntfy_local - Copy (2)\Source\JSONConfig.pas (297):           raise Exception.CreateFmt('TJSONConfig.GetDateTime: Error parsing DateTime string for key %s', [aKey]);[0m
[35md:\Projects\_Pending\Ntfy_local - Copy (2)\Source\JSONConfig.pas (303):       raise Exception.CreateFmt('TJSONConfig.GetDateTime: Value for Key "%s" is not a JSON String.', [aKey]);[0m
[35md:\Projects\_Pending\Ntfy_local - Copy (2)\Source\JSONConfig.pas (308): function TJSONConfig.GetTime(const aKey: string; const aDefault: TTime): TTime;[0m
[35md:\Projects\_Pending\Ntfy_local - Copy (2)\Source\JSONConfig.pas (310):   jsonValue: TJsonValue;[0m
[35md:\Projects\_Pending\Ntfy_local - Copy (2)\Source\JSONConfig.pas (314):   jsonValue := GetJsonValue(aKey);[0m
[35md:\Projects\_Pending\Ntfy_local - Copy (2)\Source\JSONConfig.pas (315):   if Assigned(jsonValue) then[0m
[35md:\Projects\_Pending\Ntfy_local - Copy (2)\Source\JSONConfig.pas (317):     if (jsonValue is TJSONString) then[0m
[35md:\Projects\_Pending\Ntfy_local - Copy (2)\Source\JSONConfig.pas (319):       timeStr := TJSONString(jsonValue).Value;[0m
[35md:\Projects\_Pending\Ntfy_local - Copy (2)\Source\JSONConfig.pas (325):           raise Exception.CreateFmt('TJSONConfig.GetTime: Error parsing Time string for key %s', [aKey]);[0m
[35md:\Projects\_Pending\Ntfy_local - Copy (2)\Source\JSONConfig.pas (331):       raise Exception.CreateFmt('TJSONConfig.GetTime: Value for Key "%s" is not a JSON String.', [aKey]);[0m
[35md:\Projects\_Pending\Ntfy_local - Copy (2)\Source\JSONConfig.pas (336): function TJSONConfig.GetJSONArray(const aKey: string): TJSONArray;[0m
[35md:\Projects\_Pending\Ntfy_local - Copy (2)\Source\JSONConfig.pas (338):   jsonValue: TJsonValue;[0m
[35md:\Projects\_Pending\Ntfy_local - Copy (2)\Source\JSONConfig.pas (341):   jsonValue := GetJsonValue(aKey);[0m
[35md:\Projects\_Pending\Ntfy_local - Copy (2)\Source\JSONConfig.pas (342):   if Assigned(jsonValue) and (jsonValue is TJSONArray) then[0m
[35md:\Projects\_Pending\Ntfy_local - Copy (2)\Source\JSONConfig.pas (344):     Result := TJSONArray(jsonValue.Clone)[0m
[35md:\Projects\_Pending\Ntfy_local - Copy (2)\Source\JSONConfig.pas (348): function TJSONConfig.GetValue: string;[0m
[35md:\Projects\_Pending\Ntfy_local - Copy (2)\Source\JSONConfig.pas (350):   Result := fJSONObject.ToJSON;[0m
[35md:\Projects\_Pending\Ntfy_local - Copy (2)\Source\JSONConfig.pas (353): procedure TJSONConfig.SetValue(const aValue: string);[0m
[35md:\Projects\_Pending\Ntfy_local - Copy (2)\Source\JSONConfig.pas (355):   newJSONObject: TJSONObject;[0m
[35md:\Projects\_Pending\Ntfy_local - Copy (2)\Source\JSONConfig.pas (356):   jsonValue: TJsonValue;[0m
[35md:\Projects\_Pending\Ntfy_local - Copy (2)\Source\JSONConfig.pas (358):   jsonValue := nil; // Initialize to nil[0m
[35md:\Projects\_Pending\Ntfy_local - Copy (2)\Source\JSONConfig.pas (360):     jsonValue := TJSONObject.ParseJsonValue(aValue); // Parse the input string[0m
[35md:\Projects\_Pending\Ntfy_local - Copy (2)\Source\JSONConfig.pas (361):     if Assigned(jsonValue) and (jsonValue is TJSONObject) then[0m
[35md:\Projects\_Pending\Ntfy_local - Copy (2)\Source\JSONConfig.pas (363):       newJSONObject := jsonValue as TJSONObject; // Cast to TJSONObject[0m
[35md:\Projects\_Pending\Ntfy_local - Copy (2)\Source\JSONConfig.pas (364):       fJSONObject.Free; // Free the old object to prevent memory leaks[0m
[35md:\Projects\_Pending\Ntfy_local - Copy (2)\Source\JSONConfig.pas (365):       fJSONObject := newJSONObject; // Assign the new object[0m
[35md:\Projects\_Pending\Ntfy_local - Copy (2)\Source\JSONConfig.pas (369):       // If parsing fails or the root is not a JSON object, raise an exception[0m
[35md:\Projects\_Pending\Ntfy_local - Copy (2)\Source\JSONConfig.pas (370):       raise Exception.Create('TJSONConfig.SetValue: Invalid JSON format or not a JSON Object.');[0m
[35md:\Projects\_Pending\Ntfy_local - Copy (2)\Source\JSONConfig.pas (373):     // Ensure JSONValue is freed only if it's not the one assigned to fJSONObject[0m
[35md:\Projects\_Pending\Ntfy_local - Copy (2)\Source\JSONConfig.pas (374):     if Assigned(jsonValue) and (jsonValue <> fJSONObject) then jsonValue.Free;[0m
[32mFOUND: d:\Projects\_Pending\Ntfy_local - Copy (2)\Source\Main.pas[0m
[35md:\Projects\_Pending\Ntfy_local - Copy (2)\Source\Main.pas (7):   System.SysUtils, System.Variants, System.Classes, System.IOUtils, System.JSON, System.DateUtils,[0m
[35md:\Projects\_Pending\Ntfy_local - Copy (2)\Source\Main.pas (12):   NtfyClient, JSONConfig, NotifierSettings;[0m
[35md:\Projects\_Pending\Ntfy_local - Copy (2)\Source\Main.pas (61):     FConfig: TJSONConfig;[0m
[35md:\Projects\_Pending\Ntfy_local - Copy (2)\Source\Main.pas (94):   CONFIG_FILE = 'ntfy_settings.json';[0m
[35md:\Projects\_Pending\Ntfy_local - Copy (2)\Source\Main.pas (103):   FConfig := TJSONConfig.Create;[0m
[32mFOUND: d:\Projects\_Pending\Ntfy_local - Copy (2)\Source\MainReceive.pas[0m
[35md:\Projects\_Pending\Ntfy_local - Copy (2)\Source\MainReceive.pas (7):   System.SysUtils, System.Variants, System.Classes, System.IOUtils, System.JSON, System.DateUtils,[0m
[35md:\Projects\_Pending\Ntfy_local - Copy (2)\Source\MainReceive.pas (10):   NtfyClient, JSONConfig, NotifierSettings;[0m
[35md:\Projects\_Pending\Ntfy_local - Copy (2)\Source\MainReceive.pas (55):     FConfig: TJSONConfig;[0m
[35md:\Projects\_Pending\Ntfy_local - Copy (2)\Source\MainReceive.pas (85):   CONFIG_FILE = 'NtfyConfig.json';[0m
[35md:\Projects\_Pending\Ntfy_local - Copy (2)\Source\MainReceive.pas (95):   FConfig := TJSONConfig.Create;[0m
[32mFOUND: d:\Projects\_Pending\Ntfy_local - Copy (2)\Source\MainSend.pas[0m
[35md:\Projects\_Pending\Ntfy_local - Copy (2)\Source\MainSend.pas (7):   System.SysUtils, System.Variants, System.Classes, System.IOUtils, System.JSON, System.DateUtils,[0m
[35md:\Projects\_Pending\Ntfy_local - Copy (2)\Source\MainSend.pas (10):   NtfyClient, JSONConfig, NotifierSettings;[0m
[35md:\Projects\_Pending\Ntfy_local - Copy (2)\Source\MainSend.pas (46):     FConfig: TJSONConfig;[0m
[35md:\Projects\_Pending\Ntfy_local - Copy (2)\Source\MainSend.pas (73):   CONFIG_FILE = 'NtfyConfig.json';[0m
[35md:\Projects\_Pending\Ntfy_local - Copy (2)\Source\MainSend.pas (83):   FConfig := TJSONConfig.Create;[0m
[32mFOUND: d:\Projects\_Pending\Ntfy_local - Copy (2)\Source\NotifierSettings.pas[0m
[35md:\Projects\_Pending\Ntfy_local - Copy (2)\Source\NotifierSettings.pas (7):   System.SysUtils, System.Variants, System.Classes, System.JSON, Vcl.Graphics,[0m
[35md:\Projects\_Pending\Ntfy_local - Copy (2)\Source\NotifierSettings.pas (10):   JSONConfig, NtfyClient;[0m
[35md:\Projects\_Pending\Ntfy_local - Copy (2)\Source\NotifierSettings.pas (51):     procedure Read(aConfig: TJSONConfig);[0m
[35md:\Projects\_Pending\Ntfy_local - Copy (2)\Source\NotifierSettings.pas (52):     procedure Write(aConfig: TJSONConfig);[0m
[35md:\Projects\_Pending\Ntfy_local - Copy (2)\Source\NotifierSettings.pas (98):     FConfig: TJSONConfig;[0m
[35md:\Projects\_Pending\Ntfy_local - Copy (2)\Source\NotifierSettings.pas (222): procedure TSettings.Read(aConfig: TJSONConfig);[0m
[35md:\Projects\_Pending\Ntfy_local - Copy (2)\Source\NotifierSettings.pas (225):   tagsArray: TJSONArray;[0m
[35md:\Projects\_Pending\Ntfy_local - Copy (2)\Source\NotifierSettings.pas (244):   tagsArray := aConfig.GetJSONArray('TagsList');[0m
[35md:\Projects\_Pending\Ntfy_local - Copy (2)\Source\NotifierSettings.pas (250):         if tagsArray.Items[I] is TJSONString then[0m
[35md:\Projects\_Pending\Ntfy_local - Copy (2)\Source\NotifierSettings.pas (251):           FTagsList.Add(TJSONString(tagsArray.Items[I]).Value);[0m
[35md:\Projects\_Pending\Ntfy_local - Copy (2)\Source\NotifierSettings.pas (259): procedure TSettings.Write(aConfig: TJSONConfig);[0m
[35md:\Projects\_Pending\Ntfy_local - Copy (2)\Source\NotifierSettings.pas (261):   tagsArray: TJSONArray;[0m
[35md:\Projects\_Pending\Ntfy_local - Copy (2)\Source\NotifierSettings.pas (280):   tagsArray := TJSONArray.Create;[0m
[35md:\Projects\_Pending\Ntfy_local - Copy (2)\Source\NotifierSettings.pas (284):     aConfig.SetJSONArray('TagsList', tagsArray);[0m
[35md:\Projects\_Pending\Ntfy_local - Copy (2)\Source\NotifierSettings.pas (295):   FConfig := TJSONConfig.Create;[0m
[32mFOUND: d:\Projects\_Pending\Ntfy_local - Copy (2)\Source\NtfyClient.pas[0m
[35md:\Projects\_Pending\Ntfy_local - Copy (2)\Source\NtfyClient.pas (6):   System.SysUtils, System.Classes, System.JSON, REST.Client, REST.Types;[0m
[35md:\Projects\_Pending\Ntfy_local - Copy (2)\Source\NtfyClient.pas (123):   cJSON: TJSONValue;[0m
[35md:\Projects\_Pending\Ntfy_local - Copy (2)\Source\NtfyClient.pas (134):     cRequest.Resource := FTopic + '/json';[0m
[35md:\Projects\_Pending\Ntfy_local - Copy (2)\Source\NtfyClient.pas (149):           { Parse the NDJSON response by splitting it into lines }[0m
[35md:\Projects\_Pending\Ntfy_local - Copy (2)\Source\NtfyClient.pas (158):             cJSON := TJSONObject.ParseJSONValue(cLine);[0m
[35md:\Projects\_Pending\Ntfy_local - Copy (2)\Source\NtfyClient.pas (159):             if Assigned(cJSON) then[0m
[35md:\Projects\_Pending\Ntfy_local - Copy (2)\Source\NtfyClient.pas (162):               if cJSON.TryGetValue<string>('event', cEvent) and (cEvent = cEventMessage) then[0m
[35md:\Projects\_Pending\Ntfy_local - Copy (2)\Source\NtfyClient.pas (164):                 cJSON.TryGetValue<string>('id', cID);[0m
[35md:\Projects\_Pending\Ntfy_local - Copy (2)\Source\NtfyClient.pas (165):                 cJSON.TryGetValue<string>('message', cMessage);[0m
[35md:\Projects\_Pending\Ntfy_local - Copy (2)\Source\NtfyClient.pas (167):                 if not cJSON.TryGetValue<string>('title', cTitle) then cTitle := '';[0m
[35md:\Projects\_Pending\Ntfy_local - Copy (2)\Source\NtfyClient.pas (168):                 if not cJSON.TryGetValue<string>('tags', cTags) then cTags := '';[0m
[35md:\Projects\_Pending\Ntfy_local - Copy (2)\Source\NtfyClient.pas (169):                 if not cJSON.TryGetValue<Int64>('time', cTime) then cTime := 0;[0m
[35md:\Projects\_Pending\Ntfy_local - Copy (2)\Source\NtfyClient.pas (177):               cJSON.Free;[0m
[32mFOUND: d:\Projects\_Pending\Ntfy_local - Copy (2)\_Saved\NtfyClient-NET-method.pas[0m
[35md:\Projects\_Pending\Ntfy_local - Copy (2)\_Saved\NtfyClient-NET-method.pas (6):   System.SysUtils, System.Classes, System.Net.HttpClient, System.Net.URLClient, System.JSON;[0m
[35md:\Projects\_Pending\Ntfy_local - Copy (2)\_Saved\NtfyClient-NET-method.pas (128):   cJSON: TJSONValue;[0m
[35md:\Projects\_Pending\Ntfy_local - Copy (2)\_Saved\NtfyClient-NET-method.pas (134):   cURL := FServerURL + '/' + FTopic + '/json?poll=1';[0m
[35md:\Projects\_Pending\Ntfy_local - Copy (2)\_Saved\NtfyClient-NET-method.pas (147):         { The poll endpoint returns NDJSON (Newline Delimited JSON). [0m
[35md:\Projects\_Pending\Ntfy_local - Copy (2)\_Saved\NtfyClient-NET-method.pas (148):           We split by line and parse each JSON object independently. }[0m
[35md:\Projects\_Pending\Ntfy_local - Copy (2)\_Saved\NtfyClient-NET-method.pas (157):           cJSON := TJSONObject.ParseJSONValue(cLine);[0m
[35md:\Projects\_Pending\Ntfy_local - Copy (2)\_Saved\NtfyClient-NET-method.pas (158):           if Assigned(cJSON) then[0m
[35md:\Projects\_Pending\Ntfy_local - Copy (2)\_Saved\NtfyClient-NET-method.pas (161):             if cJSON.TryGetValue<string>('event', cEvent) and (cEvent = cEventMessage) then[0m
[35md:\Projects\_Pending\Ntfy_local - Copy (2)\_Saved\NtfyClient-NET-method.pas (163):               cJSON.TryGetValue<string>('id', cID);[0m
[35md:\Projects\_Pending\Ntfy_local - Copy (2)\_Saved\NtfyClient-NET-method.pas (164):               cJSON.TryGetValue<string>('message', cMessage);[0m
[35md:\Projects\_Pending\Ntfy_local - Copy (2)\_Saved\NtfyClient-NET-method.pas (166):               if not cJSON.TryGetValue<string>('title', cTitle) then cTitle := '';[0m
[35md:\Projects\_Pending\Ntfy_local - Copy (2)\_Saved\NtfyClient-NET-method.pas (167):               if not cJSON.TryGetValue<string>('tags', cTags) then cTags := '';[0m
[35md:\Projects\_Pending\Ntfy_local - Copy (2)\_Saved\NtfyClient-NET-method.pas (168):               if not cJSON.TryGetValue<Int64>('time', cTime) then cTime := 0;[0m
[35md:\Projects\_Pending\Ntfy_local - Copy (2)\_Saved\NtfyClient-NET-method.pas (177):             cJSON.Free;[0m
[32mFOUND: d:\Projects\_Pending\Ntfy_local - Copy (3)\Source\JSONConfig.pas[0m
[35md:\Projects\_Pending\Ntfy_local - Copy (3)\Source\JSONConfig.pas (1): unit JSONConfig;[0m
[35md:\Projects\_Pending\Ntfy_local - Copy (3)\Source\JSONConfig.pas (9):   System.JSON, System.Generics.Collections;[0m
[35md:\Projects\_Pending\Ntfy_local - Copy (3)\Source\JSONConfig.pas (12):   TJSONConfig = class[0m
[35md:\Projects\_Pending\Ntfy_local - Copy (3)\Source\JSONConfig.pas (15):     fJSONObject: TJSONObject;[0m
[35md:\Projects\_Pending\Ntfy_local - Copy (3)\Source\JSONConfig.pas (18):     function GetJsonValue(const aKey: string): TJsonValue;[0m
[35md:\Projects\_Pending\Ntfy_local - Copy (3)\Source\JSONConfig.pas (42):     procedure SetJSONArray(const aKey: string; aValue: TJSONArray);[0m
[35md:\Projects\_Pending\Ntfy_local - Copy (3)\Source\JSONConfig.pas (51):     function GetJSONArray(const aKey: string): TJSONArray;[0m
[35md:\Projects\_Pending\Ntfy_local - Copy (3)\Source\JSONConfig.pas (59): { TJSONConfig }[0m
[35md:\Projects\_Pending\Ntfy_local - Copy (3)\Source\JSONConfig.pas (61): constructor TJSONConfig.Create;[0m
[35md:\Projects\_Pending\Ntfy_local - Copy (3)\Source\JSONConfig.pas (64):   fJSONObject := TJSONObject.Create;[0m
[35md:\Projects\_Pending\Ntfy_local - Copy (3)\Source\JSONConfig.pas (68): destructor TJSONConfig.Destroy;[0m
[35md:\Projects\_Pending\Ntfy_local - Copy (3)\Source\JSONConfig.pas (70):   fJSONObject.Free;[0m
[35md:\Projects\_Pending\Ntfy_local - Copy (3)\Source\JSONConfig.pas (74): procedure TJSONConfig.Clear;[0m
[35md:\Projects\_Pending\Ntfy_local - Copy (3)\Source\JSONConfig.pas (76):   fJSONObject.Free;[0m
[35md:\Projects\_Pending\Ntfy_local - Copy (3)\Source\JSONConfig.pas (77):   fJSONObject := TJSONObject.Create;[0m
[35md:\Projects\_Pending\Ntfy_local - Copy (3)\Source\JSONConfig.pas (80): function TJSONConfig.GetJsonValue(const aKey: string): TJsonValue;[0m
[35md:\Projects\_Pending\Ntfy_local - Copy (3)\Source\JSONConfig.pas (82):   Result := fJSONObject.GetValue(aKey);[0m
[35md:\Projects\_Pending\Ntfy_local - Copy (3)\Source\JSONConfig.pas (85): function TJSONConfig.LoadFromFile(const aFilePath: string; aCreateIfNotExists: Boolean = False): Boolean;[0m
[35md:\Projects\_Pending\Ntfy_local - Copy (3)\Source\JSONConfig.pas (87):   jsonString: string;[0m
[35md:\Projects\_Pending\Ntfy_local - Copy (3)\Source\JSONConfig.pas (88):   jsonValue: TJsonValue;[0m
[35md:\Projects\_Pending\Ntfy_local - Copy (3)\Source\JSONConfig.pas (102):       raise Exception.CreateFmt('TJSONConfig.LoadFromFile: Configuration file not found: %s',[aFilePath]);[0m
[35md:\Projects\_Pending\Ntfy_local - Copy (3)\Source\JSONConfig.pas (107):     jsonString := TFile.ReadAllText(aFilePath);[0m
[35md:\Projects\_Pending\Ntfy_local - Copy (3)\Source\JSONConfig.pas (108):     jsonValue := TJSONObject.ParseJsonValue(jsonString);[0m
[35md:\Projects\_Pending\Ntfy_local - Copy (3)\Source\JSONConfig.pas (110):       if Assigned(jsonValue) and (jsonValue is TJSONObject) then[0m
[35md:\Projects\_Pending\Ntfy_local - Copy (3)\Source\JSONConfig.pas (112):         fJSONObject.Free; // Free existing object[0m
[35md:\Projects\_Pending\Ntfy_local - Copy (3)\Source\JSONConfig.pas (113):         fJSONObject := jsonValue as TJSONObject; // Assign new object[0m
[35md:\Projects\_Pending\Ntfy_local - Copy (3)\Source\JSONConfig.pas (118):         jsonValue.Free; // Free the non-object JSON value[0m
[35md:\Projects\_Pending\Ntfy_local - Copy (3)\Source\JSONConfig.pas (119):         raise Exception.CreateFmt('TJSONConfig.LoadFromFile: Invalid JSON structure in file: %s',[aFilePath]);[0m
[35md:\Projects\_Pending\Ntfy_local - Copy (3)\Source\JSONConfig.pas (124):         // Ensure jsonValue is freed if an error occurs during parsing or type checking[0m
[35md:\Projects\_Pending\Ntfy_local - Copy (3)\Source\JSONConfig.pas (125):         if Assigned(jsonValue) then jsonValue.Free;[0m
[35md:\Projects\_Pending\Ntfy_local - Copy (3)\Source\JSONConfig.pas (126):         raise Exception.CreateFmt('TJSONConfig.LoadFromFile: Error parsing JSON from file: %s',[aFilePath]);[0m
[35md:\Projects\_Pending\Ntfy_local - Copy (3)\Source\JSONConfig.pas (132):       raise Exception.CreateFmt('TJSONConfig.LoadFromFile: Error reading config file: %s',[aFilePath]);[0m
[35md:\Projects\_Pending\Ntfy_local - Copy (3)\Source\JSONConfig.pas (137): function TJSONConfig.SaveToFile(const aFilePath: string): Boolean;[0m
[35md:\Projects\_Pending\Ntfy_local - Copy (3)\Source\JSONConfig.pas (143):     TFile.WriteAllText(aFilePath, fJSONObject.ToJSON);[0m
[35md:\Projects\_Pending\Ntfy_local - Copy (3)\Source\JSONConfig.pas (148):       raise Exception.CreateFmt('TJSONConfig.SaveToFile: Error saving config file to: %s',[aFilePath]);[0m
[35md:\Projects\_Pending\Ntfy_local - Copy (3)\Source\JSONConfig.pas (153): function TJSONConfig.HasKey(const aKey: string): Boolean;[0m
[35md:\Projects\_Pending\Ntfy_local - Copy (3)\Source\JSONConfig.pas (155):   Result := GetJsonValue(aKey) <> nil;[0m
[35md:\Projects\_Pending\Ntfy_local - Copy (3)\Source\JSONConfig.pas (158): procedure TJSONConfig.DeleteKey(const aKey: string);[0m
[35md:\Projects\_Pending\Ntfy_local - Copy (3)\Source\JSONConfig.pas (160):   value: TJsonValue;[0m
[35md:\Projects\_Pending\Ntfy_local - Copy (3)\Source\JSONConfig.pas (162):   value := GetJsonValue(aKey);[0m
[35md:\Projects\_Pending\Ntfy_local - Copy (3)\Source\JSONConfig.pas (163):   if Assigned(value) then fJSONObject.RemovePair(aKey);[0m
[35md:\Projects\_Pending\Ntfy_local - Copy (3)\Source\JSONConfig.pas (166): procedure TJSONConfig.SetString(const aKey, aValue: string);[0m
[35md:\Projects\_Pending\Ntfy_local - Copy (3)\Source\JSONConfig.pas (168):   fJSONObject.AddPair(aKey, aValue);[0m
[35md:\Projects\_Pending\Ntfy_local - Copy (3)\Source\JSONConfig.pas (171): procedure TJSONConfig.SetInteger(const aKey: string; aValue: Integer);[0m
[35md:\Projects\_Pending\Ntfy_local - Copy (3)\Source\JSONConfig.pas (173):   fJSONObject.AddPair(aKey, TJSONNumber.Create(aValue));[0m
[35md:\Projects\_Pending\Ntfy_local - Copy (3)\Source\JSONConfig.pas (176): procedure TJSONConfig.SetFloat(const aKey: string; aValue: Double);[0m
[35md:\Projects\_Pending\Ntfy_local - Copy (3)\Source\JSONConfig.pas (178):   fJSONObject.AddPair(aKey, TJSONNumber.Create(aValue));[0m
[35md:\Projects\_Pending\Ntfy_local - Copy (3)\Source\JSONConfig.pas (181): procedure TJSONConfig.SetBoolean(const aKey: string; aValue: Boolean);[0m
[35md:\Projects\_Pending\Ntfy_local - Copy (3)\Source\JSONConfig.pas (183):   fJSONObject.AddPair(aKey, TJSONBool.Create(aValue));[0m
[35md:\Projects\_Pending\Ntfy_local - Copy (3)\Source\JSONConfig.pas (186): procedure TJSONConfig.SetDateTime(const aKey: string; aValue: TDateTime);[0m
[35md:\Projects\_Pending\Ntfy_local - Copy (3)\Source\JSONConfig.pas (190):   fJSONObject.AddPair(aKey, DateToISO8601(aValue));[0m
[35md:\Projects\_Pending\Ntfy_local - Copy (3)\Source\JSONConfig.pas (193): procedure TJSONConfig.SetTime(const aKey: string; aValue: TTime);[0m
[35md:\Projects\_Pending\Ntfy_local - Copy (3)\Source\JSONConfig.pas (195):   fJSONObject.AddPair(aKey, FormatDateTime('hh:nn', aValue));[0m
[35md:\Projects\_Pending\Ntfy_local - Copy (3)\Source\JSONConfig.pas (198): procedure TJSONConfig.SetJSONArray(const aKey: string; aValue: TJSONArray);[0m
[35md:\Projects\_Pending\Ntfy_local - Copy (3)\Source\JSONConfig.pas (202):   fJSONObject.AddPair(aKey, TJSONArray(aValue.Clone));[0m
[35md:\Projects\_Pending\Ntfy_local - Copy (3)\Source\JSONConfig.pas (205): function TJSONConfig.GetString(const aKey: string; const aDefault: string): string;[0m
[35md:\Projects\_Pending\Ntfy_local - Copy (3)\Source\JSONConfig.pas (207):   jsonValue: TJsonValue;[0m
[35md:\Projects\_Pending\Ntfy_local - Copy (3)\Source\JSONConfig.pas (209):   jsonValue := GetJsonValue(aKey);[0m
[35md:\Projects\_Pending\Ntfy_local - Copy (3)\Source\JSONConfig.pas (210):   if Assigned(jsonValue) and (jsonValue is TJSONString) then[0m
[35md:\Projects\_Pending\Ntfy_local - Copy (3)\Source\JSONConfig.pas (211):     Result := TJSONString(jsonValue).Value[0m
[35md:\Projects\_Pending\Ntfy_local - Copy (3)\Source\JSONConfig.pas (216): function TJSONConfig.GetInteger(const aKey: string; const aDefault: Integer): Integer;[0m
[35md:\Projects\_Pending\Ntfy_local - Copy (3)\Source\JSONConfig.pas (218):   jsonValue: TJsonValue;[0m
[35md:\Projects\_Pending\Ntfy_local - Copy (3)\Source\JSONConfig.pas (221):   jsonValue := GetJsonValue(aKey);[0m
[35md:\Projects\_Pending\Ntfy_local - Copy (3)\Source\JSONConfig.pas (222):   if Assigned(jsonValue) then[0m
[35md:\Projects\_Pending\Ntfy_local - Copy (3)\Source\JSONConfig.pas (224):     if (jsonValue is TJSONNumber) then[0m
[35md:\Projects\_Pending\Ntfy_local - Copy (3)\Source\JSONConfig.pas (227):         Result := TJSONNumber(jsonValue).AsInt;[0m
[35md:\Projects\_Pending\Ntfy_local - Copy (3)\Source\JSONConfig.pas (231):           raise Exception.CreateFmt('TJSONConfig.GetInteger: Error converting JSON number to Integer for Key: %s', [aKey]);[0m
[35md:\Projects\_Pending\Ntfy_local - Copy (3)\Source\JSONConfig.pas (237):       raise Exception.CreateFmt('TJSONConfig.GetInteger: Value for Key "%s" is not a JSON Number.', [aKey]);[0m
[35md:\Projects\_Pending\Ntfy_local - Copy (3)\Source\JSONConfig.pas (242): function TJSONConfig.GetFloat(const aKey: string; const aDefault: Double): Double;[0m
[35md:\Projects\_Pending\Ntfy_local - Copy (3)\Source\JSONConfig.pas (244):   jsonValue: TJsonValue;[0m
[35md:\Projects\_Pending\Ntfy_local - Copy (3)\Source\JSONConfig.pas (247):   jsonValue := GetJsonValue(aKey);[0m
[35md:\Projects\_Pending\Ntfy_local - Copy (3)\Source\JSONConfig.pas (248):   if Assigned(jsonValue) then[0m
[35md:\Projects\_Pending\Ntfy_local - Copy (3)\Source\JSONConfig.pas (250):     if (jsonValue is TJSONNumber) then[0m
[35md:\Projects\_Pending\Ntfy_local - Copy (3)\Source\JSONConfig.pas (253):         Result := TJSONNumber(jsonValue).AsDouble;[0m
[35md:\Projects\_Pending\Ntfy_local - Copy (3)\Source\JSONConfig.pas (257):           raise Exception.CreateFmt('TJSONConfig.GetFloat: Error converting JSON number to Float for Key: %s', [aKey]);[0m
[35md:\Projects\_Pending\Ntfy_local - Copy (3)\Source\JSONConfig.pas (263):       raise Exception.CreateFmt('TJSONConfig.GetFloat: Value for Key "%s" is not a JSON Number.', [aKey]);[0m
[35md:\Projects\_Pending\Ntfy_local - Copy (3)\Source\JSONConfig.pas (268): function TJSONConfig.GetBoolean(const aKey: string; const aDefault: Boolean): Boolean;[0m
[35md:\Projects\_Pending\Ntfy_local - Copy (3)\Source\JSONConfig.pas (270):   jsonValue: TJsonValue;[0m
[35md:\Projects\_Pending\Ntfy_local - Copy (3)\Source\JSONConfig.pas (272):   jsonValue := GetJsonValue(aKey);[0m
[35md:\Projects\_Pending\Ntfy_local - Copy (3)\Source\JSONConfig.pas (273):   if Assigned(jsonValue) and (jsonValue is TJSONBool) then[0m
[35md:\Projects\_Pending\Ntfy_local - Copy (3)\Source\JSONConfig.pas (274):     Result := TJSONBool(jsonValue).AsBoolean[0m
[35md:\Projects\_Pending\Ntfy_local - Copy (3)\Source\JSONConfig.pas (279): function TJSONConfig.GetDateTime(const aKey: string; const aDefault: TDateTime): TDateTime;[0m
[35md:\Projects\_Pending\Ntfy_local - Copy (3)\Source\JSONConfig.pas (281):   jsonValue: TJsonValue;[0m
[35md:\Projects\_Pending\Ntfy_local - Copy (3)\Source\JSONConfig.pas (285):   jsonValue := GetJsonValue(aKey);[0m
[35md:\Projects\_Pending\Ntfy_local - Copy (3)\Source\JSONConfig.pas (286):   if Assigned(jsonValue) then[0m
[35md:\Projects\_Pending\Ntfy_local - Copy (3)\Source\JSONConfig.pas (288):     if (jsonValue is TJSONString) then[0m
[35md:\Projects\_Pending\Ntfy_local - Copy (3)\Source\JSONConfig.pas (290):       datetimeStr := TJSONString(jsonValue).Value;[0m
[35md:\Projects\_Pending\Ntfy_local - Copy (3)\Source\JSONConfig.pas (297):           raise Exception.CreateFmt('TJSONConfig.GetDateTime: Error parsing DateTime string for key %s', [aKey]);[0m
[35md:\Projects\_Pending\Ntfy_local - Copy (3)\Source\JSONConfig.pas (303):       raise Exception.CreateFmt('TJSONConfig.GetDateTime: Value for Key "%s" is not a JSON String.', [aKey]);[0m
[35md:\Projects\_Pending\Ntfy_local - Copy (3)\Source\JSONConfig.pas (308): function TJSONConfig.GetTime(const aKey: string; const aDefault: TTime): TTime;[0m
[35md:\Projects\_Pending\Ntfy_local - Copy (3)\Source\JSONConfig.pas (310):   jsonValue: TJsonValue;[0m
[35md:\Projects\_Pending\Ntfy_local - Copy (3)\Source\JSONConfig.pas (314):   jsonValue := GetJsonValue(aKey);[0m
[35md:\Projects\_Pending\Ntfy_local - Copy (3)\Source\JSONConfig.pas (315):   if Assigned(jsonValue) then[0m
[35md:\Projects\_Pending\Ntfy_local - Copy (3)\Source\JSONConfig.pas (317):     if (jsonValue is TJSONString) then[0m
[35md:\Projects\_Pending\Ntfy_local - Copy (3)\Source\JSONConfig.pas (319):       timeStr := TJSONString(jsonValue).Value;[0m
[35md:\Projects\_Pending\Ntfy_local - Copy (3)\Source\JSONConfig.pas (325):           raise Exception.CreateFmt('TJSONConfig.GetTime: Error parsing Time string for key %s', [aKey]);[0m
[35md:\Projects\_Pending\Ntfy_local - Copy (3)\Source\JSONConfig.pas (331):       raise Exception.CreateFmt('TJSONConfig.GetTime: Value for Key "%s" is not a JSON String.', [aKey]);[0m
[35md:\Projects\_Pending\Ntfy_local - Copy (3)\Source\JSONConfig.pas (336): function TJSONConfig.GetJSONArray(const aKey: string): TJSONArray;[0m
[35md:\Projects\_Pending\Ntfy_local - Copy (3)\Source\JSONConfig.pas (338):   jsonValue: TJsonValue;[0m
[35md:\Projects\_Pending\Ntfy_local - Copy (3)\Source\JSONConfig.pas (341):   jsonValue := GetJsonValue(aKey);[0m
[35md:\Projects\_Pending\Ntfy_local - Copy (3)\Source\JSONConfig.pas (342):   if Assigned(jsonValue) and (jsonValue is TJSONArray) then[0m
[35md:\Projects\_Pending\Ntfy_local - Copy (3)\Source\JSONConfig.pas (344):     Result := TJSONArray(jsonValue.Clone)[0m
[35md:\Projects\_Pending\Ntfy_local - Copy (3)\Source\JSONConfig.pas (348): function TJSONConfig.GetValue: string;[0m
[35md:\Projects\_Pending\Ntfy_local - Copy (3)\Source\JSONConfig.pas (350):   Result := fJSONObject.ToJSON;[0m
[35md:\Projects\_Pending\Ntfy_local - Copy (3)\Source\JSONConfig.pas (353): procedure TJSONConfig.SetValue(const aValue: string);[0m
[35md:\Projects\_Pending\Ntfy_local - Copy (3)\Source\JSONConfig.pas (355):   newJSONObject: TJSONObject;[0m
[35md:\Projects\_Pending\Ntfy_local - Copy (3)\Source\JSONConfig.pas (356):   jsonValue: TJsonValue;[0m
[35md:\Projects\_Pending\Ntfy_local - Copy (3)\Source\JSONConfig.pas (358):   jsonValue := nil; // Initialize to nil[0m
[35md:\Projects\_Pending\Ntfy_local - Copy (3)\Source\JSONConfig.pas (360):     jsonValue := TJSONObject.ParseJsonValue(aValue); // Parse the input string[0m
[35md:\Projects\_Pending\Ntfy_local - Copy (3)\Source\JSONConfig.pas (361):     if Assigned(jsonValue) and (jsonValue is TJSONObject) then[0m
[35md:\Projects\_Pending\Ntfy_local - Copy (3)\Source\JSONConfig.pas (363):       newJSONObject := jsonValue as TJSONObject; // Cast to TJSONObject[0m
[35md:\Projects\_Pending\Ntfy_local - Copy (3)\Source\JSONConfig.pas (364):       fJSONObject.Free; // Free the old object to prevent memory leaks[0m
[35md:\Projects\_Pending\Ntfy_local - Copy (3)\Source\JSONConfig.pas (365):       fJSONObject := newJSONObject; // Assign the new object[0m
[35md:\Projects\_Pending\Ntfy_local - Copy (3)\Source\JSONConfig.pas (369):       // If parsing fails or the root is not a JSON object, raise an exception[0m
[35md:\Projects\_Pending\Ntfy_local - Copy (3)\Source\JSONConfig.pas (370):       raise Exception.Create('TJSONConfig.SetValue: Invalid JSON format or not a JSON Object.');[0m
[35md:\Projects\_Pending\Ntfy_local - Copy (3)\Source\JSONConfig.pas (373):     // Ensure JSONValue is freed only if it's not the one assigned to fJSONObject[0m
[35md:\Projects\_Pending\Ntfy_local - Copy (3)\Source\JSONConfig.pas (374):     if Assigned(jsonValue) and (jsonValue <> fJSONObject) then jsonValue.Free;[0m
[32mFOUND: d:\Projects\_Pending\Ntfy_local - Copy (3)\Source\Main.pas[0m
[35md:\Projects\_Pending\Ntfy_local - Copy (3)\Source\Main.pas (7):   System.SysUtils, System.Variants, System.Classes, System.IOUtils, System.JSON, System.DateUtils,[0m
[35md:\Projects\_Pending\Ntfy_local - Copy (3)\Source\Main.pas (12):   NtfyClient, JSONConfig, NotifierSettings;[0m
[35md:\Projects\_Pending\Ntfy_local - Copy (3)\Source\Main.pas (61):     FConfig: TJSONConfig;[0m
[35md:\Projects\_Pending\Ntfy_local - Copy (3)\Source\Main.pas (94):   CONFIG_FILE = 'ntfy_settings.json';[0m
[35md:\Projects\_Pending\Ntfy_local - Copy (3)\Source\Main.pas (103):   FConfig := TJSONConfig.Create;[0m
[32mFOUND: d:\Projects\_Pending\Ntfy_local - Copy (3)\Source\MainReceive.pas[0m
[35md:\Projects\_Pending\Ntfy_local - Copy (3)\Source\MainReceive.pas (7):   System.SysUtils, System.Variants, System.Classes, System.IOUtils, System.JSON, System.DateUtils,[0m
[35md:\Projects\_Pending\Ntfy_local - Copy (3)\Source\MainReceive.pas (10):   NtfyClient, JSONConfig, NotifierSettings;[0m
[35md:\Projects\_Pending\Ntfy_local - Copy (3)\Source\MainReceive.pas (55):     FConfig: TJSONConfig;[0m
[35md:\Projects\_Pending\Ntfy_local - Copy (3)\Source\MainReceive.pas (85):   CONFIG_FILE = 'NtfyConfig.json';[0m
[35md:\Projects\_Pending\Ntfy_local - Copy (3)\Source\MainReceive.pas (95):   FConfig := TJSONConfig.Create;[0m
[32mFOUND: d:\Projects\_Pending\Ntfy_local - Copy (3)\Source\MainSend.pas[0m
[35md:\Projects\_Pending\Ntfy_local - Copy (3)\Source\MainSend.pas (7):   System.SysUtils, System.Variants, System.Classes, System.IOUtils, System.JSON, System.DateUtils,[0m
[35md:\Projects\_Pending\Ntfy_local - Copy (3)\Source\MainSend.pas (10):   NtfyClient, JSONConfig, NotifierSettings;[0m
[35md:\Projects\_Pending\Ntfy_local - Copy (3)\Source\MainSend.pas (46):     FConfig: TJSONConfig;[0m
[35md:\Projects\_Pending\Ntfy_local - Copy (3)\Source\MainSend.pas (73):   CONFIG_FILE = 'NtfyConfig.json';[0m
[35md:\Projects\_Pending\Ntfy_local - Copy (3)\Source\MainSend.pas (83):   FConfig := TJSONConfig.Create;[0m
[32mFOUND: d:\Projects\_Pending\Ntfy_local - Copy (3)\Source\NotifierSettings.pas[0m
[35md:\Projects\_Pending\Ntfy_local - Copy (3)\Source\NotifierSettings.pas (7):   System.SysUtils, System.Variants, System.Classes, System.JSON, Vcl.Graphics,[0m
[35md:\Projects\_Pending\Ntfy_local - Copy (3)\Source\NotifierSettings.pas (10):   JSONConfig, NtfyClient;[0m
[35md:\Projects\_Pending\Ntfy_local - Copy (3)\Source\NotifierSettings.pas (51):     procedure Read(aConfig: TJSONConfig);[0m
[35md:\Projects\_Pending\Ntfy_local - Copy (3)\Source\NotifierSettings.pas (52):     procedure Write(aConfig: TJSONConfig);[0m
[35md:\Projects\_Pending\Ntfy_local - Copy (3)\Source\NotifierSettings.pas (98):     FConfig: TJSONConfig;[0m
[35md:\Projects\_Pending\Ntfy_local - Copy (3)\Source\NotifierSettings.pas (222): procedure TSettings.Read(aConfig: TJSONConfig);[0m
[35md:\Projects\_Pending\Ntfy_local - Copy (3)\Source\NotifierSettings.pas (225):   tagsArray: TJSONArray;[0m
[35md:\Projects\_Pending\Ntfy_local - Copy (3)\Source\NotifierSettings.pas (244):   tagsArray := aConfig.GetJSONArray('TagsList');[0m
[35md:\Projects\_Pending\Ntfy_local - Copy (3)\Source\NotifierSettings.pas (250):         if tagsArray.Items[I] is TJSONString then[0m
[35md:\Projects\_Pending\Ntfy_local - Copy (3)\Source\NotifierSettings.pas (251):           FTagsList.Add(TJSONString(tagsArray.Items[I]).Value);[0m
[35md:\Projects\_Pending\Ntfy_local - Copy (3)\Source\NotifierSettings.pas (259): procedure TSettings.Write(aConfig: TJSONConfig);[0m
[35md:\Projects\_Pending\Ntfy_local - Copy (3)\Source\NotifierSettings.pas (261):   tagsArray: TJSONArray;[0m
[35md:\Projects\_Pending\Ntfy_local - Copy (3)\Source\NotifierSettings.pas (280):   tagsArray := TJSONArray.Create;[0m
[35md:\Projects\_Pending\Ntfy_local - Copy (3)\Source\NotifierSettings.pas (284):     aConfig.SetJSONArray('TagsList', tagsArray);[0m
[35md:\Projects\_Pending\Ntfy_local - Copy (3)\Source\NotifierSettings.pas (295):   FConfig := TJSONConfig.Create;[0m
[32mFOUND: d:\Projects\_Pending\Ntfy_local - Copy (3)\Source\NtfyClient.pas[0m
[35md:\Projects\_Pending\Ntfy_local - Copy (3)\Source\NtfyClient.pas (6):   System.SysUtils, System.Classes, System.JSON, REST.Client, REST.Types;[0m
[35md:\Projects\_Pending\Ntfy_local - Copy (3)\Source\NtfyClient.pas (123):   cJSON: TJSONValue;[0m
[35md:\Projects\_Pending\Ntfy_local - Copy (3)\Source\NtfyClient.pas (134):     cRequest.Resource := FTopic + '/json';[0m
[35md:\Projects\_Pending\Ntfy_local - Copy (3)\Source\NtfyClient.pas (149):           { Parse the NDJSON response by splitting it into lines }[0m
[35md:\Projects\_Pending\Ntfy_local - Copy (3)\Source\NtfyClient.pas (158):             cJSON := TJSONObject.ParseJSONValue(cLine);[0m
[35md:\Projects\_Pending\Ntfy_local - Copy (3)\Source\NtfyClient.pas (159):             if Assigned(cJSON) then[0m
[35md:\Projects\_Pending\Ntfy_local - Copy (3)\Source\NtfyClient.pas (162):               if cJSON.TryGetValue<string>('event', cEvent) and (cEvent = cEventMessage) then[0m
[35md:\Projects\_Pending\Ntfy_local - Copy (3)\Source\NtfyClient.pas (164):                 cJSON.TryGetValue<string>('id', cID);[0m
[35md:\Projects\_Pending\Ntfy_local - Copy (3)\Source\NtfyClient.pas (165):                 cJSON.TryGetValue<string>('message', cMessage);[0m
[35md:\Projects\_Pending\Ntfy_local - Copy (3)\Source\NtfyClient.pas (167):                 if not cJSON.TryGetValue<string>('title', cTitle) then cTitle := '';[0m
[35md:\Projects\_Pending\Ntfy_local - Copy (3)\Source\NtfyClient.pas (168):                 if not cJSON.TryGetValue<string>('tags', cTags) then cTags := '';[0m
[35md:\Projects\_Pending\Ntfy_local - Copy (3)\Source\NtfyClient.pas (169):                 if not cJSON.TryGetValue<Int64>('time', cTime) then cTime := 0;[0m
[35md:\Projects\_Pending\Ntfy_local - Copy (3)\Source\NtfyClient.pas (177):               cJSON.Free;[0m
[32mFOUND: d:\Projects\_Pending\Ntfy_local - Copy (3)\_Saved\NtfyClient-NET-method.pas[0m
[35md:\Projects\_Pending\Ntfy_local - Copy (3)\_Saved\NtfyClient-NET-method.pas (6):   System.SysUtils, System.Classes, System.Net.HttpClient, System.Net.URLClient, System.JSON;[0m
[35md:\Projects\_Pending\Ntfy_local - Copy (3)\_Saved\NtfyClient-NET-method.pas (128):   cJSON: TJSONValue;[0m
[35md:\Projects\_Pending\Ntfy_local - Copy (3)\_Saved\NtfyClient-NET-method.pas (134):   cURL := FServerURL + '/' + FTopic + '/json?poll=1';[0m
[35md:\Projects\_Pending\Ntfy_local - Copy (3)\_Saved\NtfyClient-NET-method.pas (147):         { The poll endpoint returns NDJSON (Newline Delimited JSON). [0m
[35md:\Projects\_Pending\Ntfy_local - Copy (3)\_Saved\NtfyClient-NET-method.pas (148):           We split by line and parse each JSON object independently. }[0m
[35md:\Projects\_Pending\Ntfy_local - Copy (3)\_Saved\NtfyClient-NET-method.pas (157):           cJSON := TJSONObject.ParseJSONValue(cLine);[0m
[35md:\Projects\_Pending\Ntfy_local - Copy (3)\_Saved\NtfyClient-NET-method.pas (158):           if Assigned(cJSON) then[0m
[35md:\Projects\_Pending\Ntfy_local - Copy (3)\_Saved\NtfyClient-NET-method.pas (161):             if cJSON.TryGetValue<string>('event', cEvent) and (cEvent = cEventMessage) then[0m
[35md:\Projects\_Pending\Ntfy_local - Copy (3)\_Saved\NtfyClient-NET-method.pas (163):               cJSON.TryGetValue<string>('id', cID);[0m
[35md:\Projects\_Pending\Ntfy_local - Copy (3)\_Saved\NtfyClient-NET-method.pas (164):               cJSON.TryGetValue<string>('message', cMessage);[0m
[35md:\Projects\_Pending\Ntfy_local - Copy (3)\_Saved\NtfyClient-NET-method.pas (166):               if not cJSON.TryGetValue<string>('title', cTitle) then cTitle := '';[0m
[35md:\Projects\_Pending\Ntfy_local - Copy (3)\_Saved\NtfyClient-NET-method.pas (167):               if not cJSON.TryGetValue<string>('tags', cTags) then cTags := '';[0m
[35md:\Projects\_Pending\Ntfy_local - Copy (3)\_Saved\NtfyClient-NET-method.pas (168):               if not cJSON.TryGetValue<Int64>('time', cTime) then cTime := 0;[0m
[35md:\Projects\_Pending\Ntfy_local - Copy (3)\_Saved\NtfyClient-NET-method.pas (177):             cJSON.Free;[0m
[32mFOUND: d:\Projects\_Pending\Ntfy_local - Copy (4)\Source\JSONConfig.pas[0m
[35md:\Projects\_Pending\Ntfy_local - Copy (4)\Source\JSONConfig.pas (1): unit JSONConfig;[0m
[35md:\Projects\_Pending\Ntfy_local - Copy (4)\Source\JSONConfig.pas (9):   System.JSON, System.Generics.Collections;[0m
[35md:\Projects\_Pending\Ntfy_local - Copy (4)\Source\JSONConfig.pas (12):   TJSONConfig = class[0m
[35md:\Projects\_Pending\Ntfy_local - Copy (4)\Source\JSONConfig.pas (15):     fJSONObject: TJSONObject;[0m
[35md:\Projects\_Pending\Ntfy_local - Copy (4)\Source\JSONConfig.pas (18):     function GetJsonValue(const aKey: string): TJsonValue;[0m
[35md:\Projects\_Pending\Ntfy_local - Copy (4)\Source\JSONConfig.pas (42):     procedure SetJSONArray(const aKey: string; aValue: TJSONArray);[0m
[35md:\Projects\_Pending\Ntfy_local - Copy (4)\Source\JSONConfig.pas (51):     function GetJSONArray(const aKey: string): TJSONArray;[0m
[35md:\Projects\_Pending\Ntfy_local - Copy (4)\Source\JSONConfig.pas (59): { TJSONConfig }[0m
[35md:\Projects\_Pending\Ntfy_local - Copy (4)\Source\JSONConfig.pas (61): constructor TJSONConfig.Create;[0m
[35md:\Projects\_Pending\Ntfy_local - Copy (4)\Source\JSONConfig.pas (64):   fJSONObject := TJSONObject.Create;[0m
[35md:\Projects\_Pending\Ntfy_local - Copy (4)\Source\JSONConfig.pas (68): destructor TJSONConfig.Destroy;[0m
[35md:\Projects\_Pending\Ntfy_local - Copy (4)\Source\JSONConfig.pas (70):   fJSONObject.Free;[0m
[35md:\Projects\_Pending\Ntfy_local - Copy (4)\Source\JSONConfig.pas (74): procedure TJSONConfig.Clear;[0m
[35md:\Projects\_Pending\Ntfy_local - Copy (4)\Source\JSONConfig.pas (76):   fJSONObject.Free;[0m
[35md:\Projects\_Pending\Ntfy_local - Copy (4)\Source\JSONConfig.pas (77):   fJSONObject := TJSONObject.Create;[0m
[35md:\Projects\_Pending\Ntfy_local - Copy (4)\Source\JSONConfig.pas (80): function TJSONConfig.GetJsonValue(const aKey: string): TJsonValue;[0m
[35md:\Projects\_Pending\Ntfy_local - Copy (4)\Source\JSONConfig.pas (82):   Result := fJSONObject.GetValue(aKey);[0m
[35md:\Projects\_Pending\Ntfy_local - Copy (4)\Source\JSONConfig.pas (85): function TJSONConfig.LoadFromFile(const aFilePath: string; aCreateIfNotExists: Boolean = False): Boolean;[0m
[35md:\Projects\_Pending\Ntfy_local - Copy (4)\Source\JSONConfig.pas (87):   jsonString: string;[0m
[35md:\Projects\_Pending\Ntfy_local - Copy (4)\Source\JSONConfig.pas (88):   jsonValue: TJsonValue;[0m
[35md:\Projects\_Pending\Ntfy_local - Copy (4)\Source\JSONConfig.pas (102):       raise Exception.CreateFmt('TJSONConfig.LoadFromFile: Configuration file not found: %s',[aFilePath]);[0m
[35md:\Projects\_Pending\Ntfy_local - Copy (4)\Source\JSONConfig.pas (107):     jsonString := TFile.ReadAllText(aFilePath);[0m
[35md:\Projects\_Pending\Ntfy_local - Copy (4)\Source\JSONConfig.pas (108):     jsonValue := TJSONObject.ParseJsonValue(jsonString);[0m
[35md:\Projects\_Pending\Ntfy_local - Copy (4)\Source\JSONConfig.pas (110):       if Assigned(jsonValue) and (jsonValue is TJSONObject) then[0m
[35md:\Projects\_Pending\Ntfy_local - Copy (4)\Source\JSONConfig.pas (112):         fJSONObject.Free; // Free existing object[0m
[35md:\Projects\_Pending\Ntfy_local - Copy (4)\Source\JSONConfig.pas (113):         fJSONObject := jsonValue as TJSONObject; // Assign new object[0m
[35md:\Projects\_Pending\Ntfy_local - Copy (4)\Source\JSONConfig.pas (118):         jsonValue.Free; // Free the non-object JSON value[0m
[35md:\Projects\_Pending\Ntfy_local - Copy (4)\Source\JSONConfig.pas (119):         raise Exception.CreateFmt('TJSONConfig.LoadFromFile: Invalid JSON structure in file: %s',[aFilePath]);[0m
[35md:\Projects\_Pending\Ntfy_local - Copy (4)\Source\JSONConfig.pas (124):         // Ensure jsonValue is freed if an error occurs during parsing or type checking[0m
[35md:\Projects\_Pending\Ntfy_local - Copy (4)\Source\JSONConfig.pas (125):         if Assigned(jsonValue) then jsonValue.Free;[0m
[35md:\Projects\_Pending\Ntfy_local - Copy (4)\Source\JSONConfig.pas (126):         raise Exception.CreateFmt('TJSONConfig.LoadFromFile: Error parsing JSON from file: %s',[aFilePath]);[0m
[35md:\Projects\_Pending\Ntfy_local - Copy (4)\Source\JSONConfig.pas (132):       raise Exception.CreateFmt('TJSONConfig.LoadFromFile: Error reading config file: %s',[aFilePath]);[0m
[35md:\Projects\_Pending\Ntfy_local - Copy (4)\Source\JSONConfig.pas (137): function TJSONConfig.SaveToFile(const aFilePath: string): Boolean;[0m
[35md:\Projects\_Pending\Ntfy_local - Copy (4)\Source\JSONConfig.pas (143):     TFile.WriteAllText(aFilePath, fJSONObject.ToJSON);[0m
[35md:\Projects\_Pending\Ntfy_local - Copy (4)\Source\JSONConfig.pas (148):       raise Exception.CreateFmt('TJSONConfig.SaveToFile: Error saving config file to: %s',[aFilePath]);[0m
[35md:\Projects\_Pending\Ntfy_local - Copy (4)\Source\JSONConfig.pas (153): function TJSONConfig.HasKey(const aKey: string): Boolean;[0m
[35md:\Projects\_Pending\Ntfy_local - Copy (4)\Source\JSONConfig.pas (155):   Result := GetJsonValue(aKey) <> nil;[0m
[35md:\Projects\_Pending\Ntfy_local - Copy (4)\Source\JSONConfig.pas (158): procedure TJSONConfig.DeleteKey(const aKey: string);[0m
[35md:\Projects\_Pending\Ntfy_local - Copy (4)\Source\JSONConfig.pas (160):   value: TJsonValue;[0m
[35md:\Projects\_Pending\Ntfy_local - Copy (4)\Source\JSONConfig.pas (162):   value := GetJsonValue(aKey);[0m
[35md:\Projects\_Pending\Ntfy_local - Copy (4)\Source\JSONConfig.pas (163):   if Assigned(value) then fJSONObject.RemovePair(aKey);[0m
[35md:\Projects\_Pending\Ntfy_local - Copy (4)\Source\JSONConfig.pas (166): procedure TJSONConfig.SetString(const aKey, aValue: string);[0m
[35md:\Projects\_Pending\Ntfy_local - Copy (4)\Source\JSONConfig.pas (168):   fJSONObject.AddPair(aKey, aValue);[0m
[35md:\Projects\_Pending\Ntfy_local - Copy (4)\Source\JSONConfig.pas (171): procedure TJSONConfig.SetInteger(const aKey: string; aValue: Integer);[0m
[35md:\Projects\_Pending\Ntfy_local - Copy (4)\Source\JSONConfig.pas (173):   fJSONObject.AddPair(aKey, TJSONNumber.Create(aValue));[0m
[35md:\Projects\_Pending\Ntfy_local - Copy (4)\Source\JSONConfig.pas (176): procedure TJSONConfig.SetFloat(const aKey: string; aValue: Double);[0m
[35md:\Projects\_Pending\Ntfy_local - Copy (4)\Source\JSONConfig.pas (178):   fJSONObject.AddPair(aKey, TJSONNumber.Create(aValue));[0m
[35md:\Projects\_Pending\Ntfy_local - Copy (4)\Source\JSONConfig.pas (181): procedure TJSONConfig.SetBoolean(const aKey: string; aValue: Boolean);[0m
[35md:\Projects\_Pending\Ntfy_local - Copy (4)\Source\JSONConfig.pas (183):   fJSONObject.AddPair(aKey, TJSONBool.Create(aValue));[0m
[35md:\Projects\_Pending\Ntfy_local - Copy (4)\Source\JSONConfig.pas (186): procedure TJSONConfig.SetDateTime(const aKey: string; aValue: TDateTime);[0m
[35md:\Projects\_Pending\Ntfy_local - Copy (4)\Source\JSONConfig.pas (190):   fJSONObject.AddPair(aKey, DateToISO8601(aValue));[0m
[35md:\Projects\_Pending\Ntfy_local - Copy (4)\Source\JSONConfig.pas (193): procedure TJSONConfig.SetTime(const aKey: string; aValue: TTime);[0m
[35md:\Projects\_Pending\Ntfy_local - Copy (4)\Source\JSONConfig.pas (195):   fJSONObject.AddPair(aKey, FormatDateTime('hh:nn', aValue));[0m
[35md:\Projects\_Pending\Ntfy_local - Copy (4)\Source\JSONConfig.pas (198): procedure TJSONConfig.SetJSONArray(const aKey: string; aValue: TJSONArray);[0m
[35md:\Projects\_Pending\Ntfy_local - Copy (4)\Source\JSONConfig.pas (202):   fJSONObject.AddPair(aKey, TJSONArray(aValue.Clone));[0m
[35md:\Projects\_Pending\Ntfy_local - Copy (4)\Source\JSONConfig.pas (205): function TJSONConfig.GetString(const aKey: string; const aDefault: string): string;[0m
[35md:\Projects\_Pending\Ntfy_local - Copy (4)\Source\JSONConfig.pas (207):   jsonValue: TJsonValue;[0m
[35md:\Projects\_Pending\Ntfy_local - Copy (4)\Source\JSONConfig.pas (209):   jsonValue := GetJsonValue(aKey);[0m
[35md:\Projects\_Pending\Ntfy_local - Copy (4)\Source\JSONConfig.pas (210):   if Assigned(jsonValue) and (jsonValue is TJSONString) then[0m
[35md:\Projects\_Pending\Ntfy_local - Copy (4)\Source\JSONConfig.pas (211):     Result := TJSONString(jsonValue).Value[0m
[35md:\Projects\_Pending\Ntfy_local - Copy (4)\Source\JSONConfig.pas (216): function TJSONConfig.GetInteger(const aKey: string; const aDefault: Integer): Integer;[0m
[35md:\Projects\_Pending\Ntfy_local - Copy (4)\Source\JSONConfig.pas (218):   jsonValue: TJsonValue;[0m
[35md:\Projects\_Pending\Ntfy_local - Copy (4)\Source\JSONConfig.pas (221):   jsonValue := GetJsonValue(aKey);[0m
[35md:\Projects\_Pending\Ntfy_local - Copy (4)\Source\JSONConfig.pas (222):   if Assigned(jsonValue) then[0m
[35md:\Projects\_Pending\Ntfy_local - Copy (4)\Source\JSONConfig.pas (224):     if (jsonValue is TJSONNumber) then[0m
[35md:\Projects\_Pending\Ntfy_local - Copy (4)\Source\JSONConfig.pas (227):         Result := TJSONNumber(jsonValue).AsInt;[0m
[35md:\Projects\_Pending\Ntfy_local - Copy (4)\Source\JSONConfig.pas (231):           raise Exception.CreateFmt('TJSONConfig.GetInteger: Error converting JSON number to Integer for Key: %s', [aKey]);[0m
[35md:\Projects\_Pending\Ntfy_local - Copy (4)\Source\JSONConfig.pas (237):       raise Exception.CreateFmt('TJSONConfig.GetInteger: Value for Key "%s" is not a JSON Number.', [aKey]);[0m
[35md:\Projects\_Pending\Ntfy_local - Copy (4)\Source\JSONConfig.pas (242): function TJSONConfig.GetFloat(const aKey: string; const aDefault: Double): Double;[0m
[35md:\Projects\_Pending\Ntfy_local - Copy (4)\Source\JSONConfig.pas (244):   jsonValue: TJsonValue;[0m
[35md:\Projects\_Pending\Ntfy_local - Copy (4)\Source\JSONConfig.pas (247):   jsonValue := GetJsonValue(aKey);[0m
[35md:\Projects\_Pending\Ntfy_local - Copy (4)\Source\JSONConfig.pas (248):   if Assigned(jsonValue) then[0m
[35md:\Projects\_Pending\Ntfy_local - Copy (4)\Source\JSONConfig.pas (250):     if (jsonValue is TJSONNumber) then[0m
[35md:\Projects\_Pending\Ntfy_local - Copy (4)\Source\JSONConfig.pas (253):         Result := TJSONNumber(jsonValue).AsDouble;[0m
[35md:\Projects\_Pending\Ntfy_local - Copy (4)\Source\JSONConfig.pas (257):           raise Exception.CreateFmt('TJSONConfig.GetFloat: Error converting JSON number to Float for Key: %s', [aKey]);[0m
[35md:\Projects\_Pending\Ntfy_local - Copy (4)\Source\JSONConfig.pas (263):       raise Exception.CreateFmt('TJSONConfig.GetFloat: Value for Key "%s" is not a JSON Number.', [aKey]);[0m
[35md:\Projects\_Pending\Ntfy_local - Copy (4)\Source\JSONConfig.pas (268): function TJSONConfig.GetBoolean(const aKey: string; const aDefault: Boolean): Boolean;[0m
[35md:\Projects\_Pending\Ntfy_local - Copy (4)\Source\JSONConfig.pas (270):   jsonValue: TJsonValue;[0m
[35md:\Projects\_Pending\Ntfy_local - Copy (4)\Source\JSONConfig.pas (272):   jsonValue := GetJsonValue(aKey);[0m
[35md:\Projects\_Pending\Ntfy_local - Copy (4)\Source\JSONConfig.pas (273):   if Assigned(jsonValue) and (jsonValue is TJSONBool) then[0m
[35md:\Projects\_Pending\Ntfy_local - Copy (4)\Source\JSONConfig.pas (274):     Result := TJSONBool(jsonValue).AsBoolean[0m
[35md:\Projects\_Pending\Ntfy_local - Copy (4)\Source\JSONConfig.pas (279): function TJSONConfig.GetDateTime(const aKey: string; const aDefault: TDateTime): TDateTime;[0m
[35md:\Projects\_Pending\Ntfy_local - Copy (4)\Source\JSONConfig.pas (281):   jsonValue: TJsonValue;[0m
[35md:\Projects\_Pending\Ntfy_local - Copy (4)\Source\JSONConfig.pas (285):   jsonValue := GetJsonValue(aKey);[0m
[35md:\Projects\_Pending\Ntfy_local - Copy (4)\Source\JSONConfig.pas (286):   if Assigned(jsonValue) then[0m
[35md:\Projects\_Pending\Ntfy_local - Copy (4)\Source\JSONConfig.pas (288):     if (jsonValue is TJSONString) then[0m
[35md:\Projects\_Pending\Ntfy_local - Copy (4)\Source\JSONConfig.pas (290):       datetimeStr := TJSONString(jsonValue).Value;[0m
[35md:\Projects\_Pending\Ntfy_local - Copy (4)\Source\JSONConfig.pas (297):           raise Exception.CreateFmt('TJSONConfig.GetDateTime: Error parsing DateTime string for key %s', [aKey]);[0m
[35md:\Projects\_Pending\Ntfy_local - Copy (4)\Source\JSONConfig.pas (303):       raise Exception.CreateFmt('TJSONConfig.GetDateTime: Value for Key "%s" is not a JSON String.', [aKey]);[0m
[35md:\Projects\_Pending\Ntfy_local - Copy (4)\Source\JSONConfig.pas (308): function TJSONConfig.GetTime(const aKey: string; const aDefault: TTime): TTime;[0m
[35md:\Projects\_Pending\Ntfy_local - Copy (4)\Source\JSONConfig.pas (310):   jsonValue: TJsonValue;[0m
[35md:\Projects\_Pending\Ntfy_local - Copy (4)\Source\JSONConfig.pas (314):   jsonValue := GetJsonValue(aKey);[0m
[35md:\Projects\_Pending\Ntfy_local - Copy (4)\Source\JSONConfig.pas (315):   if Assigned(jsonValue) then[0m
[35md:\Projects\_Pending\Ntfy_local - Copy (4)\Source\JSONConfig.pas (317):     if (jsonValue is TJSONString) then[0m
[35md:\Projects\_Pending\Ntfy_local - Copy (4)\Source\JSONConfig.pas (319):       timeStr := TJSONString(jsonValue).Value;[0m
[35md:\Projects\_Pending\Ntfy_local - Copy (4)\Source\JSONConfig.pas (325):           raise Exception.CreateFmt('TJSONConfig.GetTime: Error parsing Time string for key %s', [aKey]);[0m
[35md:\Projects\_Pending\Ntfy_local - Copy (4)\Source\JSONConfig.pas (331):       raise Exception.CreateFmt('TJSONConfig.GetTime: Value for Key "%s" is not a JSON String.', [aKey]);[0m
[35md:\Projects\_Pending\Ntfy_local - Copy (4)\Source\JSONConfig.pas (336): function TJSONConfig.GetJSONArray(const aKey: string): TJSONArray;[0m
[35md:\Projects\_Pending\Ntfy_local - Copy (4)\Source\JSONConfig.pas (338):   jsonValue: TJsonValue;[0m
[35md:\Projects\_Pending\Ntfy_local - Copy (4)\Source\JSONConfig.pas (341):   jsonValue := GetJsonValue(aKey);[0m
[35md:\Projects\_Pending\Ntfy_local - Copy (4)\Source\JSONConfig.pas (342):   if Assigned(jsonValue) and (jsonValue is TJSONArray) then[0m
[35md:\Projects\_Pending\Ntfy_local - Copy (4)\Source\JSONConfig.pas (344):     Result := TJSONArray(jsonValue.Clone)[0m
[35md:\Projects\_Pending\Ntfy_local - Copy (4)\Source\JSONConfig.pas (348): function TJSONConfig.GetValue: string;[0m
[35md:\Projects\_Pending\Ntfy_local - Copy (4)\Source\JSONConfig.pas (350):   Result := fJSONObject.ToJSON;[0m
[35md:\Projects\_Pending\Ntfy_local - Copy (4)\Source\JSONConfig.pas (353): procedure TJSONConfig.SetValue(const aValue: string);[0m
[35md:\Projects\_Pending\Ntfy_local - Copy (4)\Source\JSONConfig.pas (355):   newJSONObject: TJSONObject;[0m
[35md:\Projects\_Pending\Ntfy_local - Copy (4)\Source\JSONConfig.pas (356):   jsonValue: TJsonValue;[0m
[35md:\Projects\_Pending\Ntfy_local - Copy (4)\Source\JSONConfig.pas (358):   jsonValue := nil; // Initialize to nil[0m
[35md:\Projects\_Pending\Ntfy_local - Copy (4)\Source\JSONConfig.pas (360):     jsonValue := TJSONObject.ParseJsonValue(aValue); // Parse the input string[0m
[35md:\Projects\_Pending\Ntfy_local - Copy (4)\Source\JSONConfig.pas (361):     if Assigned(jsonValue) and (jsonValue is TJSONObject) then[0m
[35md:\Projects\_Pending\Ntfy_local - Copy (4)\Source\JSONConfig.pas (363):       newJSONObject := jsonValue as TJSONObject; // Cast to TJSONObject[0m
[35md:\Projects\_Pending\Ntfy_local - Copy (4)\Source\JSONConfig.pas (364):       fJSONObject.Free; // Free the old object to prevent memory leaks[0m
[35md:\Projects\_Pending\Ntfy_local - Copy (4)\Source\JSONConfig.pas (365):       fJSONObject := newJSONObject; // Assign the new object[0m
[35md:\Projects\_Pending\Ntfy_local - Copy (4)\Source\JSONConfig.pas (369):       // If parsing fails or the root is not a JSON object, raise an exception[0m
[35md:\Projects\_Pending\Ntfy_local - Copy (4)\Source\JSONConfig.pas (370):       raise Exception.Create('TJSONConfig.SetValue: Invalid JSON format or not a JSON Object.');[0m
[35md:\Projects\_Pending\Ntfy_local - Copy (4)\Source\JSONConfig.pas (373):     // Ensure JSONValue is freed only if it's not the one assigned to fJSONObject[0m
[35md:\Projects\_Pending\Ntfy_local - Copy (4)\Source\JSONConfig.pas (374):     if Assigned(jsonValue) and (jsonValue <> fJSONObject) then jsonValue.Free;[0m
[32mFOUND: d:\Projects\_Pending\Ntfy_local - Copy (4)\Source\Main.pas[0m
[35md:\Projects\_Pending\Ntfy_local - Copy (4)\Source\Main.pas (7):   System.SysUtils, System.Variants, System.Classes, System.IOUtils, System.JSON, System.DateUtils,[0m
[35md:\Projects\_Pending\Ntfy_local - Copy (4)\Source\Main.pas (12):   NtfyClient, JSONConfig, NotifierSettings;[0m
[35md:\Projects\_Pending\Ntfy_local - Copy (4)\Source\Main.pas (61):     FConfig: TJSONConfig;[0m
[35md:\Projects\_Pending\Ntfy_local - Copy (4)\Source\Main.pas (94):   CONFIG_FILE = 'ntfy_settings.json';[0m
[35md:\Projects\_Pending\Ntfy_local - Copy (4)\Source\Main.pas (103):   FConfig := TJSONConfig.Create;[0m
[32mFOUND: d:\Projects\_Pending\Ntfy_local - Copy (4)\Source\MainReceive.pas[0m
[35md:\Projects\_Pending\Ntfy_local - Copy (4)\Source\MainReceive.pas (7):   System.SysUtils, System.Variants, System.Classes, System.IOUtils, System.JSON, System.DateUtils,[0m
[35md:\Projects\_Pending\Ntfy_local - Copy (4)\Source\MainReceive.pas (11):   NtfyClient, JSONConfig, NotifierSettings, NtfyEmoji;[0m
[35md:\Projects\_Pending\Ntfy_local - Copy (4)\Source\MainReceive.pas (56):     FConfig: TJSONConfig;[0m
[35md:\Projects\_Pending\Ntfy_local - Copy (4)\Source\MainReceive.pas (85):   CONFIG_FILE = 'NtfyConfig.json';[0m
[35md:\Projects\_Pending\Ntfy_local - Copy (4)\Source\MainReceive.pas (94):   FConfig := TJSONConfig.Create;[0m
[32mFOUND: d:\Projects\_Pending\Ntfy_local - Copy (4)\Source\MainSend.pas[0m
[35md:\Projects\_Pending\Ntfy_local - Copy (4)\Source\MainSend.pas (7):   System.SysUtils, System.Variants, System.Classes, System.IOUtils, System.JSON, System.DateUtils,[0m
[35md:\Projects\_Pending\Ntfy_local - Copy (4)\Source\MainSend.pas (10):   NtfyClient, JSONConfig, NotifierSettings;[0m
[35md:\Projects\_Pending\Ntfy_local - Copy (4)\Source\MainSend.pas (46):     FConfig: TJSONConfig;[0m
[35md:\Projects\_Pending\Ntfy_local - Copy (4)\Source\MainSend.pas (72):   CONFIG_FILE = 'NtfyConfig.json';[0m
[35md:\Projects\_Pending\Ntfy_local - Copy (4)\Source\MainSend.pas (81):   FConfig := TJSONConfig.Create;[0m
[32mFOUND: d:\Projects\_Pending\Ntfy_local - Copy (4)\Source\NotifierSettings.pas[0m
[35md:\Projects\_Pending\Ntfy_local - Copy (4)\Source\NotifierSettings.pas (7):   System.SysUtils, System.Variants, System.Classes, System.JSON, Vcl.Graphics,[0m
[35md:\Projects\_Pending\Ntfy_local - Copy (4)\Source\NotifierSettings.pas (10):   JSONConfig, NtfyClient;[0m
[35md:\Projects\_Pending\Ntfy_local - Copy (4)\Source\NotifierSettings.pas (51):     procedure Read(aConfig: TJSONConfig);[0m
[35md:\Projects\_Pending\Ntfy_local - Copy (4)\Source\NotifierSettings.pas (52):     procedure Write(aConfig: TJSONConfig);[0m
[35md:\Projects\_Pending\Ntfy_local - Copy (4)\Source\NotifierSettings.pas (98):     FConfig: TJSONConfig;[0m
[35md:\Projects\_Pending\Ntfy_local - Copy (4)\Source\NotifierSettings.pas (222): procedure TSettings.Read(aConfig: TJSONConfig);[0m
[35md:\Projects\_Pending\Ntfy_local - Copy (4)\Source\NotifierSettings.pas (225):   tagsArray: TJSONArray;[0m
[35md:\Projects\_Pending\Ntfy_local - Copy (4)\Source\NotifierSettings.pas (244):   tagsArray := aConfig.GetJSONArray('TagsList');[0m
[35md:\Projects\_Pending\Ntfy_local - Copy (4)\Source\NotifierSettings.pas (250):         if tagsArray.Items[I] is TJSONString then[0m
[35md:\Projects\_Pending\Ntfy_local - Copy (4)\Source\NotifierSettings.pas (251):           FTagsList.Add(TJSONString(tagsArray.Items[I]).Value);[0m
[35md:\Projects\_Pending\Ntfy_local - Copy (4)\Source\NotifierSettings.pas (259): procedure TSettings.Write(aConfig: TJSONConfig);[0m
[35md:\Projects\_Pending\Ntfy_local - Copy (4)\Source\NotifierSettings.pas (261):   tagsArray: TJSONArray;[0m
[35md:\Projects\_Pending\Ntfy_local - Copy (4)\Source\NotifierSettings.pas (280):   tagsArray := TJSONArray.Create;[0m
[35md:\Projects\_Pending\Ntfy_local - Copy (4)\Source\NotifierSettings.pas (284):     aConfig.SetJSONArray('TagsList', tagsArray);[0m
[35md:\Projects\_Pending\Ntfy_local - Copy (4)\Source\NotifierSettings.pas (295):   FConfig := TJSONConfig.Create;[0m
[32mFOUND: d:\Projects\_Pending\Ntfy_local - Copy (4)\Source\NtfyClient.pas[0m
[35md:\Projects\_Pending\Ntfy_local - Copy (4)\Source\NtfyClient.pas (6):   System.SysUtils, System.Classes, System.JSON, REST.Client, REST.Types;[0m
[35md:\Projects\_Pending\Ntfy_local - Copy (4)\Source\NtfyClient.pas (123):   cJSON: TJSONValue;[0m
[35md:\Projects\_Pending\Ntfy_local - Copy (4)\Source\NtfyClient.pas (134):     cRequest.Resource := FTopic + '/json';[0m
[35md:\Projects\_Pending\Ntfy_local - Copy (4)\Source\NtfyClient.pas (149):           { Parse the NDJSON response by splitting it into lines }[0m
[35md:\Projects\_Pending\Ntfy_local - Copy (4)\Source\NtfyClient.pas (158):             cJSON := TJSONObject.ParseJSONValue(cLine);[0m
[35md:\Projects\_Pending\Ntfy_local - Copy (4)\Source\NtfyClient.pas (159):             if Assigned(cJSON) then[0m
[35md:\Projects\_Pending\Ntfy_local - Copy (4)\Source\NtfyClient.pas (162):               if cJSON.TryGetValue<string>('event', cEvent) and (cEvent = cEventMessage) then[0m
[35md:\Projects\_Pending\Ntfy_local - Copy (4)\Source\NtfyClient.pas (164):                 cJSON.TryGetValue<string>('id', cID);[0m
[35md:\Projects\_Pending\Ntfy_local - Copy (4)\Source\NtfyClient.pas (165):                 cJSON.TryGetValue<string>('message', cMessage);[0m
[35md:\Projects\_Pending\Ntfy_local - Copy (4)\Source\NtfyClient.pas (167):                 if not cJSON.TryGetValue<string>('title', cTitle) then cTitle := '';[0m
[35md:\Projects\_Pending\Ntfy_local - Copy (4)\Source\NtfyClient.pas (169):                 { tags is a JSON array - join the items into a comma-separated string }[0m
[35md:\Projects\_Pending\Ntfy_local - Copy (4)\Source\NtfyClient.pas (171):                 var tagsVal: TJSONValue;[0m
[35md:\Projects\_Pending\Ntfy_local - Copy (4)\Source\NtfyClient.pas (172):                 if cJSON.TryGetValue<TJSONValue>('tags', tagsVal) and (tagsVal is TJSONArray) then[0m
[35md:\Projects\_Pending\Ntfy_local - Copy (4)\Source\NtfyClient.pas (174):                   var tagsArr := TJSONArray(tagsVal);[0m
[35md:\Projects\_Pending\Ntfy_local - Copy (4)\Source\NtfyClient.pas (185):                 if not cJSON.TryGetValue<Int64>('time', cTime) then cTime := 0;[0m
[35md:\Projects\_Pending\Ntfy_local - Copy (4)\Source\NtfyClient.pas (193):               cJSON.Free;[0m
[32mFOUND: d:\Projects\_Pending\Ntfy_local - Copy (4)\_Saved\NtfyClient-NET-method.pas[0m
[35md:\Projects\_Pending\Ntfy_local - Copy (4)\_Saved\NtfyClient-NET-method.pas (6):   System.SysUtils, System.Classes, System.Net.HttpClient, System.Net.URLClient, System.JSON;[0m
[35md:\Projects\_Pending\Ntfy_local - Copy (4)\_Saved\NtfyClient-NET-method.pas (128):   cJSON: TJSONValue;[0m
[35md:\Projects\_Pending\Ntfy_local - Copy (4)\_Saved\NtfyClient-NET-method.pas (134):   cURL := FServerURL + '/' + FTopic + '/json?poll=1';[0m
[35md:\Projects\_Pending\Ntfy_local - Copy (4)\_Saved\NtfyClient-NET-method.pas (147):         { The poll endpoint returns NDJSON (Newline Delimited JSON). [0m
[35md:\Projects\_Pending\Ntfy_local - Copy (4)\_Saved\NtfyClient-NET-method.pas (148):           We split by line and parse each JSON object independently. }[0m
[35md:\Projects\_Pending\Ntfy_local - Copy (4)\_Saved\NtfyClient-NET-method.pas (157):           cJSON := TJSONObject.ParseJSONValue(cLine);[0m
[35md:\Projects\_Pending\Ntfy_local - Copy (4)\_Saved\NtfyClient-NET-method.pas (158):           if Assigned(cJSON) then[0m
[35md:\Projects\_Pending\Ntfy_local - Copy (4)\_Saved\NtfyClient-NET-method.pas (161):             if cJSON.TryGetValue<string>('event', cEvent) and (cEvent = cEventMessage) then[0m
[35md:\Projects\_Pending\Ntfy_local - Copy (4)\_Saved\NtfyClient-NET-method.pas (163):               cJSON.TryGetValue<string>('id', cID);[0m
[35md:\Projects\_Pending\Ntfy_local - Copy (4)\_Saved\NtfyClient-NET-method.pas (164):               cJSON.TryGetValue<string>('message', cMessage);[0m
[35md:\Projects\_Pending\Ntfy_local - Copy (4)\_Saved\NtfyClient-NET-method.pas (166):               if not cJSON.TryGetValue<string>('title', cTitle) then cTitle := '';[0m
[35md:\Projects\_Pending\Ntfy_local - Copy (4)\_Saved\NtfyClient-NET-method.pas (167):               if not cJSON.TryGetValue<string>('tags', cTags) then cTags := '';[0m
[35md:\Projects\_Pending\Ntfy_local - Copy (4)\_Saved\NtfyClient-NET-method.pas (168):               if not cJSON.TryGetValue<Int64>('time', cTime) then cTime := 0;[0m
[35md:\Projects\_Pending\Ntfy_local - Copy (4)\_Saved\NtfyClient-NET-method.pas (177):             cJSON.Free;[0m
[32mFOUND: d:\Projects\_Pending\Ntfy_local - Copy (5)\Source\JSONConfig.pas[0m
[35md:\Projects\_Pending\Ntfy_local - Copy (5)\Source\JSONConfig.pas (1): unit JSONConfig;[0m
[35md:\Projects\_Pending\Ntfy_local - Copy (5)\Source\JSONConfig.pas (9):   System.JSON, System.Generics.Collections;[0m
[35md:\Projects\_Pending\Ntfy_local - Copy (5)\Source\JSONConfig.pas (12):   TJSONConfig = class[0m
[35md:\Projects\_Pending\Ntfy_local - Copy (5)\Source\JSONConfig.pas (15):     fJSONObject: TJSONObject;[0m
[35md:\Projects\_Pending\Ntfy_local - Copy (5)\Source\JSONConfig.pas (18):     function GetJsonValue(const aKey: string): TJsonValue;[0m
[35md:\Projects\_Pending\Ntfy_local - Copy (5)\Source\JSONConfig.pas (42):     procedure SetJSONArray(const aKey: string; aValue: TJSONArray);[0m
[35md:\Projects\_Pending\Ntfy_local - Copy (5)\Source\JSONConfig.pas (51):     function GetJSONArray(const aKey: string): TJSONArray;[0m
[35md:\Projects\_Pending\Ntfy_local - Copy (5)\Source\JSONConfig.pas (59): { TJSONConfig }[0m
[35md:\Projects\_Pending\Ntfy_local - Copy (5)\Source\JSONConfig.pas (61): constructor TJSONConfig.Create;[0m
[35md:\Projects\_Pending\Ntfy_local - Copy (5)\Source\JSONConfig.pas (64):   fJSONObject := TJSONObject.Create;[0m
[35md:\Projects\_Pending\Ntfy_local - Copy (5)\Source\JSONConfig.pas (68): destructor TJSONConfig.Destroy;[0m
[35md:\Projects\_Pending\Ntfy_local - Copy (5)\Source\JSONConfig.pas (70):   fJSONObject.Free;[0m
[35md:\Projects\_Pending\Ntfy_local - Copy (5)\Source\JSONConfig.pas (74): procedure TJSONConfig.Clear;[0m
[35md:\Projects\_Pending\Ntfy_local - Copy (5)\Source\JSONConfig.pas (76):   fJSONObject.Free;[0m
[35md:\Projects\_Pending\Ntfy_local - Copy (5)\Source\JSONConfig.pas (77):   fJSONObject := TJSONObject.Create;[0m
[35md:\Projects\_Pending\Ntfy_local - Copy (5)\Source\JSONConfig.pas (80): function TJSONConfig.GetJsonValue(const aKey: string): TJsonValue;[0m
[35md:\Projects\_Pending\Ntfy_local - Copy (5)\Source\JSONConfig.pas (82):   Result := fJSONObject.GetValue(aKey);[0m
[35md:\Projects\_Pending\Ntfy_local - Copy (5)\Source\JSONConfig.pas (85): function TJSONConfig.LoadFromFile(const aFilePath: string; aCreateIfNotExists: Boolean = False): Boolean;[0m
[35md:\Projects\_Pending\Ntfy_local - Copy (5)\Source\JSONConfig.pas (87):   jsonString: string;[0m
[35md:\Projects\_Pending\Ntfy_local - Copy (5)\Source\JSONConfig.pas (88):   jsonValue: TJsonValue;[0m
[35md:\Projects\_Pending\Ntfy_local - Copy (5)\Source\JSONConfig.pas (102):       raise Exception.CreateFmt('TJSONConfig.LoadFromFile: Configuration file not found: %s',[aFilePath]);[0m
[35md:\Projects\_Pending\Ntfy_local - Copy (5)\Source\JSONConfig.pas (107):     jsonString := TFile.ReadAllText(aFilePath);[0m
[35md:\Projects\_Pending\Ntfy_local - Copy (5)\Source\JSONConfig.pas (108):     jsonValue := TJSONObject.ParseJsonValue(jsonString);[0m
[35md:\Projects\_Pending\Ntfy_local - Copy (5)\Source\JSONConfig.pas (110):       if Assigned(jsonValue) and (jsonValue is TJSONObject) then[0m
[35md:\Projects\_Pending\Ntfy_local - Copy (5)\Source\JSONConfig.pas (112):         fJSONObject.Free; // Free existing object[0m
[35md:\Projects\_Pending\Ntfy_local - Copy (5)\Source\JSONConfig.pas (113):         fJSONObject := jsonValue as TJSONObject; // Assign new object[0m
[35md:\Projects\_Pending\Ntfy_local - Copy (5)\Source\JSONConfig.pas (118):         jsonValue.Free; // Free the non-object JSON value[0m
[35md:\Projects\_Pending\Ntfy_local - Copy (5)\Source\JSONConfig.pas (119):         raise Exception.CreateFmt('TJSONConfig.LoadFromFile: Invalid JSON structure in file: %s',[aFilePath]);[0m
[35md:\Projects\_Pending\Ntfy_local - Copy (5)\Source\JSONConfig.pas (124):         // Ensure jsonValue is freed if an error occurs during parsing or type checking[0m
[35md:\Projects\_Pending\Ntfy_local - Copy (5)\Source\JSONConfig.pas (125):         if Assigned(jsonValue) then jsonValue.Free;[0m
[35md:\Projects\_Pending\Ntfy_local - Copy (5)\Source\JSONConfig.pas (126):         raise Exception.CreateFmt('TJSONConfig.LoadFromFile: Error parsing JSON from file: %s',[aFilePath]);[0m
[35md:\Projects\_Pending\Ntfy_local - Copy (5)\Source\JSONConfig.pas (132):       raise Exception.CreateFmt('TJSONConfig.LoadFromFile: Error reading config file: %s',[aFilePath]);[0m
[35md:\Projects\_Pending\Ntfy_local - Copy (5)\Source\JSONConfig.pas (137): function TJSONConfig.SaveToFile(const aFilePath: string): Boolean;[0m
[35md:\Projects\_Pending\Ntfy_local - Copy (5)\Source\JSONConfig.pas (143):     TFile.WriteAllText(aFilePath, fJSONObject.ToJSON);[0m
[35md:\Projects\_Pending\Ntfy_local - Copy (5)\Source\JSONConfig.pas (148):       raise Exception.CreateFmt('TJSONConfig.SaveToFile: Error saving config file to: %s',[aFilePath]);[0m
[35md:\Projects\_Pending\Ntfy_local - Copy (5)\Source\JSONConfig.pas (153): function TJSONConfig.HasKey(const aKey: string): Boolean;[0m
[35md:\Projects\_Pending\Ntfy_local - Copy (5)\Source\JSONConfig.pas (155):   Result := GetJsonValue(aKey) <> nil;[0m
[35md:\Projects\_Pending\Ntfy_local - Copy (5)\Source\JSONConfig.pas (158): procedure TJSONConfig.DeleteKey(const aKey: string);[0m
[35md:\Projects\_Pending\Ntfy_local - Copy (5)\Source\JSONConfig.pas (160):   value: TJsonValue;[0m
[35md:\Projects\_Pending\Ntfy_local - Copy (5)\Source\JSONConfig.pas (162):   value := GetJsonValue(aKey);[0m
[35md:\Projects\_Pending\Ntfy_local - Copy (5)\Source\JSONConfig.pas (163):   if Assigned(value) then fJSONObject.RemovePair(aKey);[0m
[35md:\Projects\_Pending\Ntfy_local - Copy (5)\Source\JSONConfig.pas (166): procedure TJSONConfig.SetString(const aKey, aValue: string);[0m
[35md:\Projects\_Pending\Ntfy_local - Copy (5)\Source\JSONConfig.pas (168):   fJSONObject.AddPair(aKey, aValue);[0m
[35md:\Projects\_Pending\Ntfy_local - Copy (5)\Source\JSONConfig.pas (171): procedure TJSONConfig.SetInteger(const aKey: string; aValue: Integer);[0m
[35md:\Projects\_Pending\Ntfy_local - Copy (5)\Source\JSONConfig.pas (173):   fJSONObject.AddPair(aKey, TJSONNumber.Create(aValue));[0m
[35md:\Projects\_Pending\Ntfy_local - Copy (5)\Source\JSONConfig.pas (176): procedure TJSONConfig.SetFloat(const aKey: string; aValue: Double);[0m
[35md:\Projects\_Pending\Ntfy_local - Copy (5)\Source\JSONConfig.pas (178):   fJSONObject.AddPair(aKey, TJSONNumber.Create(aValue));[0m
[35md:\Projects\_Pending\Ntfy_local - Copy (5)\Source\JSONConfig.pas (181): procedure TJSONConfig.SetBoolean(const aKey: string; aValue: Boolean);[0m
[35md:\Projects\_Pending\Ntfy_local - Copy (5)\Source\JSONConfig.pas (183):   fJSONObject.AddPair(aKey, TJSONBool.Create(aValue));[0m
[35md:\Projects\_Pending\Ntfy_local - Copy (5)\Source\JSONConfig.pas (186): procedure TJSONConfig.SetDateTime(const aKey: string; aValue: TDateTime);[0m
[35md:\Projects\_Pending\Ntfy_local - Copy (5)\Source\JSONConfig.pas (190):   fJSONObject.AddPair(aKey, DateToISO8601(aValue));[0m
[35md:\Projects\_Pending\Ntfy_local - Copy (5)\Source\JSONConfig.pas (193): procedure TJSONConfig.SetTime(const aKey: string; aValue: TTime);[0m
[35md:\Projects\_Pending\Ntfy_local - Copy (5)\Source\JSONConfig.pas (195):   fJSONObject.AddPair(aKey, FormatDateTime('hh:nn', aValue));[0m
[35md:\Projects\_Pending\Ntfy_local - Copy (5)\Source\JSONConfig.pas (198): procedure TJSONConfig.SetJSONArray(const aKey: string; aValue: TJSONArray);[0m
[35md:\Projects\_Pending\Ntfy_local - Copy (5)\Source\JSONConfig.pas (202):   fJSONObject.AddPair(aKey, TJSONArray(aValue.Clone));[0m
[35md:\Projects\_Pending\Ntfy_local - Copy (5)\Source\JSONConfig.pas (205): function TJSONConfig.GetString(const aKey: string; const aDefault: string): string;[0m
[35md:\Projects\_Pending\Ntfy_local - Copy (5)\Source\JSONConfig.pas (207):   jsonValue: TJsonValue;[0m
[35md:\Projects\_Pending\Ntfy_local - Copy (5)\Source\JSONConfig.pas (209):   jsonValue := GetJsonValue(aKey);[0m
[35md:\Projects\_Pending\Ntfy_local - Copy (5)\Source\JSONConfig.pas (210):   if Assigned(jsonValue) and (jsonValue is TJSONString) then[0m
[35md:\Projects\_Pending\Ntfy_local - Copy (5)\Source\JSONConfig.pas (211):     Result := TJSONString(jsonValue).Value[0m
[35md:\Projects\_Pending\Ntfy_local - Copy (5)\Source\JSONConfig.pas (216): function TJSONConfig.GetInteger(const aKey: string; const aDefault: Integer): Integer;[0m
[35md:\Projects\_Pending\Ntfy_local - Copy (5)\Source\JSONConfig.pas (218):   jsonValue: TJsonValue;[0m
[35md:\Projects\_Pending\Ntfy_local - Copy (5)\Source\JSONConfig.pas (221):   jsonValue := GetJsonValue(aKey);[0m
[35md:\Projects\_Pending\Ntfy_local - Copy (5)\Source\JSONConfig.pas (222):   if Assigned(jsonValue) then[0m
[35md:\Projects\_Pending\Ntfy_local - Copy (5)\Source\JSONConfig.pas (224):     if (jsonValue is TJSONNumber) then[0m
[35md:\Projects\_Pending\Ntfy_local - Copy (5)\Source\JSONConfig.pas (227):         Result := TJSONNumber(jsonValue).AsInt;[0m
[35md:\Projects\_Pending\Ntfy_local - Copy (5)\Source\JSONConfig.pas (231):           raise Exception.CreateFmt('TJSONConfig.GetInteger: Error converting JSON number to Integer for Key: %s', [aKey]);[0m
[35md:\Projects\_Pending\Ntfy_local - Copy (5)\Source\JSONConfig.pas (237):       raise Exception.CreateFmt('TJSONConfig.GetInteger: Value for Key "%s" is not a JSON Number.', [aKey]);[0m
[35md:\Projects\_Pending\Ntfy_local - Copy (5)\Source\JSONConfig.pas (242): function TJSONConfig.GetFloat(const aKey: string; const aDefault: Double): Double;[0m
[35md:\Projects\_Pending\Ntfy_local - Copy (5)\Source\JSONConfig.pas (244):   jsonValue: TJsonValue;[0m
[35md:\Projects\_Pending\Ntfy_local - Copy (5)\Source\JSONConfig.pas (247):   jsonValue := GetJsonValue(aKey);[0m
[35md:\Projects\_Pending\Ntfy_local - Copy (5)\Source\JSONConfig.pas (248):   if Assigned(jsonValue) then[0m
[35md:\Projects\_Pending\Ntfy_local - Copy (5)\Source\JSONConfig.pas (250):     if (jsonValue is TJSONNumber) then[0m
[35md:\Projects\_Pending\Ntfy_local - Copy (5)\Source\JSONConfig.pas (253):         Result := TJSONNumber(jsonValue).AsDouble;[0m
[35md:\Projects\_Pending\Ntfy_local - Copy (5)\Source\JSONConfig.pas (257):           raise Exception.CreateFmt('TJSONConfig.GetFloat: Error converting JSON number to Float for Key: %s', [aKey]);[0m
[35md:\Projects\_Pending\Ntfy_local - Copy (5)\Source\JSONConfig.pas (263):       raise Exception.CreateFmt('TJSONConfig.GetFloat: Value for Key "%s" is not a JSON Number.', [aKey]);[0m
[35md:\Projects\_Pending\Ntfy_local - Copy (5)\Source\JSONConfig.pas (268): function TJSONConfig.GetBoolean(const aKey: string; const aDefault: Boolean): Boolean;[0m
[35md:\Projects\_Pending\Ntfy_local - Copy (5)\Source\JSONConfig.pas (270):   jsonValue: TJsonValue;[0m
[35md:\Projects\_Pending\Ntfy_local - Copy (5)\Source\JSONConfig.pas (272):   jsonValue := GetJsonValue(aKey);[0m
[35md:\Projects\_Pending\Ntfy_local - Copy (5)\Source\JSONConfig.pas (273):   if Assigned(jsonValue) and (jsonValue is TJSONBool) then[0m
[35md:\Projects\_Pending\Ntfy_local - Copy (5)\Source\JSONConfig.pas (274):     Result := TJSONBool(jsonValue).AsBoolean[0m
[35md:\Projects\_Pending\Ntfy_local - Copy (5)\Source\JSONConfig.pas (279): function TJSONConfig.GetDateTime(const aKey: string; const aDefault: TDateTime): TDateTime;[0m
[35md:\Projects\_Pending\Ntfy_local - Copy (5)\Source\JSONConfig.pas (281):   jsonValue: TJsonValue;[0m
[35md:\Projects\_Pending\Ntfy_local - Copy (5)\Source\JSONConfig.pas (285):   jsonValue := GetJsonValue(aKey);[0m
[35md:\Projects\_Pending\Ntfy_local - Copy (5)\Source\JSONConfig.pas (286):   if Assigned(jsonValue) then[0m
[35md:\Projects\_Pending\Ntfy_local - Copy (5)\Source\JSONConfig.pas (288):     if (jsonValue is TJSONString) then[0m
[35md:\Projects\_Pending\Ntfy_local - Copy (5)\Source\JSONConfig.pas (290):       datetimeStr := TJSONString(jsonValue).Value;[0m
[35md:\Projects\_Pending\Ntfy_local - Copy (5)\Source\JSONConfig.pas (297):           raise Exception.CreateFmt('TJSONConfig.GetDateTime: Error parsing DateTime string for key %s', [aKey]);[0m
[35md:\Projects\_Pending\Ntfy_local - Copy (5)\Source\JSONConfig.pas (303):       raise Exception.CreateFmt('TJSONConfig.GetDateTime: Value for Key "%s" is not a JSON String.', [aKey]);[0m
[35md:\Projects\_Pending\Ntfy_local - Copy (5)\Source\JSONConfig.pas (308): function TJSONConfig.GetTime(const aKey: string; const aDefault: TTime): TTime;[0m
[35md:\Projects\_Pending\Ntfy_local - Copy (5)\Source\JSONConfig.pas (310):   jsonValue: TJsonValue;[0m
[35md:\Projects\_Pending\Ntfy_local - Copy (5)\Source\JSONConfig.pas (314):   jsonValue := GetJsonValue(aKey);[0m
[35md:\Projects\_Pending\Ntfy_local - Copy (5)\Source\JSONConfig.pas (315):   if Assigned(jsonValue) then[0m
[35md:\Projects\_Pending\Ntfy_local - Copy (5)\Source\JSONConfig.pas (317):     if (jsonValue is TJSONString) then[0m
[35md:\Projects\_Pending\Ntfy_local - Copy (5)\Source\JSONConfig.pas (319):       timeStr := TJSONString(jsonValue).Value;[0m
[35md:\Projects\_Pending\Ntfy_local - Copy (5)\Source\JSONConfig.pas (325):           raise Exception.CreateFmt('TJSONConfig.GetTime: Error parsing Time string for key %s', [aKey]);[0m
[35md:\Projects\_Pending\Ntfy_local - Copy (5)\Source\JSONConfig.pas (331):       raise Exception.CreateFmt('TJSONConfig.GetTime: Value for Key "%s" is not a JSON String.', [aKey]);[0m
[35md:\Projects\_Pending\Ntfy_local - Copy (5)\Source\JSONConfig.pas (336): function TJSONConfig.GetJSONArray(const aKey: string): TJSONArray;[0m
[35md:\Projects\_Pending\Ntfy_local - Copy (5)\Source\JSONConfig.pas (338):   jsonValue: TJsonValue;[0m
[35md:\Projects\_Pending\Ntfy_local - Copy (5)\Source\JSONConfig.pas (341):   jsonValue := GetJsonValue(aKey);[0m
[35md:\Projects\_Pending\Ntfy_local - Copy (5)\Source\JSONConfig.pas (342):   if Assigned(jsonValue) and (jsonValue is TJSONArray) then[0m
[35md:\Projects\_Pending\Ntfy_local - Copy (5)\Source\JSONConfig.pas (344):     Result := TJSONArray(jsonValue.Clone)[0m
[35md:\Projects\_Pending\Ntfy_local - Copy (5)\Source\JSONConfig.pas (348): function TJSONConfig.GetValue: string;[0m
[35md:\Projects\_Pending\Ntfy_local - Copy (5)\Source\JSONConfig.pas (350):   Result := fJSONObject.ToJSON;[0m
[35md:\Projects\_Pending\Ntfy_local - Copy (5)\Source\JSONConfig.pas (353): procedure TJSONConfig.SetValue(const aValue: string);[0m
[35md:\Projects\_Pending\Ntfy_local - Copy (5)\Source\JSONConfig.pas (355):   newJSONObject: TJSONObject;[0m
[35md:\Projects\_Pending\Ntfy_local - Copy (5)\Source\JSONConfig.pas (356):   jsonValue: TJsonValue;[0m
[35md:\Projects\_Pending\Ntfy_local - Copy (5)\Source\JSONConfig.pas (358):   jsonValue := nil; // Initialize to nil[0m
[35md:\Projects\_Pending\Ntfy_local - Copy (5)\Source\JSONConfig.pas (360):     jsonValue := TJSONObject.ParseJsonValue(aValue); // Parse the input string[0m
[35md:\Projects\_Pending\Ntfy_local - Copy (5)\Source\JSONConfig.pas (361):     if Assigned(jsonValue) and (jsonValue is TJSONObject) then[0m
[35md:\Projects\_Pending\Ntfy_local - Copy (5)\Source\JSONConfig.pas (363):       newJSONObject := jsonValue as TJSONObject; // Cast to TJSONObject[0m
[35md:\Projects\_Pending\Ntfy_local - Copy (5)\Source\JSONConfig.pas (364):       fJSONObject.Free; // Free the old object to prevent memory leaks[0m
[35md:\Projects\_Pending\Ntfy_local - Copy (5)\Source\JSONConfig.pas (365):       fJSONObject := newJSONObject; // Assign the new object[0m
[35md:\Projects\_Pending\Ntfy_local - Copy (5)\Source\JSONConfig.pas (369):       // If parsing fails or the root is not a JSON object, raise an exception[0m
[35md:\Projects\_Pending\Ntfy_local - Copy (5)\Source\JSONConfig.pas (370):       raise Exception.Create('TJSONConfig.SetValue: Invalid JSON format or not a JSON Object.');[0m
[35md:\Projects\_Pending\Ntfy_local - Copy (5)\Source\JSONConfig.pas (373):     // Ensure JSONValue is freed only if it's not the one assigned to fJSONObject[0m
[35md:\Projects\_Pending\Ntfy_local - Copy (5)\Source\JSONConfig.pas (374):     if Assigned(jsonValue) and (jsonValue <> fJSONObject) then jsonValue.Free;[0m
[32mFOUND: d:\Projects\_Pending\Ntfy_local - Copy (5)\Source\Main.pas[0m
[35md:\Projects\_Pending\Ntfy_local - Copy (5)\Source\Main.pas (7):   System.SysUtils, System.Variants, System.Classes, System.IOUtils, System.JSON, System.DateUtils,[0m
[35md:\Projects\_Pending\Ntfy_local - Copy (5)\Source\Main.pas (12):   NtfyClient, JSONConfig, NotifierSettings;[0m
[35md:\Projects\_Pending\Ntfy_local - Copy (5)\Source\Main.pas (61):     FConfig: TJSONConfig;[0m
[35md:\Projects\_Pending\Ntfy_local - Copy (5)\Source\Main.pas (94):   CONFIG_FILE = 'ntfy_settings.json';[0m
[35md:\Projects\_Pending\Ntfy_local - Copy (5)\Source\Main.pas (103):   FConfig := TJSONConfig.Create;[0m
[32mFOUND: d:\Projects\_Pending\Ntfy_local - Copy (5)\Source\MainReceive.pas[0m
[35md:\Projects\_Pending\Ntfy_local - Copy (5)\Source\MainReceive.pas (7):   System.SysUtils, System.Variants, System.Classes, System.IOUtils, System.JSON, System.DateUtils,[0m
[35md:\Projects\_Pending\Ntfy_local - Copy (5)\Source\MainReceive.pas (11):   NtfyClient, JSONConfig, NotifierSettings, NtfyEmoji, MessageDisplay,[0m
[35md:\Projects\_Pending\Ntfy_local - Copy (5)\Source\MainReceive.pas (54):     FConfig: TJSONConfig;[0m
[35md:\Projects\_Pending\Ntfy_local - Copy (5)\Source\MainReceive.pas (83):   CONFIG_FILE = 'NtfyConfig.json';[0m
[35md:\Projects\_Pending\Ntfy_local - Copy (5)\Source\MainReceive.pas (92):   FConfig := TJSONConfig.Create;[0m
[32mFOUND: d:\Projects\_Pending\Ntfy_local - Copy (5)\Source\MainSend.pas[0m
[35md:\Projects\_Pending\Ntfy_local - Copy (5)\Source\MainSend.pas (7):   System.SysUtils, System.Variants, System.Classes, System.IOUtils, System.JSON, System.DateUtils,[0m
[35md:\Projects\_Pending\Ntfy_local - Copy (5)\Source\MainSend.pas (10):   NtfyClient, JSONConfig, NotifierSettings;[0m
[35md:\Projects\_Pending\Ntfy_local - Copy (5)\Source\MainSend.pas (45):     FConfig: TJSONConfig;[0m
[35md:\Projects\_Pending\Ntfy_local - Copy (5)\Source\MainSend.pas (71):   CONFIG_FILE = 'NtfyConfig.json';[0m
[35md:\Projects\_Pending\Ntfy_local - Copy (5)\Source\MainSend.pas (80):   FConfig := TJSONConfig.Create;[0m
[32mFOUND: d:\Projects\_Pending\Ntfy_local - Copy (5)\Source\NotifierSettings.pas[0m
[35md:\Projects\_Pending\Ntfy_local - Copy (5)\Source\NotifierSettings.pas (7):   System.SysUtils, System.Variants, System.Classes, System.JSON, Vcl.Graphics,[0m
[35md:\Projects\_Pending\Ntfy_local - Copy (5)\Source\NotifierSettings.pas (12):   JSONConfig, NtfyClient;[0m
[35md:\Projects\_Pending\Ntfy_local - Copy (5)\Source\NotifierSettings.pas (53):     procedure Read(aConfig: TJSONConfig);[0m
[35md:\Projects\_Pending\Ntfy_local - Copy (5)\Source\NotifierSettings.pas (54):     procedure Write(aConfig: TJSONConfig);[0m
[35md:\Projects\_Pending\Ntfy_local - Copy (5)\Source\NotifierSettings.pas (100):     FConfig: TJSONConfig;[0m
[35md:\Projects\_Pending\Ntfy_local - Copy (5)\Source\NotifierSettings.pas (224): procedure TSettings.Read(aConfig: TJSONConfig);[0m
[35md:\Projects\_Pending\Ntfy_local - Copy (5)\Source\NotifierSettings.pas (227):   tagsArray: TJSONArray;[0m
[35md:\Projects\_Pending\Ntfy_local - Copy (5)\Source\NotifierSettings.pas (246):   tagsArray := aConfig.GetJSONArray('TagsList');[0m
[35md:\Projects\_Pending\Ntfy_local - Copy (5)\Source\NotifierSettings.pas (252):         if tagsArray.Items[I] is TJSONString then[0m
[35md:\Projects\_Pending\Ntfy_local - Copy (5)\Source\NotifierSettings.pas (253):           FTagsList.Add(TJSONString(tagsArray.Items[I]).Value);[0m
[35md:\Projects\_Pending\Ntfy_local - Copy (5)\Source\NotifierSettings.pas (261): procedure TSettings.Write(aConfig: TJSONConfig);[0m
[35md:\Projects\_Pending\Ntfy_local - Copy (5)\Source\NotifierSettings.pas (263):   tagsArray: TJSONArray;[0m
[35md:\Projects\_Pending\Ntfy_local - Copy (5)\Source\NotifierSettings.pas (282):   tagsArray := TJSONArray.Create;[0m
[35md:\Projects\_Pending\Ntfy_local - Copy (5)\Source\NotifierSettings.pas (286):     aConfig.SetJSONArray('TagsList', tagsArray);[0m
[35md:\Projects\_Pending\Ntfy_local - Copy (5)\Source\NotifierSettings.pas (297):   FConfig := TJSONConfig.Create;[0m
[32mFOUND: d:\Projects\_Pending\Ntfy_local - Copy (5)\Source\NtfyClient.pas[0m
[35md:\Projects\_Pending\Ntfy_local - Copy (5)\Source\NtfyClient.pas (6):   System.SysUtils, System.Classes, System.JSON,[0m
[35md:\Projects\_Pending\Ntfy_local - Copy (5)\Source\NtfyClient.pas (125):   cJSON: TJSONValue;[0m
[35md:\Projects\_Pending\Ntfy_local - Copy (5)\Source\NtfyClient.pas (136):     cRequest.Resource := FTopic + '/json';[0m
[35md:\Projects\_Pending\Ntfy_local - Copy (5)\Source\NtfyClient.pas (151):           { Parse the NDJSON response by splitting it into lines }[0m
[35md:\Projects\_Pending\Ntfy_local - Copy (5)\Source\NtfyClient.pas (160):             cJSON := TJSONObject.ParseJSONValue(cLine);[0m
[35md:\Projects\_Pending\Ntfy_local - Copy (5)\Source\NtfyClient.pas (161):             if Assigned(cJSON) then[0m
[35md:\Projects\_Pending\Ntfy_local - Copy (5)\Source\NtfyClient.pas (164):               if cJSON.TryGetValue<string>('event', cEvent) and (cEvent = cEventMessage) then[0m
[35md:\Projects\_Pending\Ntfy_local - Copy (5)\Source\NtfyClient.pas (166):                 cJSON.TryGetValue<string>('id', cID);[0m
[35md:\Projects\_Pending\Ntfy_local - Copy (5)\Source\NtfyClient.pas (167):                 cJSON.TryGetValue<string>('message', cMessage);[0m
[35md:\Projects\_Pending\Ntfy_local - Copy (5)\Source\NtfyClient.pas (169):                 if not cJSON.TryGetValue<string>('title', cTitle) then cTitle := '';[0m
[35md:\Projects\_Pending\Ntfy_local - Copy (5)\Source\NtfyClient.pas (171):                 { tags is a JSON array - join the items into a comma-separated string }[0m
[35md:\Projects\_Pending\Ntfy_local - Copy (5)\Source\NtfyClient.pas (173):                 var tagsVal: TJSONValue;[0m
[35md:\Projects\_Pending\Ntfy_local - Copy (5)\Source\NtfyClient.pas (174):                 if cJSON.TryGetValue<TJSONValue>('tags', tagsVal) and (tagsVal is TJSONArray) then[0m
[35md:\Projects\_Pending\Ntfy_local - Copy (5)\Source\NtfyClient.pas (176):                   var tagsArr := TJSONArray(tagsVal);[0m
[35md:\Projects\_Pending\Ntfy_local - Copy (5)\Source\NtfyClient.pas (187):                 if not cJSON.TryGetValue<Int64>('time', cTime) then cTime := 0;[0m
[35md:\Projects\_Pending\Ntfy_local - Copy (5)\Source\NtfyClient.pas (195):               cJSON.Free;[0m
[32mFOUND: d:\Projects\_Pending\Ntfy_local - Copy (5)\_Saved\NtfyClient-NET-method.pas[0m
[35md:\Projects\_Pending\Ntfy_local - Copy (5)\_Saved\NtfyClient-NET-method.pas (6):   System.SysUtils, System.Classes, System.Net.HttpClient, System.Net.URLClient, System.JSON;[0m
[35md:\Projects\_Pending\Ntfy_local - Copy (5)\_Saved\NtfyClient-NET-method.pas (128):   cJSON: TJSONValue;[0m
[35md:\Projects\_Pending\Ntfy_local - Copy (5)\_Saved\NtfyClient-NET-method.pas (134):   cURL := FServerURL + '/' + FTopic + '/json?poll=1';[0m
[35md:\Projects\_Pending\Ntfy_local - Copy (5)\_Saved\NtfyClient-NET-method.pas (147):         { The poll endpoint returns NDJSON (Newline Delimited JSON). [0m
[35md:\Projects\_Pending\Ntfy_local - Copy (5)\_Saved\NtfyClient-NET-method.pas (148):           We split by line and parse each JSON object independently. }[0m
[35md:\Projects\_Pending\Ntfy_local - Copy (5)\_Saved\NtfyClient-NET-method.pas (157):           cJSON := TJSONObject.ParseJSONValue(cLine);[0m
[35md:\Projects\_Pending\Ntfy_local - Copy (5)\_Saved\NtfyClient-NET-method.pas (158):           if Assigned(cJSON) then[0m
[35md:\Projects\_Pending\Ntfy_local - Copy (5)\_Saved\NtfyClient-NET-method.pas (161):             if cJSON.TryGetValue<string>('event', cEvent) and (cEvent = cEventMessage) then[0m
[35md:\Projects\_Pending\Ntfy_local - Copy (5)\_Saved\NtfyClient-NET-method.pas (163):               cJSON.TryGetValue<string>('id', cID);[0m
[35md:\Projects\_Pending\Ntfy_local - Copy (5)\_Saved\NtfyClient-NET-method.pas (164):               cJSON.TryGetValue<string>('message', cMessage);[0m
[35md:\Projects\_Pending\Ntfy_local - Copy (5)\_Saved\NtfyClient-NET-method.pas (166):               if not cJSON.TryGetValue<string>('title', cTitle) then cTitle := '';[0m
[35md:\Projects\_Pending\Ntfy_local - Copy (5)\_Saved\NtfyClient-NET-method.pas (167):               if not cJSON.TryGetValue<string>('tags', cTags) then cTags := '';[0m
[35md:\Projects\_Pending\Ntfy_local - Copy (5)\_Saved\NtfyClient-NET-method.pas (168):               if not cJSON.TryGetValue<Int64>('time', cTime) then cTime := 0;[0m
[35md:\Projects\_Pending\Ntfy_local - Copy (5)\_Saved\NtfyClient-NET-method.pas (177):             cJSON.Free;[0m
[32mFOUND: d:\Projects\_Pending\UsefulClasses_local\Demos\Logger\Main.pas[0m
[35md:\Projects\_Pending\UsefulClasses_local\Demos\Logger\Main.pas (47):   TLogger.SetOutputFormat(TLogOutputFormat.JSON);[0m
[35md:\Projects\_Pending\UsefulClasses_local\Demos\Logger\Main.pas (53):   cbFormat.Items.Add('JSON');[0m
[35md:\Projects\_Pending\UsefulClasses_local\Demos\Logger\Main.pas (109):     2: TLogger.SetOutputFormat(TLogOutputFormat.JSON);[0m
[32mFOUND: d:\Projects\_Pending\UsefulClasses_local\Resources\unit JsonDatasetConverter;.pas[0m
[35md:\Projects\_Pending\UsefulClasses_local\Resources\unit JsonDatasetConverter;.pas (1): unit JsonDatasetConverter;[0m
[35md:\Projects\_Pending\UsefulClasses_local\Resources\unit JsonDatasetConverter;.pas (6):   System.Classes, System.SysUtils, System.JSON, System.Variants, [0m
[35md:\Projects\_Pending\UsefulClasses_local\Resources\unit JsonDatasetConverter;.pas (11):   TJsonFieldType = (jftString, jftInteger, jftFloat, jftBoolean, jftDateTime, [0m
[35md:\Projects\_Pending\UsefulClasses_local\Resources\unit JsonDatasetConverter;.pas (16):     FieldType: TJsonFieldType;[0m
[35md:\Projects\_Pending\UsefulClasses_local\Resources\unit JsonDatasetConverter;.pas (21):   TJsonToDatasetConverter = class[0m
[35md:\Projects\_Pending\UsefulClasses_local\Resources\unit JsonDatasetConverter;.pas (31):     function DetectFieldType(const AValue: TJSONValue; var AMaxLength: Integer): TJsonFieldType;[0m
[35md:\Projects\_Pending\UsefulClasses_local\Resources\unit JsonDatasetConverter;.pas (35):     procedure AnalyzeJsonStructure(const AJson: TJSONValue; const APrefix: string = '');[0m
[35md:\Projects\_Pending\UsefulClasses_local\Resources\unit JsonDatasetConverter;.pas (37):     procedure PopulateDatasetFromJson(const AJson: TJSONValue);[0m
[35md:\Projects\_Pending\UsefulClasses_local\Resources\unit JsonDatasetConverter;.pas (38):     procedure ProcessJsonObject(const AJsonObj: TJSONObject; const ARecord: TClientDataSet);[0m
[35md:\Projects\_Pending\UsefulClasses_local\Resources\unit JsonDatasetConverter;.pas (39):     procedure ProcessJsonObjectFlattened(const AJsonObj: TJSONObject; const ARecord: TClientDataSet; const APrefix: string = '');[0m
[35md:\Projects\_Pending\UsefulClasses_local\Resources\unit JsonDatasetConverter;.pas (40):     procedure ProcessJsonArray(const AJsonArray: TJSONArray; const AFieldName: string; const ARecord: TClientDataSet);[0m
[35md:\Projects\_Pending\UsefulClasses_local\Resources\unit JsonDatasetConverter;.pas (41):     function JsonValueToVariant(const AValue: TJSONValue; AFieldType: TJsonFieldType): Variant;[0m
[35md:\Projects\_Pending\UsefulClasses_local\Resources\unit JsonDatasetConverter;.pas (50):     function JsonStringToDataset(const AJsonString: string): TClientDataSet;[0m
[35md:\Projects\_Pending\UsefulClasses_local\Resources\unit JsonDatasetConverter;.pas (51):     function JsonObjectToDataset(const AJsonObject: TJSONObject): TClientDataSet;[0m
[35md:\Projects\_Pending\UsefulClasses_local\Resources\unit JsonDatasetConverter;.pas (52):     function JsonArrayToDataset(const AJsonArray: TJSONArray): TClientDataSet;[0m
[35md:\Projects\_Pending\UsefulClasses_local\Resources\unit JsonDatasetConverter;.pas (68): constructor TJsonToDatasetConverter.Create;[0m
[35md:\Projects\_Pending\UsefulClasses_local\Resources\unit JsonDatasetConverter;.pas (90): destructor TJsonToDatasetConverter.Destroy;[0m
[35md:\Projects\_Pending\UsefulClasses_local\Resources\unit JsonDatasetConverter;.pas (97): function TJsonToDatasetConverter.SanitizeFieldName(const AName: string): string;[0m
[35md:\Projects\_Pending\UsefulClasses_local\Resources\unit JsonDatasetConverter;.pas (118): function TJsonToDatasetConverter.TryParseDateTime(const AValue: string; out ADateTime: TDateTime): Boolean;[0m
[35md:\Projects\_Pending\UsefulClasses_local\Resources\unit JsonDatasetConverter;.pas (163): function TJsonToDatasetConverter.TryParseDate(const AValue: string; out ADate: TDateTime): Boolean;[0m
[35md:\Projects\_Pending\UsefulClasses_local\Resources\unit JsonDatasetConverter;.pas (170): function TJsonToDatasetConverter.TryParseTime(const AValue: string; out ATime: TDateTime): Boolean;[0m
[35md:\Projects\_Pending\UsefulClasses_local\Resources\unit JsonDatasetConverter;.pas (177): function TJsonToDatasetConverter.DetectFieldType(const AValue: TJSONValue; var AMaxLength: Integer): TJsonFieldType;[0m
[35md:\Projects\_Pending\UsefulClasses_local\Resources\unit JsonDatasetConverter;.pas (184):   if AValue is TJSONNull then[0m
[35md:\Projects\_Pending\UsefulClasses_local\Resources\unit JsonDatasetConverter;.pas (190):   if AValue is TJSONBool then[0m
[35md:\Projects\_Pending\UsefulClasses_local\Resources\unit JsonDatasetConverter;.pas (196):   if AValue is TJSONNumber then[0m
[35md:\Projects\_Pending\UsefulClasses_local\Resources\unit JsonDatasetConverter;.pas (198):     if TJSONNumber(AValue).AsDouble = Trunc(TJSONNumber(AValue).AsDouble) then[0m
[35md:\Projects\_Pending\UsefulClasses_local\Resources\unit JsonDatasetConverter;.pas (205):   if AValue is TJSONArray then[0m
[35md:\Projects\_Pending\UsefulClasses_local\Resources\unit JsonDatasetConverter;.pas (211):   if AValue is TJSONObject then[0m
[35md:\Projects\_Pending\UsefulClasses_local\Resources\unit JsonDatasetConverter;.pas (218):   if AValue is TJSONString then[0m
[35md:\Projects\_Pending\UsefulClasses_local\Resources\unit JsonDatasetConverter;.pas (255): procedure TJsonToDatasetConverter.AnalyzeJsonStructure(const AJson: TJSONValue; const APrefix: string);[0m
[35md:\Projects\_Pending\UsefulClasses_local\Resources\unit JsonDatasetConverter;.pas (257):   JsonObj: TJSONObject;[0m
[35md:\Projects\_Pending\UsefulClasses_local\Resources\unit JsonDatasetConverter;.pas (258):   JsonArray: TJSONArray;[0m
[35md:\Projects\_Pending\UsefulClasses_local\Resources\unit JsonDatasetConverter;.pas (259):   Pair: TJSONPair;[0m
[35md:\Projects\_Pending\UsefulClasses_local\Resources\unit JsonDatasetConverter;.pas (266):   if AJson is TJSONObject then[0m
[35md:\Projects\_Pending\UsefulClasses_local\Resources\unit JsonDatasetConverter;.pas (268):     JsonObj := TJSONObject(AJson);[0m
[35md:\Projects\_Pending\UsefulClasses_local\Resources\unit JsonDatasetConverter;.pas (269):     for Pair in JsonObj do[0m
[35md:\Projects\_Pending\UsefulClasses_local\Resources\unit JsonDatasetConverter;.pas (271):       FieldName := SanitizeFieldName(APrefix + Pair.JsonString.Value);[0m
[35md:\Projects\_Pending\UsefulClasses_local\Resources\unit JsonDatasetConverter;.pas (275):       FieldInfo.FieldType := DetectFieldType(Pair.JsonValue, MaxLen);[0m
[35md:\Projects\_Pending\UsefulClasses_local\Resources\unit JsonDatasetConverter;.pas (302):       if Pair.JsonValue is TJSONObject then[0m
[35md:\Projects\_Pending\UsefulClasses_local\Resources\unit JsonDatasetConverter;.pas (303):         AnalyzeJsonStructure(Pair.JsonValue, APrefix + Pair.JsonString.Value + '_')[0m
[35md:\Projects\_Pending\UsefulClasses_local\Resources\unit JsonDatasetConverter;.pas (304):       else if Pair.JsonValue is TJSONArray then[0m
[35md:\Projects\_Pending\UsefulClasses_local\Resources\unit JsonDatasetConverter;.pas (306):         JsonArray := TJSONArray(Pair.JsonValue);[0m
[35md:\Projects\_Pending\UsefulClasses_local\Resources\unit JsonDatasetConverter;.pas (307):         if JsonArray.Count > 0 then[0m
[35md:\Projects\_Pending\UsefulClasses_local\Resources\unit JsonDatasetConverter;.pas (310):           if JsonArray.Items[0] is TJSONObject then[0m
[35md:\Projects\_Pending\UsefulClasses_local\Resources\unit JsonDatasetConverter;.pas (311):             AnalyzeJsonStructure(JsonArray.Items[0], APrefix + Pair.JsonString.Value + '_');[0m
[35md:\Projects\_Pending\UsefulClasses_local\Resources\unit JsonDatasetConverter;.pas (316):   else if AJson is TJSONArray then[0m
[35md:\Projects\_Pending\UsefulClasses_local\Resources\unit JsonDatasetConverter;.pas (318):     JsonArray := TJSONArray(AJson);[0m
[35md:\Projects\_Pending\UsefulClasses_local\Resources\unit JsonDatasetConverter;.pas (319):     for i := 0 to JsonArray.Count - 1 do[0m
[35md:\Projects\_Pending\UsefulClasses_local\Resources\unit JsonDatasetConverter;.pas (321):       AnalyzeJsonStructure(JsonArray.Items[i], APrefix);[0m
[35md:\Projects\_Pending\UsefulClasses_local\Resources\unit JsonDatasetConverter;.pas (326): procedure TJsonToDatasetConverter.CreateDatasetFields;[0m
[35md:\Projects\_Pending\UsefulClasses_local\Resources\unit JsonDatasetConverter;.pas (370): function TJsonToDatasetConverter.GetFieldInfo(const AFieldName: string): TFieldInfo;[0m
[35md:\Projects\_Pending\UsefulClasses_local\Resources\unit JsonDatasetConverter;.pas (390): function TJsonToDatasetConverter.JsonValueToVariant(const AValue: TJSONValue; AFieldType: TJsonFieldType): Variant;[0m
[35md:\Projects\_Pending\UsefulClasses_local\Resources\unit JsonDatasetConverter;.pas (395):   if AValue is TJSONNull then[0m
[35md:\Projects\_Pending\UsefulClasses_local\Resources\unit JsonDatasetConverter;.pas (405):       if AValue is TJSONNumber then[0m
[35md:\Projects\_Pending\UsefulClasses_local\Resources\unit JsonDatasetConverter;.pas (406):         Result := TJSONNumber(AValue).AsInt64[0m
[35md:\Projects\_Pending\UsefulClasses_local\Resources\unit JsonDatasetConverter;.pas (410):       if AValue is TJSONNumber then[0m
[35md:\Projects\_Pending\UsefulClasses_local\Resources\unit JsonDatasetConverter;.pas (411):         Result := TJSONNumber(AValue).AsDouble[0m
[35md:\Projects\_Pending\UsefulClasses_local\Resources\unit JsonDatasetConverter;.pas (415):       if AValue is TJSONBool then[0m
[35md:\Projects\_Pending\UsefulClasses_local\Resources\unit JsonDatasetConverter;.pas (416):         Result := TJSONBool(AValue).AsBoolean[0m
[35md:\Projects\_Pending\UsefulClasses_local\Resources\unit JsonDatasetConverter;.pas (428):       Result := AValue.ToJSON;[0m
[35md:\Projects\_Pending\UsefulClasses_local\Resources\unit JsonDatasetConverter;.pas (436): procedure TJsonToDatasetConverter.SetFieldValue(const ARecord: TClientDataSet; const AFieldName: string; const AValue: Variant);[0m
[35md:\Projects\_Pending\UsefulClasses_local\Resources\unit JsonDatasetConverter;.pas (457): procedure TJsonToDatasetConverter.ProcessJsonObjectFlattened(const AJsonObj: TJSONObject; const ARecord: TClientDataSet; const APrefix: string);[0m
[35md:\Projects\_Pending\UsefulClasses_local\Resources\unit JsonDatasetConverter;.pas (459):   Pair: TJSONPair;[0m
[35md:\Projects\_Pending\UsefulClasses_local\Resources\unit JsonDatasetConverter;.pas (464):   for Pair in AJsonObj do[0m
[35md:\Projects\_Pending\UsefulClasses_local\Resources\unit JsonDatasetConverter;.pas (466):     FieldName := SanitizeFieldName(APrefix + Pair.JsonString.Value);[0m
[35md:\Projects\_Pending\UsefulClasses_local\Resources\unit JsonDatasetConverter;.pas (469):     if Pair.JsonValue is TJSONObject then[0m
[35md:\Projects\_Pending\UsefulClasses_local\Resources\unit JsonDatasetConverter;.pas (472):       ProcessJsonObjectFlattened(TJSONObject(Pair.JsonValue), ARecord, APrefix + Pair.JsonString.Value + '_');[0m
[35md:\Projects\_Pending\UsefulClasses_local\Resources\unit JsonDatasetConverter;.pas (474):     else if Pair.JsonValue is TJSONArray then[0m
[35md:\Projects\_Pending\UsefulClasses_local\Resources\unit JsonDatasetConverter;.pas (476):       // Store array as JSON string[0m
[35md:\Projects\_Pending\UsefulClasses_local\Resources\unit JsonDatasetConverter;.pas (477):       SetFieldValue(ARecord, FieldName, Pair.JsonValue.ToJSON);[0m
[35md:\Projects\_Pending\UsefulClasses_local\Resources\unit JsonDatasetConverter;.pas (481):       Value := JsonValueToVariant(Pair.JsonValue, FieldInfo.FieldType);[0m
[35md:\Projects\_Pending\UsefulClasses_local\Resources\unit JsonDatasetConverter;.pas (487): procedure TJsonToDatasetConverter.ProcessJsonObject(const AJsonObj: TJSONObject; const ARecord: TClientDataSet);[0m
[35md:\Projects\_Pending\UsefulClasses_local\Resources\unit JsonDatasetConverter;.pas (489):   ProcessJsonObjectFlattened(AJsonObj, ARecord, '');[0m
[35md:\Projects\_Pending\UsefulClasses_local\Resources\unit JsonDatasetConverter;.pas (492): procedure TJsonToDatasetConverter.ProcessJsonArray(const AJsonArray: TJSONArray; const AFieldName: string; const ARecord: TClientDataSet);[0m
[35md:\Projects\_Pending\UsefulClasses_local\Resources\unit JsonDatasetConverter;.pas (494):   // Store entire array as JSON string[0m
[35md:\Projects\_Pending\UsefulClasses_local\Resources\unit JsonDatasetConverter;.pas (495):   SetFieldValue(ARecord, AFieldName, AJsonArray.ToJSON);[0m
[35md:\Projects\_Pending\UsefulClasses_local\Resources\unit JsonDatasetConverter;.pas (498): procedure TJsonToDatasetConverter.PopulateDatasetFromJson(const AJson: TJSONValue);[0m
[35md:\Projects\_Pending\UsefulClasses_local\Resources\unit JsonDatasetConverter;.pas (500):   JsonObj: TJSONObject;[0m
[35md:\Projects\_Pending\UsefulClasses_local\Resources\unit JsonDatasetConverter;.pas (501):   JsonArray: TJSONArray;[0m
[35md:\Projects\_Pending\UsefulClasses_local\Resources\unit JsonDatasetConverter;.pas (504):   if AJson is TJSONObject then[0m
[35md:\Projects\_Pending\UsefulClasses_local\Resources\unit JsonDatasetConverter;.pas (507):     ProcessJsonObject(TJSONObject(AJson), FDataset);[0m
[35md:\Projects\_Pending\UsefulClasses_local\Resources\unit JsonDatasetConverter;.pas (510):   else if AJson is TJSONArray then[0m
[35md:\Projects\_Pending\UsefulClasses_local\Resources\unit JsonDatasetConverter;.pas (512):     JsonArray := TJSONArray(AJson);[0m
[35md:\Projects\_Pending\UsefulClasses_local\Resources\unit JsonDatasetConverter;.pas (513):     for i := 0 to JsonArray.Count - 1 do[0m
[35md:\Projects\_Pending\UsefulClasses_local\Resources\unit JsonDatasetConverter;.pas (515):       if JsonArray.Items[i] is TJSONObject then[0m
[35md:\Projects\_Pending\UsefulClasses_local\Resources\unit JsonDatasetConverter;.pas (518):         ProcessJsonObject(TJSONObject(JsonArray.Items[i]), FDataset);[0m
[35md:\Projects\_Pending\UsefulClasses_local\Resources\unit JsonDatasetConverter;.pas (525): function TJsonToDatasetConverter.JsonStringToDataset(const AJsonString: string): TClientDataSet;[0m
[35md:\Projects\_Pending\UsefulClasses_local\Resources\unit JsonDatasetConverter;.pas (527):   JsonValue: TJSONValue;[0m
[35md:\Projects\_Pending\UsefulClasses_local\Resources\unit JsonDatasetConverter;.pas (533):     JsonValue := TJSONObject.ParseJSONValue(AJsonString);[0m
[35md:\Projects\_Pending\UsefulClasses_local\Resources\unit JsonDatasetConverter;.pas (534):     if JsonValue = nil then[0m
[35md:\Projects\_Pending\UsefulClasses_local\Resources\unit JsonDatasetConverter;.pas (535):       raise Exception.Create('Invalid JSON string');[0m
[35md:\Projects\_Pending\UsefulClasses_local\Resources\unit JsonDatasetConverter;.pas (539):       AnalyzeJsonStructure(JsonValue);[0m
[35md:\Projects\_Pending\UsefulClasses_local\Resources\unit JsonDatasetConverter;.pas (545):       PopulateDatasetFromJson(JsonValue);[0m
[35md:\Projects\_Pending\UsefulClasses_local\Resources\unit JsonDatasetConverter;.pas (549):       JsonValue.Free;[0m
[35md:\Projects\_Pending\UsefulClasses_local\Resources\unit JsonDatasetConverter;.pas (557): function TJsonToDatasetConverter.JsonObjectToDataset(const AJsonObject: TJSONObject): TClientDataSet;[0m
[35md:\Projects\_Pending\UsefulClasses_local\Resources\unit JsonDatasetConverter;.pas (564):     AnalyzeJsonStructure(AJsonObject);[0m
[35md:\Projects\_Pending\UsefulClasses_local\Resources\unit JsonDatasetConverter;.pas (570):     PopulateDatasetFromJson(AJsonObject);[0m
[35md:\Projects\_Pending\UsefulClasses_local\Resources\unit JsonDatasetConverter;.pas (579): function TJsonToDatasetConverter.JsonArrayToDataset(const AJsonArray: TJSONArray): TClientDataSet;[0m
[35md:\Projects\_Pending\UsefulClasses_local\Resources\unit JsonDatasetConverter;.pas (586):     AnalyzeJsonStructure(AJsonArray);[0m
[35md:\Projects\_Pending\UsefulClasses_local\Resources\unit JsonDatasetConverter;.pas (592):     PopulateDatasetFromJson(AJsonArray);[0m
[35md:\Projects\_Pending\UsefulClasses_local\Resources\unit JsonDatasetConverter;.pas (601): procedure TJsonToDatasetConverter.AddDateTimeFormat(const AFormat: string);[0m
[35md:\Projects\_Pending\UsefulClasses_local\Resources\unit JsonDatasetConverter;.pas (607): procedure TJsonToDatasetConverter.ClearDateTimeFormats;[0m
[32mFOUND: d:\Projects\_Pending\UsefulClasses_local\Resources\GDK\Importer\Common\Importer.Base.pas[0m
[35md:\Projects\_Pending\UsefulClasses_local\Resources\GDK\Importer\Common\Importer.Base.pas (34):   TImportFileFormat = ( ffCSV, ffJSON, ffHttp );[0m
[32mFOUND: d:\Projects\_Pending\UsefulClasses_local\Resources\GDK\Importer\Common\Importer.HTTP.pas[0m
[35md:\Projects\_Pending\UsefulClasses_local\Resources\GDK\Importer\Common\Importer.HTTP.pas (6): *            Description : Descended class for importing JSON files[0m
[35md:\Projects\_Pending\UsefulClasses_local\Resources\GDK\Importer\Common\Importer.HTTP.pas (32):   System.JSON.Readers, System.JSON.Types,[0m
[35md:\Projects\_Pending\UsefulClasses_local\Resources\GDK\Importer\Common\Importer.HTTP.pas (139):   Reader: TJsonTextReader;[0m
[35md:\Projects\_Pending\UsefulClasses_local\Resources\GDK\Importer\Common\Importer.HTTP.pas (150):     Reader := TJsonTextReader.Create(Sr);[0m
[35md:\Projects\_Pending\UsefulClasses_local\Resources\GDK\Importer\Common\Importer.HTTP.pas (174):       // actual JSON file downloaded from : http://api.oceandrivers.com/v1.0/getWebCams/[0m
[35md:\Projects\_Pending\UsefulClasses_local\Resources\GDK\Importer\Common\Importer.HTTP.pas (176):       // listData.LoadFromFile( '..\..\Resources\Files\http-data.json' );[0m
[35md:\Projects\_Pending\UsefulClasses_local\Resources\GDK\Importer\Common\Importer.HTTP.pas (191):           TJsonToken.PropertyName:[0m
[35md:\Projects\_Pending\UsefulClasses_local\Resources\GDK\Importer\Common\Importer.HTTP.pas (195):           // TODO: This doesn't seem right, as it relies on a set order in the JSON[0m
[35md:\Projects\_Pending\UsefulClasses_local\Resources\GDK\Importer\Common\Importer.HTTP.pas (197):           TJsonToken.Float:[0m
[35md:\Projects\_Pending\UsefulClasses_local\Resources\GDK\Importer\Common\Importer.HTTP.pas (213):           TJsonToken.String:[0m
[35md:\Projects\_Pending\UsefulClasses_local\Resources\GDK\Importer\Common\Importer.HTTP.pas (228):         then Error( 'JSON,Error while adding: ' + e.Message, FileFormat, item.ToString )[0m
[35md:\Projects\_Pending\UsefulClasses_local\Resources\GDK\Importer\Common\Importer.HTTP.pas (229):         else Error( 'JSON,Error while adding: ' + e.Message, FileFormat, '( No Item )' );[0m
[32mFOUND: d:\Projects\_Pending\UsefulClasses_local\Resources\GDK\Importer\Common\Importer.JSON.pas[0m
[35md:\Projects\_Pending\UsefulClasses_local\Resources\GDK\Importer\Common\Importer.JSON.pas (5): *        Source Filename : Importer.JSON.pas[0m
[35md:\Projects\_Pending\UsefulClasses_local\Resources\GDK\Importer\Common\Importer.JSON.pas (6): *            Description : Descended class for importing JSON files[0m
[35md:\Projects\_Pending\UsefulClasses_local\Resources\GDK\Importer\Common\Importer.JSON.pas (23): unit Importer.JSON;[0m
[35md:\Projects\_Pending\UsefulClasses_local\Resources\GDK\Importer\Common\Importer.JSON.pas (31):   //System.JSON,[0m
[35md:\Projects\_Pending\UsefulClasses_local\Resources\GDK\Importer\Common\Importer.JSON.pas (32):   System.JSON.Readers, System.JSON.Types,[0m
[35md:\Projects\_Pending\UsefulClasses_local\Resources\GDK\Importer\Common\Importer.JSON.pas (43):   TJSONImporter = class( TImporter )[0m
[35md:\Projects\_Pending\UsefulClasses_local\Resources\GDK\Importer\Common\Importer.JSON.pas (60): { TJSONImporter }[0m
[35md:\Projects\_Pending\UsefulClasses_local\Resources\GDK\Importer\Common\Importer.JSON.pas (62): constructor TJSONImporter.Create;[0m
[35md:\Projects\_Pending\UsefulClasses_local\Resources\GDK\Importer\Common\Importer.JSON.pas (64):   FileFormat := ffJSON;[0m
[35md:\Projects\_Pending\UsefulClasses_local\Resources\GDK\Importer\Common\Importer.JSON.pas (71): destructor TJSONImporter.Destroy;[0m
[35md:\Projects\_Pending\UsefulClasses_local\Resources\GDK\Importer\Common\Importer.JSON.pas (80): procedure TJSONImporter.Load( location: string );[0m
[35md:\Projects\_Pending\UsefulClasses_local\Resources\GDK\Importer\Common\Importer.JSON.pas (83):   Reader: TJsonTextReader;[0m
[35md:\Projects\_Pending\UsefulClasses_local\Resources\GDK\Importer\Common\Importer.JSON.pas (94):     Reader := TJsonTextReader.Create(Sr);[0m
[35md:\Projects\_Pending\UsefulClasses_local\Resources\GDK\Importer\Common\Importer.JSON.pas (127):             TJsonToken.PropertyName:[0m
[35md:\Projects\_Pending\UsefulClasses_local\Resources\GDK\Importer\Common\Importer.JSON.pas (133):             TJsonToken.StartObject:[0m
[35md:\Projects\_Pending\UsefulClasses_local\Resources\GDK\Importer\Common\Importer.JSON.pas (137):             TJsonToken.Integer:[0m
[35md:\Projects\_Pending\UsefulClasses_local\Resources\GDK\Importer\Common\Importer.JSON.pas (144):             TJsonToken.Float:[0m
[35md:\Projects\_Pending\UsefulClasses_local\Resources\GDK\Importer\Common\Importer.JSON.pas (151):             TJsonToken.String:[0m
[35md:\Projects\_Pending\UsefulClasses_local\Resources\GDK\Importer\Common\Importer.JSON.pas (163):             TJsonToken.EndObject:[0m
[35md:\Projects\_Pending\UsefulClasses_local\Resources\GDK\Importer\Common\Importer.JSON.pas (180):           then Error( 'JSON,Error while adding: ' + e.Message, FileFormat, item.ToString )[0m
[35md:\Projects\_Pending\UsefulClasses_local\Resources\GDK\Importer\Common\Importer.JSON.pas (181):           else Error( 'JSON,Error while adding: ' + e.Message, FileFormat, '( No Item )' );[0m
[35md:\Projects\_Pending\UsefulClasses_local\Resources\GDK\Importer\Common\Importer.JSON.pas (195): function TJSONImporter.IsImportValid: boolean;[0m
[35md:\Projects\_Pending\UsefulClasses_local\Resources\GDK\Importer\Common\Importer.JSON.pas (202): procedure TJSONImporter.Debug( const debug: string; const severity: TDebugSeverity );[0m
[35md:\Projects\_Pending\UsefulClasses_local\Resources\GDK\Importer\Common\Importer.JSON.pas (207): procedure TJSONImporter.Error( const error: string; const fileformat: TImportFileFormat; const itemAsString: string );[0m
[32mFOUND: d:\Projects\_Pending\UsefulClasses_local\Resources\GDK\Importer\DUnit\ModelTest.pas[0m
[35md:\Projects\_Pending\UsefulClasses_local\Resources\GDK\Importer\DUnit\ModelTest.pas (33):   Importer.JSON,[0m
[35md:\Projects\_Pending\UsefulClasses_local\Resources\GDK\Importer\DUnit\ModelTest.pas (72):     [Category('JSON')][0m
[35md:\Projects\_Pending\UsefulClasses_local\Resources\GDK\Importer\DUnit\ModelTest.pas (73):     procedure TestJSON_InvalidFile;[0m
[35md:\Projects\_Pending\UsefulClasses_local\Resources\GDK\Importer\DUnit\ModelTest.pas (76):     [Category('JSON')][0m
[35md:\Projects\_Pending\UsefulClasses_local\Resources\GDK\Importer\DUnit\ModelTest.pas (77):     procedure TestJSON_ValidFile;[0m
[35md:\Projects\_Pending\UsefulClasses_local\Resources\GDK\Importer\DUnit\ModelTest.pas (88):   cValid_JSON_File = '..\..\Resources\Files\data.json';[0m
[35md:\Projects\_Pending\UsefulClasses_local\Resources\GDK\Importer\DUnit\ModelTest.pas (89):   cValid_HTTP_File = '..\..\Resources\Files\http-data.json';[0m
[35md:\Projects\_Pending\UsefulClasses_local\Resources\GDK\Importer\DUnit\ModelTest.pas (129): procedure TModelTests.TestJSON_InvalidFile;[0m
[35md:\Projects\_Pending\UsefulClasses_local\Resources\GDK\Importer\DUnit\ModelTest.pas (131):   TDUnitX.CurrentRunner.Status('TestJSON_InvalidFile called');[0m
[35md:\Projects\_Pending\UsefulClasses_local\Resources\GDK\Importer\DUnit\ModelTest.pas (132):   aModel.Import( ffJSON, cInvalid_File );[0m
[35md:\Projects\_Pending\UsefulClasses_local\Resources\GDK\Importer\DUnit\ModelTest.pas (136): procedure TModelTests.TestJSON_ValidFile;[0m
[35md:\Projects\_Pending\UsefulClasses_local\Resources\GDK\Importer\DUnit\ModelTest.pas (138):   TDUnitX.CurrentRunner.Status('TestJSON_ValidFile called');[0m
[32mFOUND: d:\Projects\_Pending\UsefulClasses_local\Resources\GDK\Importer\Harnesses\JSONHarness\Importer.JSON.pas[0m
[35md:\Projects\_Pending\UsefulClasses_local\Resources\GDK\Importer\Harnesses\JSONHarness\Importer.JSON.pas (5): *        Source Filename : Importer.JSON.pas[0m
[35md:\Projects\_Pending\UsefulClasses_local\Resources\GDK\Importer\Harnesses\JSONHarness\Importer.JSON.pas (6): *            Description : Descended class for importing JSON files[0m
[35md:\Projects\_Pending\UsefulClasses_local\Resources\GDK\Importer\Harnesses\JSONHarness\Importer.JSON.pas (23): unit Importer.JSON;[0m
[35md:\Projects\_Pending\UsefulClasses_local\Resources\GDK\Importer\Harnesses\JSONHarness\Importer.JSON.pas (30):   System.JSON.Readers, System.JSON.Types,[0m
[35md:\Projects\_Pending\UsefulClasses_local\Resources\GDK\Importer\Harnesses\JSONHarness\Importer.JSON.pas (38):   TJSONImporter = class( TImporter )[0m
[35md:\Projects\_Pending\UsefulClasses_local\Resources\GDK\Importer\Harnesses\JSONHarness\Importer.JSON.pas (55): procedure TJSONImporter.Create;[0m
[35md:\Projects\_Pending\UsefulClasses_local\Resources\GDK\Importer\Harnesses\JSONHarness\Importer.JSON.pas (57):   FileFormat := ffJSON;[0m
[35md:\Projects\_Pending\UsefulClasses_local\Resources\GDK\Importer\Harnesses\JSONHarness\Importer.JSON.pas (62): destructor TJSONImporter.Destroy;[0m
[35md:\Projects\_Pending\UsefulClasses_local\Resources\GDK\Importer\Harnesses\JSONHarness\Importer.JSON.pas (70): procedure TJSONImporter.Load( location: string );[0m
[35md:\Projects\_Pending\UsefulClasses_local\Resources\GDK\Importer\Harnesses\JSONHarness\Importer.JSON.pas (73):   Reader: TJsonTextReader;[0m
[35md:\Projects\_Pending\UsefulClasses_local\Resources\GDK\Importer\Harnesses\JSONHarness\Importer.JSON.pas (90):     Reader := TJsonTextReader.Create(Sr);[0m
[35md:\Projects\_Pending\UsefulClasses_local\Resources\GDK\Importer\Harnesses\JSONHarness\Importer.JSON.pas (118):           TJsonToken.StartObject:[0m
[35md:\Projects\_Pending\UsefulClasses_local\Resources\GDK\Importer\Harnesses\JSONHarness\Importer.JSON.pas (125):           TJsonToken.PropertyName: property_name := Reader.Value.ToString;[0m
[35md:\Projects\_Pending\UsefulClasses_local\Resources\GDK\Importer\Harnesses\JSONHarness\Importer.JSON.pas (126):           TJsonToken.Integer:[0m
[35md:\Projects\_Pending\UsefulClasses_local\Resources\GDK\Importer\Harnesses\JSONHarness\Importer.JSON.pas (131):           TJsonToken.Float:[0m
[35md:\Projects\_Pending\UsefulClasses_local\Resources\GDK\Importer\Harnesses\JSONHarness\Importer.JSON.pas (136):           TJsonToken.String:[0m
[35md:\Projects\_Pending\UsefulClasses_local\Resources\GDK\Importer\Harnesses\JSONHarness\Importer.JSON.pas (143):           TJsonToken.EndObject:[0m
[35md:\Projects\_Pending\UsefulClasses_local\Resources\GDK\Importer\Harnesses\JSONHarness\Importer.JSON.pas (158):           then Error( 'JSON,Error while adding: ' + e.Message, FileFormat, item.ToString )[0m
[35md:\Projects\_Pending\UsefulClasses_local\Resources\GDK\Importer\Harnesses\JSONHarness\Importer.JSON.pas (159):           else Error( 'JSON,Error while adding: ' + e.Message, FileFormat, '( No Item )' );[0m
[35md:\Projects\_Pending\UsefulClasses_local\Resources\GDK\Importer\Harnesses\JSONHarness\Importer.JSON.pas (171): procedure TJSONImporter.Debug( debug: string; severity: TDebugSeverity );[0m
[35md:\Projects\_Pending\UsefulClasses_local\Resources\GDK\Importer\Harnesses\JSONHarness\Importer.JSON.pas (176): procedure TJSONImporter.Error( error: string; const fileformat: TImportFileFormat; const itemAsString: string );[0m
[32mFOUND: d:\Projects\_Pending\UsefulClasses_local\Resources\GDK\Importer\Harnesses\JSONHarness\MainForm.pas[0m
[35md:\Projects\_Pending\UsefulClasses_local\Resources\GDK\Importer\Harnesses\JSONHarness\MainForm.pas (9):   System.JSON.Readers, System.JSON.Types, Vcl.StdCtrls;[0m
[35md:\Projects\_Pending\UsefulClasses_local\Resources\GDK\Importer\Harnesses\JSONHarness\MainForm.pas (19):     Reader: TJsonTextReader;[0m
[35md:\Projects\_Pending\UsefulClasses_local\Resources\GDK\Importer\Harnesses\JSONHarness\MainForm.pas (45):   Reader := TJsonTextReader.Create(Sr);[0m
[35md:\Projects\_Pending\UsefulClasses_local\Resources\GDK\Importer\Harnesses\JSONHarness\MainForm.pas (61):       TJsonToken.StartObject:[0m
[35md:\Projects\_Pending\UsefulClasses_local\Resources\GDK\Importer\Harnesses\JSONHarness\MainForm.pas (63):       TJsonToken.StartArray:[0m
[35md:\Projects\_Pending\UsefulClasses_local\Resources\GDK\Importer\Harnesses\JSONHarness\MainForm.pas (65):       TJsonToken.PropertyName:[0m
[35md:\Projects\_Pending\UsefulClasses_local\Resources\GDK\Importer\Harnesses\JSONHarness\MainForm.pas (67):       TJsonToken.String:[0m
[35md:\Projects\_Pending\UsefulClasses_local\Resources\GDK\Importer\Harnesses\JSONHarness\MainForm.pas (69):       TJsonToken.Integer:[0m
[35md:\Projects\_Pending\UsefulClasses_local\Resources\GDK\Importer\Harnesses\JSONHarness\MainForm.pas (71):       TJsonToken.Float:[0m
[35md:\Projects\_Pending\UsefulClasses_local\Resources\GDK\Importer\Harnesses\JSONHarness\MainForm.pas (73):       TJsonToken.Boolean:[0m
[35md:\Projects\_Pending\UsefulClasses_local\Resources\GDK\Importer\Harnesses\JSONHarness\MainForm.pas (75):       TJsonToken.Null:[0m
[35md:\Projects\_Pending\UsefulClasses_local\Resources\GDK\Importer\Harnesses\JSONHarness\MainForm.pas (77):       TJsonToken.EndArray:[0m
[35md:\Projects\_Pending\UsefulClasses_local\Resources\GDK\Importer\Harnesses\JSONHarness\MainForm.pas (79):       TJsonToken.EndObject:[0m
[32mFOUND: d:\Projects\_Pending\UsefulClasses_local\Resources\GDK\Importer\Source\Controller.pas[0m
[35md:\Projects\_Pending\UsefulClasses_local\Resources\GDK\Importer\Source\Controller.pas (39):   Importer.JSON,[0m
[35md:\Projects\_Pending\UsefulClasses_local\Resources\GDK\Importer\Source\Controller.pas (63):     procedure DisplayJSON;[0m
[35md:\Projects\_Pending\UsefulClasses_local\Resources\GDK\Importer\Source\Controller.pas (88):   cDefault_JSON_File = '..\..\Resources\Files\data.json';[0m
[35md:\Projects\_Pending\UsefulClasses_local\Resources\GDK\Importer\Source\Controller.pas (89):   cDefault_HTTP_File = '..\..\Resources\Files\http-data.json';[0m
[35md:\Projects\_Pending\UsefulClasses_local\Resources\GDK\Importer\Source\Controller.pas (232): procedure TController.DisplayJSON;[0m
[35md:\Projects\_Pending\UsefulClasses_local\Resources\GDK\Importer\Source\Controller.pas (377):     View.OpenDialog.Filter := 'CSV files|*.csv|JSON files|*.json';[0m
[35md:\Projects\_Pending\UsefulClasses_local\Resources\GDK\Importer\Source\Controller.pas (382):       if filename.ToLower.Contains( '.json' ) then Import( ffJSON, filename );[0m
[35md:\Projects\_Pending\UsefulClasses_local\Resources\GDK\Importer\Source\Controller.pas (404):       ffJSON : DisplayJSON;[0m
[35md:\Projects\_Pending\UsefulClasses_local\Resources\GDK\Importer\Source\Controller.pas (432):       ffJSON  : View.DebugMemo.Lines.Add( 'JSON ERROR: ' + error );[0m
[32mFOUND: d:\Projects\_Pending\UsefulClasses_local\Resources\GDK\Importer\Source\Model.pas[0m
[35md:\Projects\_Pending\UsefulClasses_local\Resources\GDK\Importer\Source\Model.pas (35):   Importer.JSON,[0m
[35md:\Projects\_Pending\UsefulClasses_local\Resources\GDK\Importer\Source\Model.pas (70):     ffJSON  : fImporter := TJSONImporter.Create;[0m
[32mFOUND: d:\Projects\_Pending\UsefulClasses_local\Source\JSONConfig.pas[0m
[35md:\Projects\_Pending\UsefulClasses_local\Source\JSONConfig.pas (1): unit JSONConfig;[0m
[35md:\Projects\_Pending\UsefulClasses_local\Source\JSONConfig.pas (9):   System.JSON, System.Generics.Collections;[0m
[35md:\Projects\_Pending\UsefulClasses_local\Source\JSONConfig.pas (12):   TJSONConfig = class[0m
[35md:\Projects\_Pending\UsefulClasses_local\Source\JSONConfig.pas (15):     fJSONObject: TJSONObject;[0m
[35md:\Projects\_Pending\UsefulClasses_local\Source\JSONConfig.pas (18):     function GetJsonValue(const aKey: string): TJsonValue;[0m
[35md:\Projects\_Pending\UsefulClasses_local\Source\JSONConfig.pas (42):     procedure SetJSONArray(const aKey: string; aValue: TJSONArray);[0m
[35md:\Projects\_Pending\UsefulClasses_local\Source\JSONConfig.pas (51):     function GetJSONArray(const aKey: string): TJSONArray;[0m
[35md:\Projects\_Pending\UsefulClasses_local\Source\JSONConfig.pas (59): { TJSONConfig }[0m
[35md:\Projects\_Pending\UsefulClasses_local\Source\JSONConfig.pas (61): constructor TJSONConfig.Create;[0m
[35md:\Projects\_Pending\UsefulClasses_local\Source\JSONConfig.pas (64):   fJSONObject := TJSONObject.Create;[0m
[35md:\Projects\_Pending\UsefulClasses_local\Source\JSONConfig.pas (68): destructor TJSONConfig.Destroy;[0m
[35md:\Projects\_Pending\UsefulClasses_local\Source\JSONConfig.pas (70):   fJSONObject.Free;[0m
[35md:\Projects\_Pending\UsefulClasses_local\Source\JSONConfig.pas (74): procedure TJSONConfig.Clear;[0m
[35md:\Projects\_Pending\UsefulClasses_local\Source\JSONConfig.pas (76):   fJSONObject.Free;[0m
[35md:\Projects\_Pending\UsefulClasses_local\Source\JSONConfig.pas (77):   fJSONObject := TJSONObject.Create;[0m
[35md:\Projects\_Pending\UsefulClasses_local\Source\JSONConfig.pas (80): function TJSONConfig.GetJsonValue(const aKey: string): TJsonValue;[0m
[35md:\Projects\_Pending\UsefulClasses_local\Source\JSONConfig.pas (82):   Result := fJSONObject.GetValue(aKey);[0m
[35md:\Projects\_Pending\UsefulClasses_local\Source\JSONConfig.pas (85): function TJSONConfig.LoadFromFile(const aFilePath: string): Boolean;[0m
[35md:\Projects\_Pending\UsefulClasses_local\Source\JSONConfig.pas (87):   jsonString: string;[0m
[35md:\Projects\_Pending\UsefulClasses_local\Source\JSONConfig.pas (88):   jsonValue: TJsonValue;[0m
[35md:\Projects\_Pending\UsefulClasses_local\Source\JSONConfig.pas (94):     raise Exception.CreateFmt('TJSONConfig.LoadFromFile:Configuration file not found: %s',[aFilePath]);[0m
[35md:\Projects\_Pending\UsefulClasses_local\Source\JSONConfig.pas (97):     jsonString := TFile.ReadAllText(aFilePath);[0m
[35md:\Projects\_Pending\UsefulClasses_local\Source\JSONConfig.pas (98):     jsonValue := TJSONObject.ParseJsonValue(jsonString);[0m
[35md:\Projects\_Pending\UsefulClasses_local\Source\JSONConfig.pas (100):       if Assigned(jsonValue) and (jsonValue is TJSONObject) then[0m
[35md:\Projects\_Pending\UsefulClasses_local\Source\JSONConfig.pas (102):         fJSONObject.Free; // Free existing object[0m
[35md:\Projects\_Pending\UsefulClasses_local\Source\JSONConfig.pas (103):         fJSONObject := jsonValue as TJSONObject; // Assign new object[0m
[35md:\Projects\_Pending\UsefulClasses_local\Source\JSONConfig.pas (108):         jsonValue.Free; // Free the non-object JSON value[0m
[35md:\Projects\_Pending\UsefulClasses_local\Source\JSONConfig.pas (109):         raise Exception.CreateFmt('TJSONConfig.LoadFromFile: Invalid JSON structure in file: %s',[aFilePath]);[0m
[35md:\Projects\_Pending\UsefulClasses_local\Source\JSONConfig.pas (114):         // Ensure jsonValue is freed if an error occurs during parsing or type checking[0m
[35md:\Projects\_Pending\UsefulClasses_local\Source\JSONConfig.pas (115):         if Assigned(jsonValue) then jsonValue.Free;[0m
[35md:\Projects\_Pending\UsefulClasses_local\Source\JSONConfig.pas (116):         raise Exception.CreateFmt('TJSONConfig.LoadFromFile: Error parsing JSON from file: %s',[aFilePath]);[0m
[35md:\Projects\_Pending\UsefulClasses_local\Source\JSONConfig.pas (122):       raise Exception.CreateFmt('TJSONConfig.LoadFromFile: Error reading config file: %s',[aFilePath]);[0m
[35md:\Projects\_Pending\UsefulClasses_local\Source\JSONConfig.pas (127): function TJSONConfig.SaveToFile(const aFilePath: string): Boolean;[0m
[35md:\Projects\_Pending\UsefulClasses_local\Source\JSONConfig.pas (133):     TFile.WriteAllText(aFilePath, fJSONObject.ToJSON);[0m
[35md:\Projects\_Pending\UsefulClasses_local\Source\JSONConfig.pas (138):       raise Exception.CreateFmt('TJSONConfig.SaveToFile: Error saving config file to: %s',[aFilePath]);[0m
[35md:\Projects\_Pending\UsefulClasses_local\Source\JSONConfig.pas (143): function TJSONConfig.HasKey(const aKey: string): Boolean;[0m
[35md:\Projects\_Pending\UsefulClasses_local\Source\JSONConfig.pas (145):   Result := GetJsonValue(aKey) <> nil;[0m
[35md:\Projects\_Pending\UsefulClasses_local\Source\JSONConfig.pas (148): procedure TJSONConfig.DeleteKey(const aKey: string);[0m
[35md:\Projects\_Pending\UsefulClasses_local\Source\JSONConfig.pas (150):   value: TJsonValue;[0m
[35md:\Projects\_Pending\UsefulClasses_local\Source\JSONConfig.pas (152):   value := GetJsonValue(aKey);[0m
[35md:\Projects\_Pending\UsefulClasses_local\Source\JSONConfig.pas (153):   if Assigned(value) then fJSONObject.RemovePair(aKey);[0m
[35md:\Projects\_Pending\UsefulClasses_local\Source\JSONConfig.pas (156): procedure TJSONConfig.SetString(const aKey, aValue: string);[0m
[35md:\Projects\_Pending\UsefulClasses_local\Source\JSONConfig.pas (158):   fJSONObject.AddPair(aKey, aValue);[0m
[35md:\Projects\_Pending\UsefulClasses_local\Source\JSONConfig.pas (161): procedure TJSONConfig.SetInteger(const aKey: string; aValue: Integer);[0m
[35md:\Projects\_Pending\UsefulClasses_local\Source\JSONConfig.pas (163):   fJSONObject.AddPair(aKey, TJSONNumber.Create(aValue));[0m
[35md:\Projects\_Pending\UsefulClasses_local\Source\JSONConfig.pas (166): procedure TJSONConfig.SetFloat(const aKey: string; aValue: Double);[0m
[35md:\Projects\_Pending\UsefulClasses_local\Source\JSONConfig.pas (168):   fJSONObject.AddPair(aKey, TJSONNumber.Create(aValue));[0m
[35md:\Projects\_Pending\UsefulClasses_local\Source\JSONConfig.pas (171): procedure TJSONConfig.SetBoolean(const aKey: string; aValue: Boolean);[0m
[35md:\Projects\_Pending\UsefulClasses_local\Source\JSONConfig.pas (173):   fJSONObject.AddPair(aKey, TJSONBool.Create(aValue));[0m
[35md:\Projects\_Pending\UsefulClasses_local\Source\JSONConfig.pas (176): procedure TJSONConfig.SetDateTime(const aKey: string; aValue: TDateTime);[0m
[35md:\Projects\_Pending\UsefulClasses_local\Source\JSONConfig.pas (180):   fJSONObject.AddPair(aKey, DateToISO8601(aValue));[0m
[35md:\Projects\_Pending\UsefulClasses_local\Source\JSONConfig.pas (183): procedure TJSONConfig.SetTime(const aKey: string; aValue: TTime);[0m
[35md:\Projects\_Pending\UsefulClasses_local\Source\JSONConfig.pas (185):   fJSONObject.AddPair(aKey, FormatDateTime('hh:nn', aValue));[0m
[35md:\Projects\_Pending\UsefulClasses_local\Source\JSONConfig.pas (188): procedure TJSONConfig.SetJSONArray(const aKey: string; aValue: TJSONArray);[0m
[35md:\Projects\_Pending\UsefulClasses_local\Source\JSONConfig.pas (192):   fJSONObject.AddPair(aKey, TJSONArray(aValue.Clone));[0m
[35md:\Projects\_Pending\UsefulClasses_local\Source\JSONConfig.pas (195): function TJSONConfig.GetString(const aKey: string; const aDefault: string): string;[0m
[35md:\Projects\_Pending\UsefulClasses_local\Source\JSONConfig.pas (197):   jsonValue: TJsonValue;[0m
[35md:\Projects\_Pending\UsefulClasses_local\Source\JSONConfig.pas (199):   jsonValue := GetJsonValue(aKey);[0m
[35md:\Projects\_Pending\UsefulClasses_local\Source\JSONConfig.pas (200):   if Assigned(jsonValue) and (jsonValue is TJSONString) then[0m
[35md:\Projects\_Pending\UsefulClasses_local\Source\JSONConfig.pas (201):     Result := TJSONString(jsonValue).Value[0m
[35md:\Projects\_Pending\UsefulClasses_local\Source\JSONConfig.pas (206): function TJSONConfig.GetInteger(const aKey: string; const aDefault: Integer): Integer;[0m
[35md:\Projects\_Pending\UsefulClasses_local\Source\JSONConfig.pas (208):   jsonValue: TJsonValue;[0m
[35md:\Projects\_Pending\UsefulClasses_local\Source\JSONConfig.pas (211):   jsonValue := GetJsonValue(aKey);[0m
[35md:\Projects\_Pending\UsefulClasses_local\Source\JSONConfig.pas (212):   if Assigned(jsonValue) then[0m
[35md:\Projects\_Pending\UsefulClasses_local\Source\JSONConfig.pas (214):     if (jsonValue is TJSONNumber) then[0m
[35md:\Projects\_Pending\UsefulClasses_local\Source\JSONConfig.pas (217):         Result := TJSONNumber(jsonValue).AsInt;[0m
[35md:\Projects\_Pending\UsefulClasses_local\Source\JSONConfig.pas (221):           raise Exception.CreateFmt('TJSONConfig.GetInteger: Error converting JSON number to Integer for Key: %s', [aKey]);[0m
[35md:\Projects\_Pending\UsefulClasses_local\Source\JSONConfig.pas (227):       raise Exception.CreateFmt('TJSONConfig.GetInteger: Value for Key "%s" is not a JSON Number.', [aKey]);[0m
[35md:\Projects\_Pending\UsefulClasses_local\Source\JSONConfig.pas (232): function TJSONConfig.GetFloat(const aKey: string; const aDefault: Double): Double;[0m
[35md:\Projects\_Pending\UsefulClasses_local\Source\JSONConfig.pas (234):   jsonValue: TJsonValue;[0m
[35md:\Projects\_Pending\UsefulClasses_local\Source\JSONConfig.pas (237):   jsonValue := GetJsonValue(aKey);[0m
[35md:\Projects\_Pending\UsefulClasses_local\Source\JSONConfig.pas (238):   if Assigned(jsonValue) then[0m
[35md:\Projects\_Pending\UsefulClasses_local\Source\JSONConfig.pas (240):     if (jsonValue is TJSONNumber) then[0m
[35md:\Projects\_Pending\UsefulClasses_local\Source\JSONConfig.pas (243):         Result := TJSONNumber(jsonValue).AsDouble;[0m
[35md:\Projects\_Pending\UsefulClasses_local\Source\JSONConfig.pas (247):           raise Exception.CreateFmt('TJSONConfig.GetFloat: Error converting JSON number to Float for Key: %s', [aKey]);[0m
[35md:\Projects\_Pending\UsefulClasses_local\Source\JSONConfig.pas (253):       raise Exception.CreateFmt('TJSONConfig.GetFloat: Value for Key "%s" is not a JSON Number.', [aKey]);[0m
[35md:\Projects\_Pending\UsefulClasses_local\Source\JSONConfig.pas (258): function TJSONConfig.GetBoolean(const aKey: string; const aDefault: Boolean): Boolean;[0m
[35md:\Projects\_Pending\UsefulClasses_local\Source\JSONConfig.pas (260):   jsonValue: TJsonValue;[0m
[35md:\Projects\_Pending\UsefulClasses_local\Source\JSONConfig.pas (262):   jsonValue := GetJsonValue(aKey);[0m
[35md:\Projects\_Pending\UsefulClasses_local\Source\JSONConfig.pas (263):   if Assigned(jsonValue) and (jsonValue is TJSONBool) then[0m
[35md:\Projects\_Pending\UsefulClasses_local\Source\JSONConfig.pas (264):     Result := TJSONBool(jsonValue).AsBoolean[0m
[35md:\Projects\_Pending\UsefulClasses_local\Source\JSONConfig.pas (269): function TJSONConfig.GetDateTime(const aKey: string; const aDefault: TDateTime): TDateTime;[0m
[35md:\Projects\_Pending\UsefulClasses_local\Source\JSONConfig.pas (271):   jsonValue: TJsonValue;[0m
[35md:\Projects\_Pending\UsefulClasses_local\Source\JSONConfig.pas (275):   jsonValue := GetJsonValue(aKey);[0m
[35md:\Projects\_Pending\UsefulClasses_local\Source\JSONConfig.pas (276):   if Assigned(jsonValue) then[0m
[35md:\Projects\_Pending\UsefulClasses_local\Source\JSONConfig.pas (278):     if (jsonValue is TJSONString) then[0m
[35md:\Projects\_Pending\UsefulClasses_local\Source\JSONConfig.pas (280):       datetimeStr := TJSONString(jsonValue).Value;[0m
[35md:\Projects\_Pending\UsefulClasses_local\Source\JSONConfig.pas (287):           raise Exception.CreateFmt('TJSONConfig.GetDateTime: Error parsing DateTime string for key %s', [aKey]);[0m
[35md:\Projects\_Pending\UsefulClasses_local\Source\JSONConfig.pas (293):       raise Exception.CreateFmt('TJSONConfig.GetDateTime: Value for Key "%s" is not a JSON String.', [aKey]);[0m
[35md:\Projects\_Pending\UsefulClasses_local\Source\JSONConfig.pas (298): function TJSONConfig.GetTime(const aKey: string; const aDefault: TTime): TTime;[0m
[35md:\Projects\_Pending\UsefulClasses_local\Source\JSONConfig.pas (300):   jsonValue: TJsonValue;[0m
[35md:\Projects\_Pending\UsefulClasses_local\Source\JSONConfig.pas (304):   jsonValue := GetJsonValue(aKey);[0m
[35md:\Projects\_Pending\UsefulClasses_local\Source\JSONConfig.pas (305):   if Assigned(jsonValue) then[0m
[35md:\Projects\_Pending\UsefulClasses_local\Source\JSONConfig.pas (307):     if (jsonValue is TJSONString) then[0m
[35md:\Projects\_Pending\UsefulClasses_local\Source\JSONConfig.pas (309):       timeStr := TJSONString(jsonValue).Value;[0m
[35md:\Projects\_Pending\UsefulClasses_local\Source\JSONConfig.pas (315):           raise Exception.CreateFmt('TJSONConfig.GetTime: Error parsing Time string for key %s', [aKey]);[0m
[35md:\Projects\_Pending\UsefulClasses_local\Source\JSONConfig.pas (321):       raise Exception.CreateFmt('TJSONConfig.GetTime: Value for Key "%s" is not a JSON String.', [aKey]);[0m
[35md:\Projects\_Pending\UsefulClasses_local\Source\JSONConfig.pas (326): function TJSONConfig.GetJSONArray(const aKey: string): TJSONArray;[0m
[35md:\Projects\_Pending\UsefulClasses_local\Source\JSONConfig.pas (328):   jsonValue: TJsonValue;[0m
[35md:\Projects\_Pending\UsefulClasses_local\Source\JSONConfig.pas (331):   jsonValue := GetJsonValue(aKey);[0m
[35md:\Projects\_Pending\UsefulClasses_local\Source\JSONConfig.pas (332):   if Assigned(jsonValue) and (jsonValue is TJSONArray) then[0m
[35md:\Projects\_Pending\UsefulClasses_local\Source\JSONConfig.pas (334):     Result := TJSONArray(jsonValue.Clone)[0m
[35md:\Projects\_Pending\UsefulClasses_local\Source\JSONConfig.pas (338): function TJSONConfig.GetValue: string;[0m
[35md:\Projects\_Pending\UsefulClasses_local\Source\JSONConfig.pas (340):   Result := fJSONObject.ToJSON;[0m
[35md:\Projects\_Pending\UsefulClasses_local\Source\JSONConfig.pas (343): procedure TJSONConfig.SetValue(const aValue: string);[0m
[35md:\Projects\_Pending\UsefulClasses_local\Source\JSONConfig.pas (345):   newJSONObject: TJSONObject;[0m
[35md:\Projects\_Pending\UsefulClasses_local\Source\JSONConfig.pas (346):   jsonValue: TJsonValue;[0m
[35md:\Projects\_Pending\UsefulClasses_local\Source\JSONConfig.pas (348):   jsonValue := nil; // Initialize to nil[0m
[35md:\Projects\_Pending\UsefulClasses_local\Source\JSONConfig.pas (350):     jsonValue := TJSONObject.ParseJsonValue(aValue); // Parse the input string[0m
[35md:\Projects\_Pending\UsefulClasses_local\Source\JSONConfig.pas (351):     if Assigned(jsonValue) and (jsonValue is TJSONObject) then[0m
[35md:\Projects\_Pending\UsefulClasses_local\Source\JSONConfig.pas (353):       newJSONObject := jsonValue as TJSONObject; // Cast to TJSONObject[0m
[35md:\Projects\_Pending\UsefulClasses_local\Source\JSONConfig.pas (354):       fJSONObject.Free; // Free the old object to prevent memory leaks[0m
[35md:\Projects\_Pending\UsefulClasses_local\Source\JSONConfig.pas (355):       fJSONObject := newJSONObject; // Assign the new object[0m
[35md:\Projects\_Pending\UsefulClasses_local\Source\JSONConfig.pas (359):       // If parsing fails or the root is not a JSON object, raise an exception[0m
[35md:\Projects\_Pending\UsefulClasses_local\Source\JSONConfig.pas (360):       raise Exception.Create('TJSONConfig.SetValue: Invalid JSON format or not a JSON Object.');[0m
[35md:\Projects\_Pending\UsefulClasses_local\Source\JSONConfig.pas (363):     // Ensure JSONValue is freed only if it's not the one assigned to fJSONObject[0m
[35md:\Projects\_Pending\UsefulClasses_local\Source\JSONConfig.pas (364):     if Assigned(jsonValue) and (jsonValue <> fJSONObject) then jsonValue.Free;[0m
[32mFOUND: d:\Projects\_Pending\UsefulClasses_local\Source\JsonConvert.pas[0m
[35md:\Projects\_Pending\UsefulClasses_local\Source\JsonConvert.pas (1): unit JsonConvert;[0m
[35md:\Projects\_Pending\UsefulClasses_local\Source\JsonConvert.pas (12):   System.JSON,[0m
[35md:\Projects\_Pending\UsefulClasses_local\Source\JsonConvert.pas (19):   FireDAC.Stan.StorageJSON;[0m
[35md:\Projects\_Pending\UsefulClasses_local\Source\JsonConvert.pas (23):   TJsonConvertor = class(TObject)[0m
[35md:\Projects\_Pending\UsefulClasses_local\Source\JsonConvert.pas (25):       class procedure LoadJSONIntoMemTable(const aJsonString: string; var aMemTable: TFDMemTable);[0m
[35md:\Projects\_Pending\UsefulClasses_local\Source\JsonConvert.pas (30): { TJsonConvertor }[0m
[35md:\Projects\_Pending\UsefulClasses_local\Source\JsonConvert.pas (32): class procedure TJsonConvertor.LoadJSONIntoMemTable(const aJsonString: string; var aMemTable: TFDMemTable);[0m
[35md:\Projects\_Pending\UsefulClasses_local\Source\JsonConvert.pas (34):   jsonArray: TJSONArray;[0m
[35md:\Projects\_Pending\UsefulClasses_local\Source\JsonConvert.pas (35):   jsonObject: TJSONObject;[0m
[35md:\Projects\_Pending\UsefulClasses_local\Source\JsonConvert.pas (37):   pair: TJSONPair;[0m
[35md:\Projects\_Pending\UsefulClasses_local\Source\JsonConvert.pas (43):   // Parse JSON array[0m
[35md:\Projects\_Pending\UsefulClasses_local\Source\JsonConvert.pas (44):   jsonArray := TJSONObject.ParseJSONValue(aJsonString) as TJSONArray;[0m
[35md:\Projects\_Pending\UsefulClasses_local\Source\JsonConvert.pas (45):   if not Assigned(jsonArray) then[0m
[35md:\Projects\_Pending\UsefulClasses_local\Source\JsonConvert.pas (46):     raise Exception.Create('Invalid JSON format.');[0m
[35md:\Projects\_Pending\UsefulClasses_local\Source\JsonConvert.pas (54):     // Only downside(s): Have to be in a json array and all end up as strings[0m
[35md:\Projects\_Pending\UsefulClasses_local\Source\JsonConvert.pas (55):     if jsonArray.Count > 0 then[0m
[35md:\Projects\_Pending\UsefulClasses_local\Source\JsonConvert.pas (57):       jsonObject := jsonArray.Items[0] as TJSONObject;[0m
[35md:\Projects\_Pending\UsefulClasses_local\Source\JsonConvert.pas (58):       for pair in jsonObject do[0m
[35md:\Projects\_Pending\UsefulClasses_local\Source\JsonConvert.pas (59):         aMemTable.FieldDefs.Add(pair.JsonString.Value, ftString, 50); // Adjust field type and size as needed[0m
[35md:\Projects\_Pending\UsefulClasses_local\Source\JsonConvert.pas (65):     for i := 0 to jsonArray.Count - 1 do[0m
[35md:\Projects\_Pending\UsefulClasses_local\Source\JsonConvert.pas (67):       jsonObject := jsonArray.Items[i] as TJSONObject;[0m
[35md:\Projects\_Pending\UsefulClasses_local\Source\JsonConvert.pas (69):       for pair in jsonObject do[0m
[35md:\Projects\_Pending\UsefulClasses_local\Source\JsonConvert.pas (71):         field := aMemTable.FieldByName(pair.JsonString.Value);[0m
[35md:\Projects\_Pending\UsefulClasses_local\Source\JsonConvert.pas (73):           field.AsString := pair.JsonValue.Value;[0m
[35md:\Projects\_Pending\UsefulClasses_local\Source\JsonConvert.pas (80):     jsonArray.Free;[0m
[32mFOUND: d:\Projects\_Pending\UsefulClasses_local\Source\JSONDatasetConvertor.pas[0m
[35md:\Projects\_Pending\UsefulClasses_local\Source\JSONDatasetConvertor.pas (1): unit JsonDatasetConverter;[0m
[35md:\Projects\_Pending\UsefulClasses_local\Source\JSONDatasetConvertor.pas (6):   System.Classes, System.SysUtils, System.JSON, System.Variants, [0m
[35md:\Projects\_Pending\UsefulClasses_local\Source\JSONDatasetConvertor.pas (11):   TJsonFieldType = (jftString, jftInteger, jftFloat, jftBoolean, jftDateTime, [0m
[35md:\Projects\_Pending\UsefulClasses_local\Source\JSONDatasetConvertor.pas (16):     FieldType: TJsonFieldType;[0m
[35md:\Projects\_Pending\UsefulClasses_local\Source\JSONDatasetConvertor.pas (21):   TJsonToDatasetConverter = class[0m
[35md:\Projects\_Pending\UsefulClasses_local\Source\JSONDatasetConvertor.pas (31):     function DetectFieldType(const AValue: TJSONValue; var AMaxLength: Integer): TJsonFieldType;[0m
[35md:\Projects\_Pending\UsefulClasses_local\Source\JSONDatasetConvertor.pas (35):     procedure AnalyzeJsonStructure(const AJson: TJSONValue; const APrefix: string = '');[0m
[35md:\Projects\_Pending\UsefulClasses_local\Source\JSONDatasetConvertor.pas (37):     procedure PopulateDatasetFromJson(const AJson: TJSONValue);[0m
[35md:\Projects\_Pending\UsefulClasses_local\Source\JSONDatasetConvertor.pas (38):     procedure ProcessJsonObject(const AJsonObj: TJSONObject; const ARecord: TClientDataSet);[0m
[35md:\Projects\_Pending\UsefulClasses_local\Source\JSONDatasetConvertor.pas (39):     procedure ProcessJsonObjectFlattened(const AJsonObj: TJSONObject; const ARecord: TClientDataSet; const APrefix: string = '');[0m
[35md:\Projects\_Pending\UsefulClasses_local\Source\JSONDatasetConvertor.pas (40):     procedure ProcessJsonArray(const AJsonArray: TJSONArray; const AFieldName: string; const ARecord: TClientDataSet);[0m
[35md:\Projects\_Pending\UsefulClasses_local\Source\JSONDatasetConvertor.pas (41):     function JsonValueToVariant(const AValue: TJSONValue; AFieldType: TJsonFieldType): Variant;[0m
[35md:\Projects\_Pending\UsefulClasses_local\Source\JSONDatasetConvertor.pas (50):     function JsonStringToDataset(const AJsonString: string): TClientDataSet;[0m
[35md:\Projects\_Pending\UsefulClasses_local\Source\JSONDatasetConvertor.pas (51):     function JsonObjectToDataset(const AJsonObject: TJSONObject): TClientDataSet;[0m
[35md:\Projects\_Pending\UsefulClasses_local\Source\JSONDatasetConvertor.pas (52):     function JsonArrayToDataset(const AJsonArray: TJSONArray): TClientDataSet;[0m
[35md:\Projects\_Pending\UsefulClasses_local\Source\JSONDatasetConvertor.pas (68): constructor TJsonToDatasetConverter.Create;[0m
[35md:\Projects\_Pending\UsefulClasses_local\Source\JSONDatasetConvertor.pas (90): destructor TJsonToDatasetConverter.Destroy;[0m
[35md:\Projects\_Pending\UsefulClasses_local\Source\JSONDatasetConvertor.pas (97): function TJsonToDatasetConverter.SanitizeFieldName(const AName: string): string;[0m
[35md:\Projects\_Pending\UsefulClasses_local\Source\JSONDatasetConvertor.pas (118): function TJsonToDatasetConverter.TryParseDateTime(const AValue: string; out ADateTime: TDateTime): Boolean;[0m
[35md:\Projects\_Pending\UsefulClasses_local\Source\JSONDatasetConvertor.pas (163): function TJsonToDatasetConverter.TryParseDate(const AValue: string; out ADate: TDateTime): Boolean;[0m
[35md:\Projects\_Pending\UsefulClasses_local\Source\JSONDatasetConvertor.pas (170): function TJsonToDatasetConverter.TryParseTime(const AValue: string; out ATime: TDateTime): Boolean;[0m
[35md:\Projects\_Pending\UsefulClasses_local\Source\JSONDatasetConvertor.pas (177): function TJsonToDatasetConverter.DetectFieldType(const AValue: TJSONValue; var AMaxLength: Integer): TJsonFieldType;[0m
[35md:\Projects\_Pending\UsefulClasses_local\Source\JSONDatasetConvertor.pas (184):   if AValue is TJSONNull then[0m
[35md:\Projects\_Pending\UsefulClasses_local\Source\JSONDatasetConvertor.pas (190):   if AValue is TJSONBool then[0m
[35md:\Projects\_Pending\UsefulClasses_local\Source\JSONDatasetConvertor.pas (196):   if AValue is TJSONNumber then[0m
[35md:\Projects\_Pending\UsefulClasses_local\Source\JSONDatasetConvertor.pas (198):     if TJSONNumber(AValue).AsDouble = Trunc(TJSONNumber(AValue).AsDouble) then[0m
[35md:\Projects\_Pending\UsefulClasses_local\Source\JSONDatasetConvertor.pas (205):   if AValue is TJSONArray then[0m
[35md:\Projects\_Pending\UsefulClasses_local\Source\JSONDatasetConvertor.pas (211):   if AValue is TJSONObject then[0m
[35md:\Projects\_Pending\UsefulClasses_local\Source\JSONDatasetConvertor.pas (218):   if AValue is TJSONString then[0m
[35md:\Projects\_Pending\UsefulClasses_local\Source\JSONDatasetConvertor.pas (255): procedure TJsonToDatasetConverter.AnalyzeJsonStructure(const AJson: TJSONValue; const APrefix: string);[0m
[35md:\Projects\_Pending\UsefulClasses_local\Source\JSONDatasetConvertor.pas (257):   JsonObj: TJSONObject;[0m
[35md:\Projects\_Pending\UsefulClasses_local\Source\JSONDatasetConvertor.pas (258):   JsonArray: TJSONArray;[0m
[35md:\Projects\_Pending\UsefulClasses_local\Source\JSONDatasetConvertor.pas (259):   Pair: TJSONPair;[0m
[35md:\Projects\_Pending\UsefulClasses_local\Source\JSONDatasetConvertor.pas (266):   if AJson is TJSONObject then[0m
[35md:\Projects\_Pending\UsefulClasses_local\Source\JSONDatasetConvertor.pas (268):     JsonObj := TJSONObject(AJson);[0m
[35md:\Projects\_Pending\UsefulClasses_local\Source\JSONDatasetConvertor.pas (269):     for Pair in JsonObj do[0m
[35md:\Projects\_Pending\UsefulClasses_local\Source\JSONDatasetConvertor.pas (271):       FieldName := SanitizeFieldName(APrefix + Pair.JsonString.Value);[0m
[35md:\Projects\_Pending\UsefulClasses_local\Source\JSONDatasetConvertor.pas (275):       FieldInfo.FieldType := DetectFieldType(Pair.JsonValue, MaxLen);[0m
[35md:\Projects\_Pending\UsefulClasses_local\Source\JSONDatasetConvertor.pas (302):       if Pair.JsonValue is TJSONObject then[0m
[35md:\Projects\_Pending\UsefulClasses_local\Source\JSONDatasetConvertor.pas (303):         AnalyzeJsonStructure(Pair.JsonValue, APrefix + Pair.JsonString.Value + '_')[0m
[35md:\Projects\_Pending\UsefulClasses_local\Source\JSONDatasetConvertor.pas (304):       else if Pair.JsonValue is TJSONArray then[0m
[35md:\Projects\_Pending\UsefulClasses_local\Source\JSONDatasetConvertor.pas (306):         JsonArray := TJSONArray(Pair.JsonValue);[0m
[35md:\Projects\_Pending\UsefulClasses_local\Source\JSONDatasetConvertor.pas (307):         if JsonArray.Count > 0 then[0m
[35md:\Projects\_Pending\UsefulClasses_local\Source\JSONDatasetConvertor.pas (310):           if JsonArray.Items[0] is TJSONObject then[0m
[35md:\Projects\_Pending\UsefulClasses_local\Source\JSONDatasetConvertor.pas (311):             AnalyzeJsonStructure(JsonArray.Items[0], APrefix + Pair.JsonString.Value + '_');[0m
[35md:\Projects\_Pending\UsefulClasses_local\Source\JSONDatasetConvertor.pas (316):   else if AJson is TJSONArray then[0m
[35md:\Projects\_Pending\UsefulClasses_local\Source\JSONDatasetConvertor.pas (318):     JsonArray := TJSONArray(AJson);[0m
[35md:\Projects\_Pending\UsefulClasses_local\Source\JSONDatasetConvertor.pas (319):     for i := 0 to JsonArray.Count - 1 do[0m
[35md:\Projects\_Pending\UsefulClasses_local\Source\JSONDatasetConvertor.pas (321):       AnalyzeJsonStructure(JsonArray.Items[i], APrefix);[0m
[35md:\Projects\_Pending\UsefulClasses_local\Source\JSONDatasetConvertor.pas (326): procedure TJsonToDatasetConverter.CreateDatasetFields;[0m
[35md:\Projects\_Pending\UsefulClasses_local\Source\JSONDatasetConvertor.pas (370): function TJsonToDatasetConverter.GetFieldInfo(const AFieldName: string): TFieldInfo;[0m
[35md:\Projects\_Pending\UsefulClasses_local\Source\JSONDatasetConvertor.pas (390): function TJsonToDatasetConverter.JsonValueToVariant(const AValue: TJSONValue; AFieldType: TJsonFieldType): Variant;[0m
[35md:\Projects\_Pending\UsefulClasses_local\Source\JSONDatasetConvertor.pas (395):   if AValue is TJSONNull then[0m
[35md:\Projects\_Pending\UsefulClasses_local\Source\JSONDatasetConvertor.pas (405):       if AValue is TJSONNumber then[0m
[35md:\Projects\_Pending\UsefulClasses_local\Source\JSONDatasetConvertor.pas (406):         Result := TJSONNumber(AValue).AsInt64[0m
[35md:\Projects\_Pending\UsefulClasses_local\Source\JSONDatasetConvertor.pas (410):       if AValue is TJSONNumber then[0m
[35md:\Projects\_Pending\UsefulClasses_local\Source\JSONDatasetConvertor.pas (411):         Result := TJSONNumber(AValue).AsDouble[0m
[35md:\Projects\_Pending\UsefulClasses_local\Source\JSONDatasetConvertor.pas (415):       if AValue is TJSONBool then[0m
[35md:\Projects\_Pending\UsefulClasses_local\Source\JSONDatasetConvertor.pas (416):         Result := TJSONBool(AValue).AsBoolean[0m
[35md:\Projects\_Pending\UsefulClasses_local\Source\JSONDatasetConvertor.pas (428):       Result := AValue.ToJSON;[0m
[35md:\Projects\_Pending\UsefulClasses_local\Source\JSONDatasetConvertor.pas (436): procedure TJsonToDatasetConverter.SetFieldValue(const ARecord: TClientDataSet; const AFieldName: string; const AValue: Variant);[0m
[35md:\Projects\_Pending\UsefulClasses_local\Source\JSONDatasetConvertor.pas (457): procedure TJsonToDatasetConverter.ProcessJsonObjectFlattened(const AJsonObj: TJSONObject; const ARecord: TClientDataSet; const APrefix: string);[0m
[35md:\Projects\_Pending\UsefulClasses_local\Source\JSONDatasetConvertor.pas (459):   Pair: TJSONPair;[0m
[35md:\Projects\_Pending\UsefulClasses_local\Source\JSONDatasetConvertor.pas (464):   for Pair in AJsonObj do[0m
[35md:\Projects\_Pending\UsefulClasses_local\Source\JSONDatasetConvertor.pas (466):     FieldName := SanitizeFieldName(APrefix + Pair.JsonString.Value);[0m
[35md:\Projects\_Pending\UsefulClasses_local\Source\JSONDatasetConvertor.pas (469):     if Pair.JsonValue is TJSONObject then[0m
[35md:\Projects\_Pending\UsefulClasses_local\Source\JSONDatasetConvertor.pas (472):       ProcessJsonObjectFlattened(TJSONObject(Pair.JsonValue), ARecord, APrefix + Pair.JsonString.Value + '_');[0m
[35md:\Projects\_Pending\UsefulClasses_local\Source\JSONDatasetConvertor.pas (474):     else if Pair.JsonValue is TJSONArray then[0m
[35md:\Projects\_Pending\UsefulClasses_local\Source\JSONDatasetConvertor.pas (476):       // Store array as JSON string[0m
[35md:\Projects\_Pending\UsefulClasses_local\Source\JSONDatasetConvertor.pas (477):       SetFieldValue(ARecord, FieldName, Pair.JsonValue.ToJSON);[0m
[35md:\Projects\_Pending\UsefulClasses_local\Source\JSONDatasetConvertor.pas (481):       Value := JsonValueToVariant(Pair.JsonValue, FieldInfo.FieldType);[0m
[35md:\Projects\_Pending\UsefulClasses_local\Source\JSONDatasetConvertor.pas (487): procedure TJsonToDatasetConverter.ProcessJsonObject(const AJsonObj: TJSONObject; const ARecord: TClientDataSet);[0m
[35md:\Projects\_Pending\UsefulClasses_local\Source\JSONDatasetConvertor.pas (489):   ProcessJsonObjectFlattened(AJsonObj, ARecord, '');[0m
[35md:\Projects\_Pending\UsefulClasses_local\Source\JSONDatasetConvertor.pas (492): procedure TJsonToDatasetConverter.ProcessJsonArray(const AJsonArray: TJSONArray; const AFieldName: string; const ARecord: TClientDataSet);[0m
[35md:\Projects\_Pending\UsefulClasses_local\Source\JSONDatasetConvertor.pas (494):   // Store entire array as JSON string[0m
[35md:\Projects\_Pending\UsefulClasses_local\Source\JSONDatasetConvertor.pas (495):   SetFieldValue(ARecord, AFieldName, AJsonArray.ToJSON);[0m
[35md:\Projects\_Pending\UsefulClasses_local\Source\JSONDatasetConvertor.pas (498): procedure TJsonToDatasetConverter.PopulateDatasetFromJson(const AJson: TJSONValue);[0m
[35md:\Projects\_Pending\UsefulClasses_local\Source\JSONDatasetConvertor.pas (500):   JsonObj: TJSONObject;[0m
[35md:\Projects\_Pending\UsefulClasses_local\Source\JSONDatasetConvertor.pas (501):   JsonArray: TJSONArray;[0m
[35md:\Projects\_Pending\UsefulClasses_local\Source\JSONDatasetConvertor.pas (504):   if AJson is TJSONObject then[0m
[35md:\Projects\_Pending\UsefulClasses_local\Source\JSONDatasetConvertor.pas (507):     ProcessJsonObject(TJSONObject(AJson), FDataset);[0m
[35md:\Projects\_Pending\UsefulClasses_local\Source\JSONDatasetConvertor.pas (510):   else if AJson is TJSONArray then[0m
[35md:\Projects\_Pending\UsefulClasses_local\Source\JSONDatasetConvertor.pas (512):     JsonArray := TJSONArray(AJson);[0m
[35md:\Projects\_Pending\UsefulClasses_local\Source\JSONDatasetConvertor.pas (513):     for i := 0 to JsonArray.Count - 1 do[0m
[35md:\Projects\_Pending\UsefulClasses_local\Source\JSONDatasetConvertor.pas (515):       if JsonArray.Items[i] is TJSONObject then[0m
[35md:\Projects\_Pending\UsefulClasses_local\Source\JSONDatasetConvertor.pas (518):         ProcessJsonObject(TJSONObject(JsonArray.Items[i]), FDataset);[0m
[35md:\Projects\_Pending\UsefulClasses_local\Source\JSONDatasetConvertor.pas (525): function TJsonToDatasetConverter.JsonStringToDataset(const AJsonString: string): TClientDataSet;[0m
[35md:\Projects\_Pending\UsefulClasses_local\Source\JSONDatasetConvertor.pas (527):   JsonValue: TJSONValue;[0m
[35md:\Projects\_Pending\UsefulClasses_local\Source\JSONDatasetConvertor.pas (533):     JsonValue := TJSONObject.ParseJSONValue(AJsonString);[0m
[35md:\Projects\_Pending\UsefulClasses_local\Source\JSONDatasetConvertor.pas (534):     if JsonValue = nil then[0m
[35md:\Projects\_Pending\UsefulClasses_local\Source\JSONDatasetConvertor.pas (535):       raise Exception.Create('Invalid JSON string');[0m
[35md:\Projects\_Pending\UsefulClasses_local\Source\JSONDatasetConvertor.pas (539):       AnalyzeJsonStructure(JsonValue);[0m
[35md:\Projects\_Pending\UsefulClasses_local\Source\JSONDatasetConvertor.pas (545):       PopulateDatasetFromJson(JsonValue);[0m
[35md:\Projects\_Pending\UsefulClasses_local\Source\JSONDatasetConvertor.pas (549):       JsonValue.Free;[0m
[35md:\Projects\_Pending\UsefulClasses_local\Source\JSONDatasetConvertor.pas (557): function TJsonToDatasetConverter.JsonObjectToDataset(const AJsonObject: TJSONObject): TClientDataSet;[0m
[35md:\Projects\_Pending\UsefulClasses_local\Source\JSONDatasetConvertor.pas (564):     AnalyzeJsonStructure(AJsonObject);[0m
[35md:\Projects\_Pending\UsefulClasses_local\Source\JSONDatasetConvertor.pas (570):     PopulateDatasetFromJson(AJsonObject);[0m
[35md:\Projects\_Pending\UsefulClasses_local\Source\JSONDatasetConvertor.pas (579): function TJsonToDatasetConverter.JsonArrayToDataset(const AJsonArray: TJSONArray): TClientDataSet;[0m
[35md:\Projects\_Pending\UsefulClasses_local\Source\JSONDatasetConvertor.pas (586):     AnalyzeJsonStructure(AJsonArray);[0m
[35md:\Projects\_Pending\UsefulClasses_local\Source\JSONDatasetConvertor.pas (592):     PopulateDatasetFromJson(AJsonArray);[0m
[35md:\Projects\_Pending\UsefulClasses_local\Source\JSONDatasetConvertor.pas (601): procedure TJsonToDatasetConverter.AddDateTimeFormat(const AFormat: string);[0m
[35md:\Projects\_Pending\UsefulClasses_local\Source\JSONDatasetConvertor.pas (607): procedure TJsonToDatasetConverter.ClearDateTimeFormats;[0m
[32mFOUND: d:\Projects\_Pending\UsefulClasses_local\Source\JsonToMemTable.pas[0m
[35md:\Projects\_Pending\UsefulClasses_local\Source\JsonToMemTable.pas (1): unit JsonToMemTable;[0m
[35md:\Projects\_Pending\UsefulClasses_local\Source\JsonToMemTable.pas (15):   System.JSON,[0m
[35md:\Projects\_Pending\UsefulClasses_local\Source\JsonToMemTable.pas (22):   FireDAC.Stan.StorageJSON;[0m
[35md:\Projects\_Pending\UsefulClasses_local\Source\JsonToMemTable.pas (40):   TJsonToMemTable = class(TObject)[0m
[35md:\Projects\_Pending\UsefulClasses_local\Source\JsonToMemTable.pas (42):       class function DetermineFieldType(const aFieldValue: TJSONValue): TFieldType;[0m
[35md:\Projects\_Pending\UsefulClasses_local\Source\JsonToMemTable.pas (47):       class procedure PopulateMemTableFromJSON(const aJSONString: string; var aMemTable: TFDMemTable; aDetermineType: boolean = True);[0m
[35md:\Projects\_Pending\UsefulClasses_local\Source\JsonToMemTable.pas (107): { TJsonToMemTable }[0m
[35md:\Projects\_Pending\UsefulClasses_local\Source\JsonToMemTable.pas (109): class function TJsonToMemTable.ConvertStringToDateTime(const aDateStr: string; var aDateTime: TDateTime): Boolean;[0m
[35md:\Projects\_Pending\UsefulClasses_local\Source\JsonToMemTable.pas (156): class function TJsonToMemTable.ConvertStringToDateTime(const aDateStr: string): TDateTime;[0m
[35md:\Projects\_Pending\UsefulClasses_local\Source\JsonToMemTable.pas (166): class function TJsonToMemTable.DetermineFieldType(const aFieldValue: TJSONValue): TFieldType;[0m
[35md:\Projects\_Pending\UsefulClasses_local\Source\JsonToMemTable.pas (175):   if aFieldValue is TJSONNumber then[0m
[35md:\Projects\_Pending\UsefulClasses_local\Source\JsonToMemTable.pas (196):   else if aFieldValue is TJSONBool then[0m
[35md:\Projects\_Pending\UsefulClasses_local\Source\JsonToMemTable.pas (198):   else if aFieldValue is TJSONString then[0m
[35md:\Projects\_Pending\UsefulClasses_local\Source\JsonToMemTable.pas (206): class function TJsonToMemTable.DetermineFieldSize(aFieldType: TFieldType): integer;[0m
[35md:\Projects\_Pending\UsefulClasses_local\Source\JsonToMemTable.pas (219): class procedure TJsonToMemTable.PopulateMemTableFromJSON(const aJSONString: string; var aMemTable: TFDMemTable; aDetermineType: boolean);[0m
[35md:\Projects\_Pending\UsefulClasses_local\Source\JsonToMemTable.pas (221):   JSONArray: TJSONArray;[0m
[35md:\Projects\_Pending\UsefulClasses_local\Source\JsonToMemTable.pas (222):   JSONObject: TJSONObject;[0m
[35md:\Projects\_Pending\UsefulClasses_local\Source\JsonToMemTable.pas (223):   Pair: TJSONPair;[0m
[35md:\Projects\_Pending\UsefulClasses_local\Source\JsonToMemTable.pas (227):   FieldValue: TJSONValue;[0m
[35md:\Projects\_Pending\UsefulClasses_local\Source\JsonToMemTable.pas (236):     // Parse JSON array[0m
[35md:\Projects\_Pending\UsefulClasses_local\Source\JsonToMemTable.pas (237):     JSONArray := TJSONObject.ParseJSONValue(aJSONString) as TJSONArray;[0m
[35md:\Projects\_Pending\UsefulClasses_local\Source\JsonToMemTable.pas (238):     if not Assigned(JSONArray) then[0m
[35md:\Projects\_Pending\UsefulClasses_local\Source\JsonToMemTable.pas (239):       raise Exception.Create('Invalid JSON format.');[0m
[35md:\Projects\_Pending\UsefulClasses_local\Source\JsonToMemTable.pas (247):       if JSONArray.Count > 0 then[0m
[35md:\Projects\_Pending\UsefulClasses_local\Source\JsonToMemTable.pas (249):         JSONObject := JSONArray.Items[0] as TJSONObject;[0m
[35md:\Projects\_Pending\UsefulClasses_local\Source\JsonToMemTable.pas (250):         for Pair in JSONObject do[0m
[35md:\Projects\_Pending\UsefulClasses_local\Source\JsonToMemTable.pas (252):           FieldValue := Pair.JsonValue;[0m
[35md:\Projects\_Pending\UsefulClasses_local\Source\JsonToMemTable.pas (260):               aMemTable.FieldDefs.Add(Pair.JsonString.Value, FieldType, FieldSize)[0m
[35md:\Projects\_Pending\UsefulClasses_local\Source\JsonToMemTable.pas (262):               aMemTable.FieldDefs.Add(Pair.JsonString.Value, FieldType);[0m
[35md:\Projects\_Pending\UsefulClasses_local\Source\JsonToMemTable.pas (264):           else AMemTable.FieldDefs.Add(Pair.JsonString.Value, ftString, 255);[0m
[35md:\Projects\_Pending\UsefulClasses_local\Source\JsonToMemTable.pas (271):       for i := 0 to JSONArray.Count - 1 do[0m
[35md:\Projects\_Pending\UsefulClasses_local\Source\JsonToMemTable.pas (273):         JSONObject := JSONArray.Items[i] as TJSONObject;[0m
[35md:\Projects\_Pending\UsefulClasses_local\Source\JsonToMemTable.pas (275):         for Pair in JSONObject do[0m
[35md:\Projects\_Pending\UsefulClasses_local\Source\JsonToMemTable.pas (277):           Field := aMemTable.FieldByName(Pair.JsonString.Value);[0m
[35md:\Projects\_Pending\UsefulClasses_local\Source\JsonToMemTable.pas (280):             FieldValue := Pair.JsonValue;[0m
[35md:\Projects\_Pending\UsefulClasses_local\Source\JsonToMemTable.pas (297):       JSONArray.Free;[0m
[32mFOUND: d:\Projects\_Pending\UsefulClasses_local\Source\JsonUtils.pas[0m
[35md:\Projects\_Pending\UsefulClasses_local\Source\JsonUtils.pas (1): unit JsonUtils;[0m
[35md:\Projects\_Pending\UsefulClasses_local\Source\JsonUtils.pas (8):   function EscapeJsonString(const Value: string): string;[0m
[35md:\Projects\_Pending\UsefulClasses_local\Source\JsonUtils.pas (9):   function UnEscapeJsonString(const json: string): string;[0m
[35md:\Projects\_Pending\UsefulClasses_local\Source\JsonUtils.pas (10):   function JsonPrettyPrint(const aJson: string): string;[0m
[35md:\Projects\_Pending\UsefulClasses_local\Source\JsonUtils.pas (15):   System.JSON;[0m
[35md:\Projects\_Pending\UsefulClasses_local\Source\JsonUtils.pas (17): function EscapeJsonString(const Value: string): string;[0m
[35md:\Projects\_Pending\UsefulClasses_local\Source\JsonUtils.pas (45): function UnEscapeJsonString(const json: string): string;[0m
[35md:\Projects\_Pending\UsefulClasses_local\Source\JsonUtils.pas (54):   len := Length(json);[0m
[35md:\Projects\_Pending\UsefulClasses_local\Source\JsonUtils.pas (56):   // 1. Strip the enclosing quotes that EscapeJsonString adds[0m
[35md:\Projects\_Pending\UsefulClasses_local\Source\JsonUtils.pas (57):   if (len >= 2) and (json[1] = '"') and (json[len] = '"') then[0m
[35md:\Projects\_Pending\UsefulClasses_local\Source\JsonUtils.pas (66):     ch := json[i];[0m
[35md:\Projects\_Pending\UsefulClasses_local\Source\JsonUtils.pas (75):       case json[i] of[0m
[35md:\Projects\_Pending\UsefulClasses_local\Source\JsonUtils.pas (89):               hexStr := Copy(json, i + 1, 4);[0m
[35md:\Projects\_Pending\UsefulClasses_local\Source\JsonUtils.pas (105):         // The character after '\' is not a valid JSON escape char (e.g., "\z").[0m
[35md:\Projects\_Pending\UsefulClasses_local\Source\JsonUtils.pas (107):         Result := Result + '\' + json[i];[0m
[35md:\Projects\_Pending\UsefulClasses_local\Source\JsonUtils.pas (121): function JsonPrettyPrint(const aJson: string): string;[0m
[35md:\Projects\_Pending\UsefulClasses_local\Source\JsonUtils.pas (123):   jsonValue: TJSONValue;[0m
[35md:\Projects\_Pending\UsefulClasses_local\Source\JsonUtils.pas (126):   if aJson.IsEmpty then[0m
[35md:\Projects\_Pending\UsefulClasses_local\Source\JsonUtils.pas (134):   Result := aJson;[0m
[35md:\Projects\_Pending\UsefulClasses_local\Source\JsonUtils.pas (137):     // Attempt to parse the JSON string into a TJSONValue object.[0m
[35md:\Projects\_Pending\UsefulClasses_local\Source\JsonUtils.pas (138):     // TJSONObject.ParseJSONValue can handle both JSON objects ({...}) and[0m
[35md:\Projects\_Pending\UsefulClasses_local\Source\JsonUtils.pas (139):     // JSON arrays ([...]) as the root element.[0m
[35md:\Projects\_Pending\UsefulClasses_local\Source\JsonUtils.pas (140):     jsonValue := TJSONObject.ParseJSONValue(aJson);[0m
[35md:\Projects\_Pending\UsefulClasses_local\Source\JsonUtils.pas (143):     if Assigned(jsonValue) then[0m
[35md:\Projects\_Pending\UsefulClasses_local\Source\JsonUtils.pas (146):         // Format the JSON object into a string with an indentation of 2 spaces.[0m
[35md:\Projects\_Pending\UsefulClasses_local\Source\JsonUtils.pas (148):         Result := jsonValue.Format(2);[0m
[35md:\Projects\_Pending\UsefulClasses_local\Source\JsonUtils.pas (150):         jsonValue.Free;[0m
[35md:\Projects\_Pending\UsefulClasses_local\Source\JsonUtils.pas (156):       raise Exception.CreateFmt('JsonPrettyPrint failed: %s',[e.Message]);[0m
[32mFOUND: d:\Projects\_Pending\UsefulClasses_local\Source\Logger.pas[0m
[35md:\Projects\_Pending\UsefulClasses_local\Source\Logger.pas (11):   System.JSON;[0m
[35md:\Projects\_Pending\UsefulClasses_local\Source\Logger.pas (16):   TLogOutputFormat = (Text, CSV, JSON); // Enumerated type for output format[0m
[35md:\Projects\_Pending\UsefulClasses_local\Source\Logger.pas (34):       fOutputFormat: TLogOutputFormat; // Output format (Text, CSV or JSON)[0m
[35md:\Projects\_Pending\UsefulClasses_local\Source\Logger.pas (36):       fJSONFileInitialized: Boolean;  // Track if we need to start JSON array[0m
[35md:\Projects\_Pending\UsefulClasses_local\Source\Logger.pas (42):     class function LogToJSON(const aLogEntry: TLogEntry): string;[0m
[35md:\Projects\_Pending\UsefulClasses_local\Source\Logger.pas (45):     class procedure InitializeJSONFile;[0m
[35md:\Projects\_Pending\UsefulClasses_local\Source\Logger.pas (46):     class procedure WriteJSONToFile(const aJSON: string);[0m
[35md:\Projects\_Pending\UsefulClasses_local\Source\Logger.pas (73):   TLogger.fJSONFileInitialized := False;[0m
[35md:\Projects\_Pending\UsefulClasses_local\Source\Logger.pas (88):     if fOutputFormat = TLogOutputFormat.JSON then maxLines := 3;[0m
[35md:\Projects\_Pending\UsefulClasses_local\Source\Logger.pas (206):     TLogOutputFormat.JSON:[0m
[35md:\Projects\_Pending\UsefulClasses_local\Source\Logger.pas (208):         logLine := TLogger.LogToJSON(aLogEntry);[0m
[35md:\Projects\_Pending\UsefulClasses_local\Source\Logger.pas (209):         if not logLine.IsEmpty then WriteJSONToFile(logLine);[0m
[35md:\Projects\_Pending\UsefulClasses_local\Source\Logger.pas (245): class function TLogger.LogToJSON(const aLogEntry: TLogEntry): string;[0m
[35md:\Projects\_Pending\UsefulClasses_local\Source\Logger.pas (248):   jsonObj: TJSONObject;[0m
[35md:\Projects\_Pending\UsefulClasses_local\Source\Logger.pas (254):     // Create a JSON object for the log entry[0m
[35md:\Projects\_Pending\UsefulClasses_local\Source\Logger.pas (255):     jsonObj := TJSONObject.Create;[0m
[35md:\Projects\_Pending\UsefulClasses_local\Source\Logger.pas (257):       jsonObj.AddPair('LogTime', FormatDateTime('yyyy-mm-dd hh:nn:ss', aLogEntry.LogTime));[0m
[35md:\Projects\_Pending\UsefulClasses_local\Source\Logger.pas (258):       jsonObj.AddPair('UserID', aLogEntry.UserID);[0m
[35md:\Projects\_Pending\UsefulClasses_local\Source\Logger.pas (259):       jsonObj.AddPair('LogObject', aLogEntry.LogObject);[0m
[35md:\Projects\_Pending\UsefulClasses_local\Source\Logger.pas (260):       jsonObj.AddPair('Description', aLogEntry.Description);[0m
[35md:\Projects\_Pending\UsefulClasses_local\Source\Logger.pas (261):       jsonObj.AddPair('LogStatus', StatusStr);[0m
[35md:\Projects\_Pending\UsefulClasses_local\Source\Logger.pas (262):       Result := jsonObj.ToString;[0m
[35md:\Projects\_Pending\UsefulClasses_local\Source\Logger.pas (264):       jsonObj.Free;[0m
[35md:\Projects\_Pending\UsefulClasses_local\Source\Logger.pas (268): 	    raise Exception.CreateFmt('TLogger.LogToJSON,Error when creating the log entry: %s', [e.Message]);[0m
[35md:\Projects\_Pending\UsefulClasses_local\Source\Logger.pas (273): class procedure TLogger.InitializeJSONFile;[0m
[35md:\Projects\_Pending\UsefulClasses_local\Source\Logger.pas (285):       fJSONFileInitialized := True;[0m
[35md:\Projects\_Pending\UsefulClasses_local\Source\Logger.pas (299):         fJSONFileInitialized := True;[0m
[35md:\Projects\_Pending\UsefulClasses_local\Source\Logger.pas (308): class procedure TLogger.WriteJSONToFile(const aJSON: string);[0m
[35md:\Projects\_Pending\UsefulClasses_local\Source\Logger.pas (325):   if ( (not fJSONFileInitialized) and (not logExists) ) then[0m
[35md:\Projects\_Pending\UsefulClasses_local\Source\Logger.pas (326):     InitializeJSONFile;[0m
[35md:\Projects\_Pending\UsefulClasses_local\Source\Logger.pas (345):         // Subsequent entry: prefix with comma, add new JSON, and re-add closing ']'[0m
[35md:\Projects\_Pending\UsefulClasses_local\Source\Logger.pas (346):         buffer := TEncoding.UTF8.GetBytes(',' + sLineBreak + aJSON + sLineBreak + ']')[0m
[35md:\Projects\_Pending\UsefulClasses_local\Source\Logger.pas (348):         // First entry: just add new JSON, and add the closing ']'[0m
[35md:\Projects\_Pending\UsefulClasses_local\Source\Logger.pas (350):         buffer := TEncoding.UTF8.GetBytes(aJSON + sLineBreak + ']');[0m
[35md:\Projects\_Pending\UsefulClasses_local\Source\Logger.pas (364):       fJSONFileInitialized := True;[0m
[32mFOUND: d:\Projects\_Pending\UsefulClasses_local\Source\LogWriter2.pas[0m
[35md:\Projects\_Pending\UsefulClasses_local\Source\LogWriter2.pas (7):   System.JSON;[0m
[35md:\Projects\_Pending\UsefulClasses_local\Source\LogWriter2.pas (11):   TLogOutputFormat = (ofText, ofJSON); // Enumerated type for output format[0m
[35md:\Projects\_Pending\UsefulClasses_local\Source\LogWriter2.pas (29):       FOutputFormat: TLogOutputFormat; // Output format (Text or JSON)[0m
[35md:\Projects\_Pending\UsefulClasses_local\Source\LogWriter2.pas (34):     class function LogEntryToJSON(const ALogEntry: TLogEntry): TJSONObject;[0m
[35md:\Projects\_Pending\UsefulClasses_local\Source\LogWriter2.pas (144): class function TLogWriter.LogEntryToJSON(const ALogEntry: TLogEntry): TJSONObject;[0m
[35md:\Projects\_Pending\UsefulClasses_local\Source\LogWriter2.pas (159):   // Create a JSON object for the log entry[0m
[35md:\Projects\_Pending\UsefulClasses_local\Source\LogWriter2.pas (160):   Result := TJSONObject.Create;[0m
[35md:\Projects\_Pending\UsefulClasses_local\Source\LogWriter2.pas (173):   JSONArray: TJSONArray;[0m
[35md:\Projects\_Pending\UsefulClasses_local\Source\LogWriter2.pas (174):   JSONFile: TStringList;[0m
[35md:\Projects\_Pending\UsefulClasses_local\Source\LogWriter2.pas (199):       ofJSON:[0m
[35md:\Projects\_Pending\UsefulClasses_local\Source\LogWriter2.pas (201):           JSONArray := TJSONArray.Create;[0m
[35md:\Projects\_Pending\UsefulClasses_local\Source\LogWriter2.pas (205):               JSONArray.AddElement(LogEntryToJSON(LogEntry));[0m
[35md:\Projects\_Pending\UsefulClasses_local\Source\LogWriter2.pas (208):             JSONFile := TStringList.Create;[0m
[35md:\Projects\_Pending\UsefulClasses_local\Source\LogWriter2.pas (210):               JSONFile.Text := JSONArray.Format(2); // Format JSON with indentation[0m
[35md:\Projects\_Pending\UsefulClasses_local\Source\LogWriter2.pas (211):               JSONFile.SaveToFile(FLogFileName);[0m
[35md:\Projects\_Pending\UsefulClasses_local\Source\LogWriter2.pas (213):               JSONFile.Free;[0m
[35md:\Projects\_Pending\UsefulClasses_local\Source\LogWriter2.pas (216):             JSONArray.Free;[0m
[32mFOUND: d:\Projects\_Pending\UsefulClasses_local\Source\LogWriterTests2.pas[0m
[35md:\Projects\_Pending\UsefulClasses_local\Source\LogWriterTests2.pas (10):   System.JSON;[0m
[35md:\Projects\_Pending\UsefulClasses_local\Source\LogWriterTests2.pas (25):     procedure TestAddLogEntryJSON;[0m
[35md:\Projects\_Pending\UsefulClasses_local\Source\LogWriterTests2.pas (27):     procedure TestMultipleLogEntriesJSON;[0m
[35md:\Projects\_Pending\UsefulClasses_local\Source\LogWriterTests2.pas (70): procedure TLogWriterTests.TestAddLogEntryJSON;[0m
[35md:\Projects\_Pending\UsefulClasses_local\Source\LogWriterTests2.pas (74):   JSONValue: TJSONValue;[0m
[35md:\Projects\_Pending\UsefulClasses_local\Source\LogWriterTests2.pas (76):   // Set output format to JSON[0m
[35md:\Projects\_Pending\UsefulClasses_local\Source\LogWriterTests2.pas (77):   TLogWriter.SetOutputFormat(ofJSON);[0m
[35md:\Projects\_Pending\UsefulClasses_local\Source\LogWriterTests2.pas (89):   JSONValue := TJSONObject.ParseJSONValue(LogContent);[0m
[35md:\Projects\_Pending\UsefulClasses_local\Source\LogWriterTests2.pas (91):     Assert.IsNotNull(JSONValue, 'Log file should contain valid JSON');[0m
[35md:\Projects\_Pending\UsefulClasses_local\Source\LogWriterTests2.pas (92):     Assert.IsTrue(JSONValue is TJSONArray, 'Log file should contain a JSON array');[0m
[35md:\Projects\_Pending\UsefulClasses_local\Source\LogWriterTests2.pas (93):     Assert.AreEqual(1, TJSONArray(JSONValue).Count, 'Log file should contain 1 entry');[0m
[35md:\Projects\_Pending\UsefulClasses_local\Source\LogWriterTests2.pas (95):     JSONValue.Free;[0m
[35md:\Projects\_Pending\UsefulClasses_local\Source\LogWriterTests2.pas (99): procedure TLogWriterTests.TestMultipleLogEntriesJSON;[0m
[35md:\Projects\_Pending\UsefulClasses_local\Source\LogWriterTests2.pas (103):   JSONValue: TJSONValue;[0m
[35md:\Projects\_Pending\UsefulClasses_local\Source\LogWriterTests2.pas (105):   // Set output format to JSON[0m
[35md:\Projects\_Pending\UsefulClasses_local\Source\LogWriterTests2.pas (106):   TLogWriter.SetOutputFormat(ofJSON);[0m
[35md:\Projects\_Pending\UsefulClasses_local\Source\LogWriterTests2.pas (124):   JSONValue := TJSONObject.ParseJSONValue(LogContent);[0m
[35md:\Projects\_Pending\UsefulClasses_local\Source\LogWriterTests2.pas (126):     Assert.IsNotNull(JSONValue, 'Log file should contain valid JSON');[0m
[35md:\Projects\_Pending\UsefulClasses_local\Source\LogWriterTests2.pas (127):     Assert.IsTrue(JSONValue is TJSONArray, 'Log file should contain a JSON array');[0m
[35md:\Projects\_Pending\UsefulClasses_local\Source\LogWriterTests2.pas (128):     Assert.AreEqual(3, TJSONArray(JSONValue).Count, 'Log file should contain 3 entries');[0m
[35md:\Projects\_Pending\UsefulClasses_local\Source\LogWriterTests2.pas (130):     JSONValue.Free;[0m
[32mFOUND: d:\Projects\_Pending\UsefulClasses_local\Source\RequestHandler.pas[0m
[35md:\Projects\_Pending\UsefulClasses_local\Source\RequestHandler.pas (9):   System.JSON, System.Rtti,[0m
[32mFOUND: d:\Projects\_Pending\UsefulClasses_local\Source\Response.pas[0m
[35md:\Projects\_Pending\UsefulClasses_local\Source\Response.pas (12):   { REST units and JSON units }[0m
[35md:\Projects\_Pending\UsefulClasses_local\Source\Response.pas (13):   System.JSON, REST.Types, REST.Client,[0m
[35md:\Projects\_Pending\UsefulClasses_local\Source\Response.pas (46):       procedure JSONToError(const jsonString: string);[0m
[35md:\Projects\_Pending\UsefulClasses_local\Source\Response.pas (54):       function ContainsJSONContent: boolean;[0m
[35md:\Projects\_Pending\UsefulClasses_local\Source\Response.pas (104):   Result := (not fContent.IsEmpty) and (not ContainsJSONContent);[0m
[35md:\Projects\_Pending\UsefulClasses_local\Source\Response.pas (109):   JSONToError(fContent);[0m
[35md:\Projects\_Pending\UsefulClasses_local\Source\Response.pas (116): function TResponse.ContainsJSONContent: boolean;[0m
[35md:\Projects\_Pending\UsefulClasses_local\Source\Response.pas (120):   function MatchContainsJSON: TMatchCollection;[0m
[35md:\Projects\_Pending\UsefulClasses_local\Source\Response.pas (122):     Result := TRegEx.Matches(fContent,cRegexValidJSON,[roIgnoreCase]);[0m
[35md:\Projects\_Pending\UsefulClasses_local\Source\Response.pas (126):   Matches := MatchContainsJSON;[0m
[35md:\Projects\_Pending\UsefulClasses_local\Source\Response.pas (130): (* Handle Errors here. Errors typically have the following JSON content:[0m
[35md:\Projects\_Pending\UsefulClasses_local\Source\Response.pas (139):   BE AWARE, errors can also be found in OrderDetails json content,[0m
[35md:\Projects\_Pending\UsefulClasses_local\Source\Response.pas (142): procedure TResponse.JSONToError(const jsonString: string);[0m
[35md:\Projects\_Pending\UsefulClasses_local\Source\Response.pas (144):   jSonValue: TJSonValue;[0m
[35md:\Projects\_Pending\UsefulClasses_local\Source\Response.pas (148):   fError := TError.Create(jsonString);[0m
[35md:\Projects\_Pending\UsefulClasses_local\Source\Response.pas (152): //  jsonValue := TJSonObject.ParseJSONValue(jsonString);[0m
[35md:\Projects\_Pending\UsefulClasses_local\Source\Response.pas (155): //      jsonValue.TryGetValue<String>('errText',aErrText);[0m
[35md:\Projects\_Pending\UsefulClasses_local\Source\Response.pas (158): //        jsonValue.TryGetValue<String>('errDetail',aErrDetail);[0m
[35md:\Projects\_Pending\UsefulClasses_local\Source\Response.pas (161): //      fError := TError.Create(jsonString);[0m
[35md:\Projects\_Pending\UsefulClasses_local\Source\Response.pas (168): //    jsonValue.Free;[0m
[35md:\Projects\_Pending\UsefulClasses_local\Source\Response.pas (181):     else Result := Format('%d: Contains JSON',[fStatusCode]);[0m
[32mFOUND: d:\Projects\_Pending\UsefulClasses_local\Source\RESTHandler.pas[0m
[35md:\Projects\_Pending\UsefulClasses_local\Source\RESTHandler.pas (25):   { REST units and JSON units }[0m
[35md:\Projects\_Pending\UsefulClasses_local\Source\RESTHandler.pas (26):   System.JSON, REST.Types, REST.Client, System.Net.HttpClient,[0m
[35md:\Projects\_Pending\UsefulClasses_local\Source\RESTHandler.pas (210):   fRESTClient.Accept := cContentTypeJSON;[0m
[35md:\Projects\_Pending\UsefulClasses_local\Source\RESTHandler.pas (212):   fRESTClient.ContentType := cContentTypeJSON;[0m
[35md:\Projects\_Pending\UsefulClasses_local\Source\RESTHandler.pas (223):   fRESTRequest.Accept := cContentTypeJSON;[0m
[35md:\Projects\_Pending\UsefulClasses_local\Source\RESTHandler.pas (230):   fRESTResponse.ContentType := cContentTypeJSON;[0m
[35md:\Projects\_Pending\UsefulClasses_local\Source\RESTHandler.pas (299):           aJSONBody: string;[0m
[35md:\Projects\_Pending\UsefulClasses_local\Source\RESTHandler.pas (300):           jObj: TJSONObject;[0m
[35md:\Projects\_Pending\UsefulClasses_local\Source\RESTHandler.pas (306):             aJSONBody := EmptyStr;[0m
[35md:\Projects\_Pending\UsefulClasses_local\Source\RESTHandler.pas (331):               jObj := TJSONObject.Create;[0m
[35md:\Projects\_Pending\UsefulClasses_local\Source\RESTHandler.pas (365):                 aJSONBody := jObj.ToString;[0m
[35md:\Projects\_Pending\UsefulClasses_local\Source\RESTHandler.pas (372):               aObj.RESTRequest.Body.Add(aJSONBody, ctAPPLICATION_JSON);[0m
[35md:\Projects\_Pending\UsefulClasses_local\Source\RESTHandler.pas (512):             // JSON body or illegal values in the body[0m
[32mFOUND: d:\Projects\_Pending\UsefulClasses_local\Source\RESTQueue.pas[0m
[35md:\Projects\_Pending\UsefulClasses_local\Source\RESTQueue.pas (28):   { REST units and JSON units }[0m
[35md:\Projects\_Pending\UsefulClasses_local\Source\RESTQueue.pas (29):   System.JSON, REST.Types, REST.Client, System.Net.HttpClient,[0m
[32mFOUND: d:\Projects\_Pending\UsefulClasses_local\Source\_Saved\Logger.pas[0m
[35md:\Projects\_Pending\UsefulClasses_local\Source\_Saved\Logger.pas (11):   System.JSON;[0m
[35md:\Projects\_Pending\UsefulClasses_local\Source\_Saved\Logger.pas (16):   TLogOutputFormat = (Text, CSV, JSON); // Enumerated type for output format[0m
[35md:\Projects\_Pending\UsefulClasses_local\Source\_Saved\Logger.pas (34):       fOutputFormat: TLogOutputFormat; // Output format (Text, CSV or JSON)[0m
[35md:\Projects\_Pending\UsefulClasses_local\Source\_Saved\Logger.pas (36):       fJSONFileInitialized: Boolean;  // Track if we need to start JSON array[0m
[35md:\Projects\_Pending\UsefulClasses_local\Source\_Saved\Logger.pas (42):     class function LogToJSON(const aLogEntry: TLogEntry): string;[0m
[35md:\Projects\_Pending\UsefulClasses_local\Source\_Saved\Logger.pas (45):     class procedure InitializeJSONFile;[0m
[35md:\Projects\_Pending\UsefulClasses_local\Source\_Saved\Logger.pas (46):     class procedure WriteJSONToFile(const aJSON: string);[0m
[35md:\Projects\_Pending\UsefulClasses_local\Source\_Saved\Logger.pas (73):   TLogger.fJSONFileInitialized := False;[0m
[35md:\Projects\_Pending\UsefulClasses_local\Source\_Saved\Logger.pas (88):     if fOutputFormat = TLogOutputFormat.JSON then maxLines := 3;[0m
[35md:\Projects\_Pending\UsefulClasses_local\Source\_Saved\Logger.pas (206):     TLogOutputFormat.JSON:[0m
[35md:\Projects\_Pending\UsefulClasses_local\Source\_Saved\Logger.pas (208):         logLine := TLogger.LogToJSON(aLogEntry);[0m
[35md:\Projects\_Pending\UsefulClasses_local\Source\_Saved\Logger.pas (209):         if not logLine.IsEmpty then WriteJSONToFile(logLine);[0m
[35md:\Projects\_Pending\UsefulClasses_local\Source\_Saved\Logger.pas (245): class function TLogger.LogToJSON(const aLogEntry: TLogEntry): string;[0m
[35md:\Projects\_Pending\UsefulClasses_local\Source\_Saved\Logger.pas (248):   jsonObj: TJSONObject;[0m
[35md:\Projects\_Pending\UsefulClasses_local\Source\_Saved\Logger.pas (254):     // Create a JSON object for the log entry[0m
[35md:\Projects\_Pending\UsefulClasses_local\Source\_Saved\Logger.pas (255):     jsonObj := TJSONObject.Create;[0m
[35md:\Projects\_Pending\UsefulClasses_local\Source\_Saved\Logger.pas (257):       jsonObj.AddPair('LogTime', FormatDateTime('yyyy-mm-dd hh:nn:ss', aLogEntry.LogTime));[0m
[35md:\Projects\_Pending\UsefulClasses_local\Source\_Saved\Logger.pas (258):       jsonObj.AddPair('UserID', aLogEntry.UserID);[0m
[35md:\Projects\_Pending\UsefulClasses_local\Source\_Saved\Logger.pas (259):       jsonObj.AddPair('LogObject', aLogEntry.LogObject);[0m
[35md:\Projects\_Pending\UsefulClasses_local\Source\_Saved\Logger.pas (260):       jsonObj.AddPair('Description', aLogEntry.Description);[0m
[35md:\Projects\_Pending\UsefulClasses_local\Source\_Saved\Logger.pas (261):       jsonObj.AddPair('LogStatus', StatusStr);[0m
[35md:\Projects\_Pending\UsefulClasses_local\Source\_Saved\Logger.pas (262):       Result := jsonObj.ToString;[0m
[35md:\Projects\_Pending\UsefulClasses_local\Source\_Saved\Logger.pas (264):       jsonObj.Free;[0m
[35md:\Projects\_Pending\UsefulClasses_local\Source\_Saved\Logger.pas (268): 	    raise Exception.CreateFmt('TLogger.LogToJSON,Error when creating the log entry: %s', [e.Message]);[0m
[35md:\Projects\_Pending\UsefulClasses_local\Source\_Saved\Logger.pas (273): class procedure TLogger.InitializeJSONFile;[0m
[35md:\Projects\_Pending\UsefulClasses_local\Source\_Saved\Logger.pas (285):       fJSONFileInitialized := True;[0m
[35md:\Projects\_Pending\UsefulClasses_local\Source\_Saved\Logger.pas (299):         fJSONFileInitialized := True;[0m
[35md:\Projects\_Pending\UsefulClasses_local\Source\_Saved\Logger.pas (308): class procedure TLogger.WriteJSONToFile(const aJSON: string);[0m
[35md:\Projects\_Pending\UsefulClasses_local\Source\_Saved\Logger.pas (325):   if ( (not fJSONFileInitialized) and (not logExists) ) then[0m
[35md:\Projects\_Pending\UsefulClasses_local\Source\_Saved\Logger.pas (326):     InitializeJSONFile;[0m
[35md:\Projects\_Pending\UsefulClasses_local\Source\_Saved\Logger.pas (345):         // Subsequent entry: prefix with comma, add new JSON, and re-add closing ']'[0m
[35md:\Projects\_Pending\UsefulClasses_local\Source\_Saved\Logger.pas (346):         buffer := TEncoding.UTF8.GetBytes(',' + sLineBreak + aJSON + sLineBreak + ']')[0m
[35md:\Projects\_Pending\UsefulClasses_local\Source\_Saved\Logger.pas (348):         // First entry: just add new JSON, and add the closing ']'[0m
[35md:\Projects\_Pending\UsefulClasses_local\Source\_Saved\Logger.pas (350):         buffer := TEncoding.UTF8.GetBytes(aJSON + sLineBreak + ']');[0m
[35md:\Projects\_Pending\UsefulClasses_local\Source\_Saved\Logger.pas (364):       fJSONFileInitialized := True;[0m
[35md:\Projects\_Pending\UsefulClasses_local\Source\_Saved\Logger.pas (375): class procedure TLogger.WriteJSONToFile(const aJSON: string);[0m
[35md:\Projects\_Pending\UsefulClasses_local\Source\_Saved\Logger.pas (387):   if ( (not fJSONFileInitialized) and (not logExists) ) then InitializeJSONFile;[0m
[35md:\Projects\_Pending\UsefulClasses_local\Source\_Saved\Logger.pas (395):       if fJSONFileInitialized or logExists then[0m
[35md:\Projects\_Pending\UsefulClasses_local\Source\_Saved\Logger.pas (407):           buffer := TEncoding.UTF8.GetBytes(',' + sLineBreak + aJSON + sLineBreak + ']')[0m
[35md:\Projects\_Pending\UsefulClasses_local\Source\_Saved\Logger.pas (409):           buffer := TEncoding.UTF8.GetBytes(aJSON + sLineBreak + ']');[0m
[35md:\Projects\_Pending\UsefulClasses_local\Source\_Saved\Logger.pas (418):       fJSONFileInitialized := True;[0m
[35md:\Projects\_Pending\UsefulClasses_local\Source\_Saved\Logger.pas (428): class procedure TLogger.WriteJSONToFile(const aJSON: string);[0m
[35md:\Projects\_Pending\UsefulClasses_local\Source\_Saved\Logger.pas (438):   //    *** Make sure InitializeJSONFile writes: '[' + sLineBreak + ']' ***[0m
[35md:\Projects\_Pending\UsefulClasses_local\Source\_Saved\Logger.pas (439):   if ( (not fJSONFileInitialized) and (not FileExists(fLogFileName)) ) then[0m
[35md:\Projects\_Pending\UsefulClasses_local\Source\_Saved\Logger.pas (440):     InitializeJSONFile;[0m
[35md:\Projects\_Pending\UsefulClasses_local\Source\_Saved\Logger.pas (451):       // Assuming InitializeJSONFile writes an opening array: '['[0m
[35md:\Projects\_Pending\UsefulClasses_local\Source\_Saved\Logger.pas (456):       // For simplicity, we rely on InitializeJSONFile to handle the first entry.[0m
[35md:\Projects\_Pending\UsefulClasses_local\Source\_Saved\Logger.pas (467):           // Insert comma, line break, new JSON object, line break, and the closing ']'[0m
[35md:\Projects\_Pending\UsefulClasses_local\Source\_Saved\Logger.pas (468):           buffer := TEncoding.UTF8.GetBytes(',' + sLineBreak + aJSON + sLineBreak + ']')[0m
[35md:\Projects\_Pending\UsefulClasses_local\Source\_Saved\Logger.pas (470):           // Insert new JSON object, line break, and the closing ']'[0m
[35md:\Projects\_Pending\UsefulClasses_local\Source\_Saved\Logger.pas (472):           buffer := TEncoding.UTF8.GetBytes(aJSON + sLineBreak + ']');[0m
[35md:\Projects\_Pending\UsefulClasses_local\Source\_Saved\Logger.pas (478):         fJSONFileInitialized := True;[0m
[32mFOUND: d:\Projects\_Pending\UsefulClasses_local\Source\_Saved\LogWriter2.pas[0m
[35md:\Projects\_Pending\UsefulClasses_local\Source\_Saved\LogWriter2.pas (7):   System.JSON;[0m
[35md:\Projects\_Pending\UsefulClasses_local\Source\_Saved\LogWriter2.pas (11):   TLogOutputFormat = (ofText, ofJSON); // Enumerated type for output format[0m
[35md:\Projects\_Pending\UsefulClasses_local\Source\_Saved\LogWriter2.pas (29):       FOutputFormat: TLogOutputFormat; // Output format (Text or JSON)[0m
[35md:\Projects\_Pending\UsefulClasses_local\Source\_Saved\LogWriter2.pas (34):     class function LogEntryToJSON(const ALogEntry: TLogEntry): TJSONObject;[0m
[35md:\Projects\_Pending\UsefulClasses_local\Source\_Saved\LogWriter2.pas (144): class function TLogWriter.LogEntryToJSON(const ALogEntry: TLogEntry): TJSONObject;[0m
[35md:\Projects\_Pending\UsefulClasses_local\Source\_Saved\LogWriter2.pas (159):   // Create a JSON object for the log entry[0m
[35md:\Projects\_Pending\UsefulClasses_local\Source\_Saved\LogWriter2.pas (160):   Result := TJSONObject.Create;[0m
[35md:\Projects\_Pending\UsefulClasses_local\Source\_Saved\LogWriter2.pas (173):   JSONArray: TJSONArray;[0m
[35md:\Projects\_Pending\UsefulClasses_local\Source\_Saved\LogWriter2.pas (174):   JSONFile: TStringList;[0m
[35md:\Projects\_Pending\UsefulClasses_local\Source\_Saved\LogWriter2.pas (199):       ofJSON:[0m
[35md:\Projects\_Pending\UsefulClasses_local\Source\_Saved\LogWriter2.pas (201):           JSONArray := TJSONArray.Create;[0m
[35md:\Projects\_Pending\UsefulClasses_local\Source\_Saved\LogWriter2.pas (205):               JSONArray.AddElement(LogEntryToJSON(LogEntry));[0m
[35md:\Projects\_Pending\UsefulClasses_local\Source\_Saved\LogWriter2.pas (208):             JSONFile := TStringList.Create;[0m
[35md:\Projects\_Pending\UsefulClasses_local\Source\_Saved\LogWriter2.pas (210):               JSONFile.Text := JSONArray.Format(2); // Format JSON with indentation[0m
[35md:\Projects\_Pending\UsefulClasses_local\Source\_Saved\LogWriter2.pas (211):               JSONFile.SaveToFile(FLogFileName);[0m
[35md:\Projects\_Pending\UsefulClasses_local\Source\_Saved\LogWriter2.pas (213):               JSONFile.Free;[0m
[35md:\Projects\_Pending\UsefulClasses_local\Source\_Saved\LogWriter2.pas (216):             JSONArray.Free;[0m
[32mFOUND: d:\Projects\_Saved\Notifier\Source\JSONConfig.pas[0m
[35md:\Projects\_Saved\Notifier\Source\JSONConfig.pas (1): unit JSONConfig;[0m
[35md:\Projects\_Saved\Notifier\Source\JSONConfig.pas (9):   System.JSON, System.Generics.Collections;[0m
[35md:\Projects\_Saved\Notifier\Source\JSONConfig.pas (12):   TJSONConfig = class[0m
[35md:\Projects\_Saved\Notifier\Source\JSONConfig.pas (15):     fJSONObject: TJSONObject;[0m
[35md:\Projects\_Saved\Notifier\Source\JSONConfig.pas (18):     function GetJsonValue(const aKey: string): TJsonValue;[0m
[35md:\Projects\_Saved\Notifier\Source\JSONConfig.pas (42):     procedure SetJSONArray(const aKey: string; aValue: TJSONArray);[0m
[35md:\Projects\_Saved\Notifier\Source\JSONConfig.pas (51):     function GetJSONArray(const aKey: string): TJSONArray;[0m
[35md:\Projects\_Saved\Notifier\Source\JSONConfig.pas (59): { TJSONConfig }[0m
[35md:\Projects\_Saved\Notifier\Source\JSONConfig.pas (61): constructor TJSONConfig.Create;[0m
[35md:\Projects\_Saved\Notifier\Source\JSONConfig.pas (64):   fJSONObject := TJSONObject.Create;[0m
[35md:\Projects\_Saved\Notifier\Source\JSONConfig.pas (68): destructor TJSONConfig.Destroy;[0m
[35md:\Projects\_Saved\Notifier\Source\JSONConfig.pas (70):   fJSONObject.Free;[0m
[35md:\Projects\_Saved\Notifier\Source\JSONConfig.pas (74): procedure TJSONConfig.Clear;[0m
[35md:\Projects\_Saved\Notifier\Source\JSONConfig.pas (76):   fJSONObject.Free;[0m
[35md:\Projects\_Saved\Notifier\Source\JSONConfig.pas (77):   fJSONObject := TJSONObject.Create;[0m
[35md:\Projects\_Saved\Notifier\Source\JSONConfig.pas (80): function TJSONConfig.GetJsonValue(const aKey: string): TJsonValue;[0m
[35md:\Projects\_Saved\Notifier\Source\JSONConfig.pas (82):   Result := fJSONObject.GetValue(aKey);[0m
[35md:\Projects\_Saved\Notifier\Source\JSONConfig.pas (85): function TJSONConfig.LoadFromFile(const aFilePath: string; aCreateIfNotExists: Boolean = False): Boolean;[0m
[35md:\Projects\_Saved\Notifier\Source\JSONConfig.pas (87):   jsonString: string;[0m
[35md:\Projects\_Saved\Notifier\Source\JSONConfig.pas (88):   jsonValue: TJsonValue;[0m
[35md:\Projects\_Saved\Notifier\Source\JSONConfig.pas (102):       raise Exception.CreateFmt('TJSONConfig.LoadFromFile: Configuration file not found: %s',[aFilePath]);[0m
[35md:\Projects\_Saved\Notifier\Source\JSONConfig.pas (107):     jsonString := TFile.ReadAllText(aFilePath);[0m
[35md:\Projects\_Saved\Notifier\Source\JSONConfig.pas (108):     jsonValue := TJSONObject.ParseJsonValue(jsonString);[0m
[35md:\Projects\_Saved\Notifier\Source\JSONConfig.pas (110):       if Assigned(jsonValue) and (jsonValue is TJSONObject) then[0m
[35md:\Projects\_Saved\Notifier\Source\JSONConfig.pas (112):         fJSONObject.Free; // Free existing object[0m
[35md:\Projects\_Saved\Notifier\Source\JSONConfig.pas (113):         fJSONObject := jsonValue as TJSONObject; // Assign new object[0m
[35md:\Projects\_Saved\Notifier\Source\JSONConfig.pas (118):         jsonValue.Free; // Free the non-object JSON value[0m
[35md:\Projects\_Saved\Notifier\Source\JSONConfig.pas (119):         raise Exception.CreateFmt('TJSONConfig.LoadFromFile: Invalid JSON structure in file: %s',[aFilePath]);[0m
[35md:\Projects\_Saved\Notifier\Source\JSONConfig.pas (124):         // Ensure jsonValue is freed if an error occurs during parsing or type checking[0m
[35md:\Projects\_Saved\Notifier\Source\JSONConfig.pas (125):         if Assigned(jsonValue) then jsonValue.Free;[0m
[35md:\Projects\_Saved\Notifier\Source\JSONConfig.pas (126):         raise Exception.CreateFmt('TJSONConfig.LoadFromFile: Error parsing JSON from file: %s',[aFilePath]);[0m
[35md:\Projects\_Saved\Notifier\Source\JSONConfig.pas (132):       raise Exception.CreateFmt('TJSONConfig.LoadFromFile: Error reading config file: %s',[aFilePath]);[0m
[35md:\Projects\_Saved\Notifier\Source\JSONConfig.pas (137): function TJSONConfig.SaveToFile(const aFilePath: string): Boolean;[0m
[35md:\Projects\_Saved\Notifier\Source\JSONConfig.pas (143):     TFile.WriteAllText(aFilePath, fJSONObject.ToJSON);[0m
[35md:\Projects\_Saved\Notifier\Source\JSONConfig.pas (148):       raise Exception.CreateFmt('TJSONConfig.SaveToFile: Error saving config file to: %s',[aFilePath]);[0m
[35md:\Projects\_Saved\Notifier\Source\JSONConfig.pas (153): function TJSONConfig.HasKey(const aKey: string): Boolean;[0m
[35md:\Projects\_Saved\Notifier\Source\JSONConfig.pas (155):   Result := GetJsonValue(aKey) <> nil;[0m
[35md:\Projects\_Saved\Notifier\Source\JSONConfig.pas (158): procedure TJSONConfig.DeleteKey(const aKey: string);[0m
[35md:\Projects\_Saved\Notifier\Source\JSONConfig.pas (160):   value: TJsonValue;[0m
[35md:\Projects\_Saved\Notifier\Source\JSONConfig.pas (162):   value := GetJsonValue(aKey);[0m
[35md:\Projects\_Saved\Notifier\Source\JSONConfig.pas (163):   if Assigned(value) then fJSONObject.RemovePair(aKey);[0m
[35md:\Projects\_Saved\Notifier\Source\JSONConfig.pas (166): procedure TJSONConfig.SetString(const aKey, aValue: string);[0m
[35md:\Projects\_Saved\Notifier\Source\JSONConfig.pas (168):   fJSONObject.AddPair(aKey, aValue);[0m
[35md:\Projects\_Saved\Notifier\Source\JSONConfig.pas (171): procedure TJSONConfig.SetInteger(const aKey: string; aValue: Integer);[0m
[35md:\Projects\_Saved\Notifier\Source\JSONConfig.pas (173):   fJSONObject.AddPair(aKey, TJSONNumber.Create(aValue));[0m
[35md:\Projects\_Saved\Notifier\Source\JSONConfig.pas (176): procedure TJSONConfig.SetFloat(const aKey: string; aValue: Double);[0m
[35md:\Projects\_Saved\Notifier\Source\JSONConfig.pas (178):   fJSONObject.AddPair(aKey, TJSONNumber.Create(aValue));[0m
[35md:\Projects\_Saved\Notifier\Source\JSONConfig.pas (181): procedure TJSONConfig.SetBoolean(const aKey: string; aValue: Boolean);[0m
[35md:\Projects\_Saved\Notifier\Source\JSONConfig.pas (183):   fJSONObject.AddPair(aKey, TJSONBool.Create(aValue));[0m
[35md:\Projects\_Saved\Notifier\Source\JSONConfig.pas (186): procedure TJSONConfig.SetDateTime(const aKey: string; aValue: TDateTime);[0m
[35md:\Projects\_Saved\Notifier\Source\JSONConfig.pas (190):   fJSONObject.AddPair(aKey, DateToISO8601(aValue));[0m
[35md:\Projects\_Saved\Notifier\Source\JSONConfig.pas (193): procedure TJSONConfig.SetTime(const aKey: string; aValue: TTime);[0m
[35md:\Projects\_Saved\Notifier\Source\JSONConfig.pas (195):   fJSONObject.AddPair(aKey, FormatDateTime('hh:nn', aValue));[0m
[35md:\Projects\_Saved\Notifier\Source\JSONConfig.pas (198): procedure TJSONConfig.SetJSONArray(const aKey: string; aValue: TJSONArray);[0m
[35md:\Projects\_Saved\Notifier\Source\JSONConfig.pas (202):   fJSONObject.AddPair(aKey, TJSONArray(aValue.Clone));[0m
[35md:\Projects\_Saved\Notifier\Source\JSONConfig.pas (205): function TJSONConfig.GetString(const aKey: string; const aDefault: string): string;[0m
[35md:\Projects\_Saved\Notifier\Source\JSONConfig.pas (207):   jsonValue: TJsonValue;[0m
[35md:\Projects\_Saved\Notifier\Source\JSONConfig.pas (209):   jsonValue := GetJsonValue(aKey);[0m
[35md:\Projects\_Saved\Notifier\Source\JSONConfig.pas (210):   if Assigned(jsonValue) and (jsonValue is TJSONString) then[0m
[35md:\Projects\_Saved\Notifier\Source\JSONConfig.pas (211):     Result := TJSONString(jsonValue).Value[0m
[35md:\Projects\_Saved\Notifier\Source\JSONConfig.pas (216): function TJSONConfig.GetInteger(const aKey: string; const aDefault: Integer): Integer;[0m
[35md:\Projects\_Saved\Notifier\Source\JSONConfig.pas (218):   jsonValue: TJsonValue;[0m
[35md:\Projects\_Saved\Notifier\Source\JSONConfig.pas (221):   jsonValue := GetJsonValue(aKey);[0m
[35md:\Projects\_Saved\Notifier\Source\JSONConfig.pas (222):   if Assigned(jsonValue) then[0m
[35md:\Projects\_Saved\Notifier\Source\JSONConfig.pas (224):     if (jsonValue is TJSONNumber) then[0m
[35md:\Projects\_Saved\Notifier\Source\JSONConfig.pas (227):         Result := TJSONNumber(jsonValue).AsInt;[0m
[35md:\Projects\_Saved\Notifier\Source\JSONConfig.pas (231):           raise Exception.CreateFmt('TJSONConfig.GetInteger: Error converting JSON number to Integer for Key: %s', [aKey]);[0m
[35md:\Projects\_Saved\Notifier\Source\JSONConfig.pas (237):       raise Exception.CreateFmt('TJSONConfig.GetInteger: Value for Key "%s" is not a JSON Number.', [aKey]);[0m
[35md:\Projects\_Saved\Notifier\Source\JSONConfig.pas (242): function TJSONConfig.GetFloat(const aKey: string; const aDefault: Double): Double;[0m
[35md:\Projects\_Saved\Notifier\Source\JSONConfig.pas (244):   jsonValue: TJsonValue;[0m
[35md:\Projects\_Saved\Notifier\Source\JSONConfig.pas (247):   jsonValue := GetJsonValue(aKey);[0m
[35md:\Projects\_Saved\Notifier\Source\JSONConfig.pas (248):   if Assigned(jsonValue) then[0m
[35md:\Projects\_Saved\Notifier\Source\JSONConfig.pas (250):     if (jsonValue is TJSONNumber) then[0m
[35md:\Projects\_Saved\Notifier\Source\JSONConfig.pas (253):         Result := TJSONNumber(jsonValue).AsDouble;[0m
[35md:\Projects\_Saved\Notifier\Source\JSONConfig.pas (257):           raise Exception.CreateFmt('TJSONConfig.GetFloat: Error converting JSON number to Float for Key: %s', [aKey]);[0m
[35md:\Projects\_Saved\Notifier\Source\JSONConfig.pas (263):       raise Exception.CreateFmt('TJSONConfig.GetFloat: Value for Key "%s" is not a JSON Number.', [aKey]);[0m
[35md:\Projects\_Saved\Notifier\Source\JSONConfig.pas (268): function TJSONConfig.GetBoolean(const aKey: string; const aDefault: Boolean): Boolean;[0m
[35md:\Projects\_Saved\Notifier\Source\JSONConfig.pas (270):   jsonValue: TJsonValue;[0m
[35md:\Projects\_Saved\Notifier\Source\JSONConfig.pas (272):   jsonValue := GetJsonValue(aKey);[0m
[35md:\Projects\_Saved\Notifier\Source\JSONConfig.pas (273):   if Assigned(jsonValue) and (jsonValue is TJSONBool) then[0m
[35md:\Projects\_Saved\Notifier\Source\JSONConfig.pas (274):     Result := TJSONBool(jsonValue).AsBoolean[0m
[35md:\Projects\_Saved\Notifier\Source\JSONConfig.pas (279): function TJSONConfig.GetDateTime(const aKey: string; const aDefault: TDateTime): TDateTime;[0m
[35md:\Projects\_Saved\Notifier\Source\JSONConfig.pas (281):   jsonValue: TJsonValue;[0m
[35md:\Projects\_Saved\Notifier\Source\JSONConfig.pas (285):   jsonValue := GetJsonValue(aKey);[0m
[35md:\Projects\_Saved\Notifier\Source\JSONConfig.pas (286):   if Assigned(jsonValue) then[0m
[35md:\Projects\_Saved\Notifier\Source\JSONConfig.pas (288):     if (jsonValue is TJSONString) then[0m
[35md:\Projects\_Saved\Notifier\Source\JSONConfig.pas (290):       datetimeStr := TJSONString(jsonValue).Value;[0m
[35md:\Projects\_Saved\Notifier\Source\JSONConfig.pas (297):           raise Exception.CreateFmt('TJSONConfig.GetDateTime: Error parsing DateTime string for key %s', [aKey]);[0m
[35md:\Projects\_Saved\Notifier\Source\JSONConfig.pas (303):       raise Exception.CreateFmt('TJSONConfig.GetDateTime: Value for Key "%s" is not a JSON String.', [aKey]);[0m
[35md:\Projects\_Saved\Notifier\Source\JSONConfig.pas (308): function TJSONConfig.GetTime(const aKey: string; const aDefault: TTime): TTime;[0m
[35md:\Projects\_Saved\Notifier\Source\JSONConfig.pas (310):   jsonValue: TJsonValue;[0m
[35md:\Projects\_Saved\Notifier\Source\JSONConfig.pas (314):   jsonValue := GetJsonValue(aKey);[0m
[35md:\Projects\_Saved\Notifier\Source\JSONConfig.pas (315):   if Assigned(jsonValue) then[0m
[35md:\Projects\_Saved\Notifier\Source\JSONConfig.pas (317):     if (jsonValue is TJSONString) then[0m
[35md:\Projects\_Saved\Notifier\Source\JSONConfig.pas (319):       timeStr := TJSONString(jsonValue).Value;[0m
[35md:\Projects\_Saved\Notifier\Source\JSONConfig.pas (325):           raise Exception.CreateFmt('TJSONConfig.GetTime: Error parsing Time string for key %s', [aKey]);[0m
[35md:\Projects\_Saved\Notifier\Source\JSONConfig.pas (331):       raise Exception.CreateFmt('TJSONConfig.GetTime: Value for Key "%s" is not a JSON String.', [aKey]);[0m
[35md:\Projects\_Saved\Notifier\Source\JSONConfig.pas (336): function TJSONConfig.GetJSONArray(const aKey: string): TJSONArray;[0m
[35md:\Projects\_Saved\Notifier\Source\JSONConfig.pas (338):   jsonValue: TJsonValue;[0m
[35md:\Projects\_Saved\Notifier\Source\JSONConfig.pas (341):   jsonValue := GetJsonValue(aKey);[0m
[35md:\Projects\_Saved\Notifier\Source\JSONConfig.pas (342):   if Assigned(jsonValue) and (jsonValue is TJSONArray) then[0m
[35md:\Projects\_Saved\Notifier\Source\JSONConfig.pas (344):     Result := TJSONArray(jsonValue.Clone)[0m
[35md:\Projects\_Saved\Notifier\Source\JSONConfig.pas (348): function TJSONConfig.GetValue: string;[0m
[35md:\Projects\_Saved\Notifier\Source\JSONConfig.pas (350):   Result := fJSONObject.ToJSON;[0m
[35md:\Projects\_Saved\Notifier\Source\JSONConfig.pas (353): procedure TJSONConfig.SetValue(const aValue: string);[0m
[35md:\Projects\_Saved\Notifier\Source\JSONConfig.pas (355):   newJSONObject: TJSONObject;[0m
[35md:\Projects\_Saved\Notifier\Source\JSONConfig.pas (356):   jsonValue: TJsonValue;[0m
[35md:\Projects\_Saved\Notifier\Source\JSONConfig.pas (358):   jsonValue := nil; // Initialize to nil[0m
[35md:\Projects\_Saved\Notifier\Source\JSONConfig.pas (360):     jsonValue := TJSONObject.ParseJsonValue(aValue); // Parse the input string[0m
[35md:\Projects\_Saved\Notifier\Source\JSONConfig.pas (361):     if Assigned(jsonValue) and (jsonValue is TJSONObject) then[0m
[35md:\Projects\_Saved\Notifier\Source\JSONConfig.pas (363):       newJSONObject := jsonValue as TJSONObject; // Cast to TJSONObject[0m
[35md:\Projects\_Saved\Notifier\Source\JSONConfig.pas (364):       fJSONObject.Free; // Free the old object to prevent memory leaks[0m
[35md:\Projects\_Saved\Notifier\Source\JSONConfig.pas (365):       fJSONObject := newJSONObject; // Assign the new object[0m
[35md:\Projects\_Saved\Notifier\Source\JSONConfig.pas (369):       // If parsing fails or the root is not a JSON object, raise an exception[0m
[35md:\Projects\_Saved\Notifier\Source\JSONConfig.pas (370):       raise Exception.Create('TJSONConfig.SetValue: Invalid JSON format or not a JSON Object.');[0m
[35md:\Projects\_Saved\Notifier\Source\JSONConfig.pas (373):     // Ensure JSONValue is freed only if it's not the one assigned to fJSONObject[0m
[35md:\Projects\_Saved\Notifier\Source\JSONConfig.pas (374):     if Assigned(jsonValue) and (jsonValue <> fJSONObject) then jsonValue.Free;[0m
[32mFOUND: d:\Projects\_Saved\Notifier\Source\Main.pas[0m
[35md:\Projects\_Saved\Notifier\Source\Main.pas (7):   System.SysUtils, System.Variants, System.Classes, System.IOUtils, System.JSON, System.DateUtils,[0m
[35md:\Projects\_Saved\Notifier\Source\Main.pas (12):   NtfyClient, JSONConfig, NotifierSettings;[0m
[35md:\Projects\_Saved\Notifier\Source\Main.pas (61):     FConfig: TJSONConfig;[0m
[35md:\Projects\_Saved\Notifier\Source\Main.pas (96):   CONFIG_FILE = 'ntfy_settings.json';[0m
[35md:\Projects\_Saved\Notifier\Source\Main.pas (105):   FConfig := TJSONConfig.Create;[0m
[32mFOUND: d:\Projects\_Saved\Notifier\Source\MainReceive.pas[0m
[35md:\Projects\_Saved\Notifier\Source\MainReceive.pas (7):   System.SysUtils, System.Variants, System.Classes, System.IOUtils, System.JSON, System.DateUtils,[0m
[35md:\Projects\_Saved\Notifier\Source\MainReceive.pas (11):   NtfyClient, JSONConfig, NotifierSettings, NtfyEmoji, MessageDisplay,[0m
[35md:\Projects\_Saved\Notifier\Source\MainReceive.pas (51):     FConfig: TJSONConfig;[0m
[35md:\Projects\_Saved\Notifier\Source\MainReceive.pas (82):   CONFIG_FILE = 'NtfyConfig.json';[0m
[35md:\Projects\_Saved\Notifier\Source\MainReceive.pas (91):   FConfig := TJSONConfig.Create;[0m
[32mFOUND: d:\Projects\_Saved\Notifier\Source\MainSend.pas[0m
[35md:\Projects\_Saved\Notifier\Source\MainSend.pas (7):   System.SysUtils, System.Variants, System.Classes, System.IOUtils, System.JSON, System.DateUtils,[0m
[35md:\Projects\_Saved\Notifier\Source\MainSend.pas (10):   NtfyClient, JSONConfig, NotifierSettings;[0m
[35md:\Projects\_Saved\Notifier\Source\MainSend.pas (46):     FConfig: TJSONConfig;[0m
[35md:\Projects\_Saved\Notifier\Source\MainSend.pas (75):   CONFIG_FILE = 'NtfyConfig.json';[0m
[35md:\Projects\_Saved\Notifier\Source\MainSend.pas (85):   FConfig := TJSONConfig.Create;[0m
[32mFOUND: d:\Projects\_Saved\Notifier\Source\NotifierSettings.pas[0m
[35md:\Projects\_Saved\Notifier\Source\NotifierSettings.pas (7):   System.SysUtils, System.Variants, System.Classes, System.JSON, Vcl.Graphics,[0m
[35md:\Projects\_Saved\Notifier\Source\NotifierSettings.pas (12):   JSONConfig, NtfyClient;[0m
[35md:\Projects\_Saved\Notifier\Source\NotifierSettings.pas (56):     procedure Read(aConfig: TJSONConfig);[0m
[35md:\Projects\_Saved\Notifier\Source\NotifierSettings.pas (57):     procedure Write(aConfig: TJSONConfig);[0m
[35md:\Projects\_Saved\Notifier\Source\NotifierSettings.pas (103):     FConfig: TJSONConfig;[0m
[35md:\Projects\_Saved\Notifier\Source\NotifierSettings.pas (241): procedure TSettings.Read(aConfig: TJSONConfig);[0m
[35md:\Projects\_Saved\Notifier\Source\NotifierSettings.pas (244):   tagsArray: TJSONArray;[0m
[35md:\Projects\_Saved\Notifier\Source\NotifierSettings.pas (245):   attachmentHistoryArray: TJSONArray;[0m
[35md:\Projects\_Saved\Notifier\Source\NotifierSettings.pas (267):   tagsArray := aConfig.GetJSONArray('TagsList');[0m
[35md:\Projects\_Saved\Notifier\Source\NotifierSettings.pas (273):         if tagsArray.Items[I] is TJSONString then[0m
[35md:\Projects\_Saved\Notifier\Source\NotifierSettings.pas (274):           FTagsList.Add(TJSONString(tagsArray.Items[I]).Value);[0m
[35md:\Projects\_Saved\Notifier\Source\NotifierSettings.pas (282):   attachmentHistoryArray := aConfig.GetJSONArray('AttachmentHistory');[0m
[35md:\Projects\_Saved\Notifier\Source\NotifierSettings.pas (288):         if attachmentHistoryArray.Items[I] is TJSONString then[0m
[35md:\Projects\_Saved\Notifier\Source\NotifierSettings.pas (289):           FAttachmentHistory.Add(TJSONString(attachmentHistoryArray.Items[I]).Value);[0m
[35md:\Projects\_Saved\Notifier\Source\NotifierSettings.pas (297): procedure TSettings.Write(aConfig: TJSONConfig);[0m
[35md:\Projects\_Saved\Notifier\Source\NotifierSettings.pas (299):   tagsArray: TJSONArray;[0m
[35md:\Projects\_Saved\Notifier\Source\NotifierSettings.pas (300):   attachmentHistoryArray: TJSONArray;[0m
[35md:\Projects\_Saved\Notifier\Source\NotifierSettings.pas (320):   tagsArray := TJSONArray.Create;[0m
[35md:\Projects\_Saved\Notifier\Source\NotifierSettings.pas (324):     aConfig.SetJSONArray('TagsList', tagsArray);[0m
[35md:\Projects\_Saved\Notifier\Source\NotifierSettings.pas (329):   attachmentHistoryArray := TJSONArray.Create;[0m
[35md:\Projects\_Saved\Notifier\Source\NotifierSettings.pas (333):     aConfig.SetJSONArray('AttachmentHistory', attachmentHistoryArray);[0m
[35md:\Projects\_Saved\Notifier\Source\NotifierSettings.pas (344):   FConfig := TJSONConfig.Create;[0m
[32mFOUND: d:\Projects\_Saved\Notifier\Source\NtfyClient.pas[0m
[35md:\Projects\_Saved\Notifier\Source\NtfyClient.pas (6):   System.SysUtils, System.Classes, System.JSON, System.IOUtils,[0m
[35md:\Projects\_Saved\Notifier\Source\NtfyClient.pas (214):   cJSON: TJSONValue;[0m
[35md:\Projects\_Saved\Notifier\Source\NtfyClient.pas (228):   cTagsValue: TJSONValue;[0m
[35md:\Projects\_Saved\Notifier\Source\NtfyClient.pas (229):   cAttachmentValue: TJSONValue;[0m
[35md:\Projects\_Saved\Notifier\Source\NtfyClient.pas (230):   cAttachmentObject: TJSONObject;[0m
[35md:\Projects\_Saved\Notifier\Source\NtfyClient.pas (231):   cTagsArray: TJSONArray;[0m
[35md:\Projects\_Saved\Notifier\Source\NtfyClient.pas (239):     cRequest.Resource := FTopic + '/json';[0m
[35md:\Projects\_Saved\Notifier\Source\NtfyClient.pas (261):             cJSON := TJSONObject.ParseJSONValue(cLine);[0m
[35md:\Projects\_Saved\Notifier\Source\NtfyClient.pas (262):             if Assigned(cJSON) then[0m
[35md:\Projects\_Saved\Notifier\Source\NtfyClient.pas (264):               if cJSON.TryGetValue<string>('event', cEvent) and (cEvent = cEventMessage) then[0m
[35md:\Projects\_Saved\Notifier\Source\NtfyClient.pas (266):                 if not cJSON.TryGetValue<string>('id', cID) then[0m
[35md:\Projects\_Saved\Notifier\Source\NtfyClient.pas (268):                 if not cJSON.TryGetValue<string>('message', cMessage) then[0m
[35md:\Projects\_Saved\Notifier\Source\NtfyClient.pas (270):                 if not cJSON.TryGetValue<string>('title', cTitle) then[0m
[35md:\Projects\_Saved\Notifier\Source\NtfyClient.pas (272):                 if not cJSON.TryGetValue<Int64>('time', cTime) then[0m
[35md:\Projects\_Saved\Notifier\Source\NtfyClient.pas (277):                 if cJSON.TryGetValue<TJSONValue>('tags', cTagsValue) and (cTagsValue is TJSONArray) then[0m
[35md:\Projects\_Saved\Notifier\Source\NtfyClient.pas (279):                   cTagsArray := TJSONArray(cTagsValue);[0m
[35md:\Projects\_Saved\Notifier\Source\NtfyClient.pas (291):                 if not cJSON.TryGetValue<Integer>('priority', cPriority) then[0m
[35md:\Projects\_Saved\Notifier\Source\NtfyClient.pas (293):                   if cJSON.TryGetValue<string>('priority', cPriorityText) then[0m
[35md:\Projects\_Saved\Notifier\Source\NtfyClient.pas (303):                 if cJSON.TryGetValue<TJSONValue>('attachment', cAttachmentValue) and (cAttachmentValue is TJSONObject) then[0m
[35md:\Projects\_Saved\Notifier\Source\NtfyClient.pas (305):                   cAttachmentObject := TJSONObject(cAttachmentValue);[0m
[35md:\Projects\_Saved\Notifier\Source\NtfyClient.pas (319):               cJSON.Free;[0m
[32mFOUND: d:\Projects\_Saved\Notifier\_Saved\NtfyClient-NET-method.pas[0m
[35md:\Projects\_Saved\Notifier\_Saved\NtfyClient-NET-method.pas (6):   System.SysUtils, System.Classes, System.Net.HttpClient, System.Net.URLClient, System.JSON;[0m
[35md:\Projects\_Saved\Notifier\_Saved\NtfyClient-NET-method.pas (128):   cJSON: TJSONValue;[0m
[35md:\Projects\_Saved\Notifier\_Saved\NtfyClient-NET-method.pas (134):   cURL := FServerURL + '/' + FTopic + '/json?poll=1';[0m
[35md:\Projects\_Saved\Notifier\_Saved\NtfyClient-NET-method.pas (147):         { The poll endpoint returns NDJSON (Newline Delimited JSON). [0m
[35md:\Projects\_Saved\Notifier\_Saved\NtfyClient-NET-method.pas (148):           We split by line and parse each JSON object independently. }[0m
[35md:\Projects\_Saved\Notifier\_Saved\NtfyClient-NET-method.pas (157):           cJSON := TJSONObject.ParseJSONValue(cLine);[0m
[35md:\Projects\_Saved\Notifier\_Saved\NtfyClient-NET-method.pas (158):           if Assigned(cJSON) then[0m
[35md:\Projects\_Saved\Notifier\_Saved\NtfyClient-NET-method.pas (161):             if cJSON.TryGetValue<string>('event', cEvent) and (cEvent = cEventMessage) then[0m
[35md:\Projects\_Saved\Notifier\_Saved\NtfyClient-NET-method.pas (163):               cJSON.TryGetValue<string>('id', cID);[0m
[35md:\Projects\_Saved\Notifier\_Saved\NtfyClient-NET-method.pas (164):               cJSON.TryGetValue<string>('message', cMessage);[0m
[35md:\Projects\_Saved\Notifier\_Saved\NtfyClient-NET-method.pas (166):               if not cJSON.TryGetValue<string>('title', cTitle) then cTitle := '';[0m
[35md:\Projects\_Saved\Notifier\_Saved\NtfyClient-NET-method.pas (167):               if not cJSON.TryGetValue<string>('tags', cTags) then cTags := '';[0m
[35md:\Projects\_Saved\Notifier\_Saved\NtfyClient-NET-method.pas (168):               if not cJSON.TryGetValue<Int64>('time', cTime) then cTime := 0;[0m
[35md:\Projects\_Saved\Notifier\_Saved\NtfyClient-NET-method.pas (177):             cJSON.Free;[0m
[32mFOUND: d:\Projects\_Saved\Ntfy_local\Source\JSONConfig.pas[0m
[35md:\Projects\_Saved\Ntfy_local\Source\JSONConfig.pas (1): unit JSONConfig;[0m
[35md:\Projects\_Saved\Ntfy_local\Source\JSONConfig.pas (9):   System.JSON, System.Generics.Collections;[0m
[35md:\Projects\_Saved\Ntfy_local\Source\JSONConfig.pas (12):   TJSONConfig = class[0m
[35md:\Projects\_Saved\Ntfy_local\Source\JSONConfig.pas (15):     fJSONObject: TJSONObject;[0m
[35md:\Projects\_Saved\Ntfy_local\Source\JSONConfig.pas (18):     function GetJsonValue(const aKey: string): TJsonValue;[0m
[35md:\Projects\_Saved\Ntfy_local\Source\JSONConfig.pas (42):     procedure SetJSONArray(const aKey: string; aValue: TJSONArray);[0m
[35md:\Projects\_Saved\Ntfy_local\Source\JSONConfig.pas (51):     function GetJSONArray(const aKey: string): TJSONArray;[0m
[35md:\Projects\_Saved\Ntfy_local\Source\JSONConfig.pas (59): { TJSONConfig }[0m
[35md:\Projects\_Saved\Ntfy_local\Source\JSONConfig.pas (61): constructor TJSONConfig.Create;[0m
[35md:\Projects\_Saved\Ntfy_local\Source\JSONConfig.pas (64):   fJSONObject := TJSONObject.Create;[0m
[35md:\Projects\_Saved\Ntfy_local\Source\JSONConfig.pas (68): destructor TJSONConfig.Destroy;[0m
[35md:\Projects\_Saved\Ntfy_local\Source\JSONConfig.pas (70):   fJSONObject.Free;[0m
[35md:\Projects\_Saved\Ntfy_local\Source\JSONConfig.pas (74): procedure TJSONConfig.Clear;[0m
[35md:\Projects\_Saved\Ntfy_local\Source\JSONConfig.pas (76):   fJSONObject.Free;[0m
[35md:\Projects\_Saved\Ntfy_local\Source\JSONConfig.pas (77):   fJSONObject := TJSONObject.Create;[0m
[35md:\Projects\_Saved\Ntfy_local\Source\JSONConfig.pas (80): function TJSONConfig.GetJsonValue(const aKey: string): TJsonValue;[0m
[35md:\Projects\_Saved\Ntfy_local\Source\JSONConfig.pas (82):   Result := fJSONObject.GetValue(aKey);[0m
[35md:\Projects\_Saved\Ntfy_local\Source\JSONConfig.pas (85): function TJSONConfig.LoadFromFile(const aFilePath: string; aCreateIfNotExists: Boolean = False): Boolean;[0m
[35md:\Projects\_Saved\Ntfy_local\Source\JSONConfig.pas (87):   jsonString: string;[0m
[35md:\Projects\_Saved\Ntfy_local\Source\JSONConfig.pas (88):   jsonValue: TJsonValue;[0m
[35md:\Projects\_Saved\Ntfy_local\Source\JSONConfig.pas (102):       raise Exception.CreateFmt('TJSONConfig.LoadFromFile: Configuration file not found: %s',[aFilePath]);[0m
[35md:\Projects\_Saved\Ntfy_local\Source\JSONConfig.pas (107):     jsonString := TFile.ReadAllText(aFilePath);[0m
[35md:\Projects\_Saved\Ntfy_local\Source\JSONConfig.pas (108):     jsonValue := TJSONObject.ParseJsonValue(jsonString);[0m
[35md:\Projects\_Saved\Ntfy_local\Source\JSONConfig.pas (110):       if Assigned(jsonValue) and (jsonValue is TJSONObject) then[0m
[35md:\Projects\_Saved\Ntfy_local\Source\JSONConfig.pas (112):         fJSONObject.Free; // Free existing object[0m
[35md:\Projects\_Saved\Ntfy_local\Source\JSONConfig.pas (113):         fJSONObject := jsonValue as TJSONObject; // Assign new object[0m
[35md:\Projects\_Saved\Ntfy_local\Source\JSONConfig.pas (118):         jsonValue.Free; // Free the non-object JSON value[0m
[35md:\Projects\_Saved\Ntfy_local\Source\JSONConfig.pas (119):         raise Exception.CreateFmt('TJSONConfig.LoadFromFile: Invalid JSON structure in file: %s',[aFilePath]);[0m
[35md:\Projects\_Saved\Ntfy_local\Source\JSONConfig.pas (124):         // Ensure jsonValue is freed if an error occurs during parsing or type checking[0m
[35md:\Projects\_Saved\Ntfy_local\Source\JSONConfig.pas (125):         if Assigned(jsonValue) then jsonValue.Free;[0m
[35md:\Projects\_Saved\Ntfy_local\Source\JSONConfig.pas (126):         raise Exception.CreateFmt('TJSONConfig.LoadFromFile: Error parsing JSON from file: %s',[aFilePath]);[0m
[35md:\Projects\_Saved\Ntfy_local\Source\JSONConfig.pas (132):       raise Exception.CreateFmt('TJSONConfig.LoadFromFile: Error reading config file: %s',[aFilePath]);[0m
[35md:\Projects\_Saved\Ntfy_local\Source\JSONConfig.pas (137): function TJSONConfig.SaveToFile(const aFilePath: string): Boolean;[0m
[35md:\Projects\_Saved\Ntfy_local\Source\JSONConfig.pas (143):     TFile.WriteAllText(aFilePath, fJSONObject.ToJSON);[0m
[35md:\Projects\_Saved\Ntfy_local\Source\JSONConfig.pas (148):       raise Exception.CreateFmt('TJSONConfig.SaveToFile: Error saving config file to: %s',[aFilePath]);[0m
[35md:\Projects\_Saved\Ntfy_local\Source\JSONConfig.pas (153): function TJSONConfig.HasKey(const aKey: string): Boolean;[0m
[35md:\Projects\_Saved\Ntfy_local\Source\JSONConfig.pas (155):   Result := GetJsonValue(aKey) <> nil;[0m
[35md:\Projects\_Saved\Ntfy_local\Source\JSONConfig.pas (158): procedure TJSONConfig.DeleteKey(const aKey: string);[0m
[35md:\Projects\_Saved\Ntfy_local\Source\JSONConfig.pas (160):   value: TJsonValue;[0m
[35md:\Projects\_Saved\Ntfy_local\Source\JSONConfig.pas (162):   value := GetJsonValue(aKey);[0m
[35md:\Projects\_Saved\Ntfy_local\Source\JSONConfig.pas (163):   if Assigned(value) then fJSONObject.RemovePair(aKey);[0m
[35md:\Projects\_Saved\Ntfy_local\Source\JSONConfig.pas (166): procedure TJSONConfig.SetString(const aKey, aValue: string);[0m
[35md:\Projects\_Saved\Ntfy_local\Source\JSONConfig.pas (168):   fJSONObject.AddPair(aKey, aValue);[0m
[35md:\Projects\_Saved\Ntfy_local\Source\JSONConfig.pas (171): procedure TJSONConfig.SetInteger(const aKey: string; aValue: Integer);[0m
[35md:\Projects\_Saved\Ntfy_local\Source\JSONConfig.pas (173):   fJSONObject.AddPair(aKey, TJSONNumber.Create(aValue));[0m
[35md:\Projects\_Saved\Ntfy_local\Source\JSONConfig.pas (176): procedure TJSONConfig.SetFloat(const aKey: string; aValue: Double);[0m
[35md:\Projects\_Saved\Ntfy_local\Source\JSONConfig.pas (178):   fJSONObject.AddPair(aKey, TJSONNumber.Create(aValue));[0m
[35md:\Projects\_Saved\Ntfy_local\Source\JSONConfig.pas (181): procedure TJSONConfig.SetBoolean(const aKey: string; aValue: Boolean);[0m
[35md:\Projects\_Saved\Ntfy_local\Source\JSONConfig.pas (183):   fJSONObject.AddPair(aKey, TJSONBool.Create(aValue));[0m
[35md:\Projects\_Saved\Ntfy_local\Source\JSONConfig.pas (186): procedure TJSONConfig.SetDateTime(const aKey: string; aValue: TDateTime);[0m
[35md:\Projects\_Saved\Ntfy_local\Source\JSONConfig.pas (190):   fJSONObject.AddPair(aKey, DateToISO8601(aValue));[0m
[35md:\Projects\_Saved\Ntfy_local\Source\JSONConfig.pas (193): procedure TJSONConfig.SetTime(const aKey: string; aValue: TTime);[0m
[35md:\Projects\_Saved\Ntfy_local\Source\JSONConfig.pas (195):   fJSONObject.AddPair(aKey, FormatDateTime('hh:nn', aValue));[0m
[35md:\Projects\_Saved\Ntfy_local\Source\JSONConfig.pas (198): procedure TJSONConfig.SetJSONArray(const aKey: string; aValue: TJSONArray);[0m
[35md:\Projects\_Saved\Ntfy_local\Source\JSONConfig.pas (202):   fJSONObject.AddPair(aKey, TJSONArray(aValue.Clone));[0m
[35md:\Projects\_Saved\Ntfy_local\Source\JSONConfig.pas (205): function TJSONConfig.GetString(const aKey: string; const aDefault: string): string;[0m
[35md:\Projects\_Saved\Ntfy_local\Source\JSONConfig.pas (207):   jsonValue: TJsonValue;[0m
[35md:\Projects\_Saved\Ntfy_local\Source\JSONConfig.pas (209):   jsonValue := GetJsonValue(aKey);[0m
[35md:\Projects\_Saved\Ntfy_local\Source\JSONConfig.pas (210):   if Assigned(jsonValue) and (jsonValue is TJSONString) then[0m
[35md:\Projects\_Saved\Ntfy_local\Source\JSONConfig.pas (211):     Result := TJSONString(jsonValue).Value[0m
[35md:\Projects\_Saved\Ntfy_local\Source\JSONConfig.pas (216): function TJSONConfig.GetInteger(const aKey: string; const aDefault: Integer): Integer;[0m
[35md:\Projects\_Saved\Ntfy_local\Source\JSONConfig.pas (218):   jsonValue: TJsonValue;[0m
[35md:\Projects\_Saved\Ntfy_local\Source\JSONConfig.pas (221):   jsonValue := GetJsonValue(aKey);[0m
[35md:\Projects\_Saved\Ntfy_local\Source\JSONConfig.pas (222):   if Assigned(jsonValue) then[0m
[35md:\Projects\_Saved\Ntfy_local\Source\JSONConfig.pas (224):     if (jsonValue is TJSONNumber) then[0m
[35md:\Projects\_Saved\Ntfy_local\Source\JSONConfig.pas (227):         Result := TJSONNumber(jsonValue).AsInt;[0m
[35md:\Projects\_Saved\Ntfy_local\Source\JSONConfig.pas (231):           raise Exception.CreateFmt('TJSONConfig.GetInteger: Error converting JSON number to Integer for Key: %s', [aKey]);[0m
[35md:\Projects\_Saved\Ntfy_local\Source\JSONConfig.pas (237):       raise Exception.CreateFmt('TJSONConfig.GetInteger: Value for Key "%s" is not a JSON Number.', [aKey]);[0m
[35md:\Projects\_Saved\Ntfy_local\Source\JSONConfig.pas (242): function TJSONConfig.GetFloat(const aKey: string; const aDefault: Double): Double;[0m
[35md:\Projects\_Saved\Ntfy_local\Source\JSONConfig.pas (244):   jsonValue: TJsonValue;[0m
[35md:\Projects\_Saved\Ntfy_local\Source\JSONConfig.pas (247):   jsonValue := GetJsonValue(aKey);[0m
[35md:\Projects\_Saved\Ntfy_local\Source\JSONConfig.pas (248):   if Assigned(jsonValue) then[0m
[35md:\Projects\_Saved\Ntfy_local\Source\JSONConfig.pas (250):     if (jsonValue is TJSONNumber) then[0m
[35md:\Projects\_Saved\Ntfy_local\Source\JSONConfig.pas (253):         Result := TJSONNumber(jsonValue).AsDouble;[0m
[35md:\Projects\_Saved\Ntfy_local\Source\JSONConfig.pas (257):           raise Exception.CreateFmt('TJSONConfig.GetFloat: Error converting JSON number to Float for Key: %s', [aKey]);[0m
[35md:\Projects\_Saved\Ntfy_local\Source\JSONConfig.pas (263):       raise Exception.CreateFmt('TJSONConfig.GetFloat: Value for Key "%s" is not a JSON Number.', [aKey]);[0m
[35md:\Projects\_Saved\Ntfy_local\Source\JSONConfig.pas (268): function TJSONConfig.GetBoolean(const aKey: string; const aDefault: Boolean): Boolean;[0m
[35md:\Projects\_Saved\Ntfy_local\Source\JSONConfig.pas (270):   jsonValue: TJsonValue;[0m
[35md:\Projects\_Saved\Ntfy_local\Source\JSONConfig.pas (272):   jsonValue := GetJsonValue(aKey);[0m
[35md:\Projects\_Saved\Ntfy_local\Source\JSONConfig.pas (273):   if Assigned(jsonValue) and (jsonValue is TJSONBool) then[0m
[35md:\Projects\_Saved\Ntfy_local\Source\JSONConfig.pas (274):     Result := TJSONBool(jsonValue).AsBoolean[0m
[35md:\Projects\_Saved\Ntfy_local\Source\JSONConfig.pas (279): function TJSONConfig.GetDateTime(const aKey: string; const aDefault: TDateTime): TDateTime;[0m
[35md:\Projects\_Saved\Ntfy_local\Source\JSONConfig.pas (281):   jsonValue: TJsonValue;[0m
[35md:\Projects\_Saved\Ntfy_local\Source\JSONConfig.pas (285):   jsonValue := GetJsonValue(aKey);[0m
[35md:\Projects\_Saved\Ntfy_local\Source\JSONConfig.pas (286):   if Assigned(jsonValue) then[0m
[35md:\Projects\_Saved\Ntfy_local\Source\JSONConfig.pas (288):     if (jsonValue is TJSONString) then[0m
[35md:\Projects\_Saved\Ntfy_local\Source\JSONConfig.pas (290):       datetimeStr := TJSONString(jsonValue).Value;[0m
[35md:\Projects\_Saved\Ntfy_local\Source\JSONConfig.pas (297):           raise Exception.CreateFmt('TJSONConfig.GetDateTime: Error parsing DateTime string for key %s', [aKey]);[0m
[35md:\Projects\_Saved\Ntfy_local\Source\JSONConfig.pas (303):       raise Exception.CreateFmt('TJSONConfig.GetDateTime: Value for Key "%s" is not a JSON String.', [aKey]);[0m
[35md:\Projects\_Saved\Ntfy_local\Source\JSONConfig.pas (308): function TJSONConfig.GetTime(const aKey: string; const aDefault: TTime): TTime;[0m
[35md:\Projects\_Saved\Ntfy_local\Source\JSONConfig.pas (310):   jsonValue: TJsonValue;[0m
[35md:\Projects\_Saved\Ntfy_local\Source\JSONConfig.pas (314):   jsonValue := GetJsonValue(aKey);[0m
[35md:\Projects\_Saved\Ntfy_local\Source\JSONConfig.pas (315):   if Assigned(jsonValue) then[0m
[35md:\Projects\_Saved\Ntfy_local\Source\JSONConfig.pas (317):     if (jsonValue is TJSONString) then[0m
[35md:\Projects\_Saved\Ntfy_local\Source\JSONConfig.pas (319):       timeStr := TJSONString(jsonValue).Value;[0m
[35md:\Projects\_Saved\Ntfy_local\Source\JSONConfig.pas (325):           raise Exception.CreateFmt('TJSONConfig.GetTime: Error parsing Time string for key %s', [aKey]);[0m
[35md:\Projects\_Saved\Ntfy_local\Source\JSONConfig.pas (331):       raise Exception.CreateFmt('TJSONConfig.GetTime: Value for Key "%s" is not a JSON String.', [aKey]);[0m
[35md:\Projects\_Saved\Ntfy_local\Source\JSONConfig.pas (336): function TJSONConfig.GetJSONArray(const aKey: string): TJSONArray;[0m
[35md:\Projects\_Saved\Ntfy_local\Source\JSONConfig.pas (338):   jsonValue: TJsonValue;[0m
[35md:\Projects\_Saved\Ntfy_local\Source\JSONConfig.pas (341):   jsonValue := GetJsonValue(aKey);[0m
[35md:\Projects\_Saved\Ntfy_local\Source\JSONConfig.pas (342):   if Assigned(jsonValue) and (jsonValue is TJSONArray) then[0m
[35md:\Projects\_Saved\Ntfy_local\Source\JSONConfig.pas (344):     Result := TJSONArray(jsonValue.Clone)[0m
[35md:\Projects\_Saved\Ntfy_local\Source\JSONConfig.pas (348): function TJSONConfig.GetValue: string;[0m
[35md:\Projects\_Saved\Ntfy_local\Source\JSONConfig.pas (350):   Result := fJSONObject.ToJSON;[0m
[35md:\Projects\_Saved\Ntfy_local\Source\JSONConfig.pas (353): procedure TJSONConfig.SetValue(const aValue: string);[0m
[35md:\Projects\_Saved\Ntfy_local\Source\JSONConfig.pas (355):   newJSONObject: TJSONObject;[0m
[35md:\Projects\_Saved\Ntfy_local\Source\JSONConfig.pas (356):   jsonValue: TJsonValue;[0m
[35md:\Projects\_Saved\Ntfy_local\Source\JSONConfig.pas (358):   jsonValue := nil; // Initialize to nil[0m
[35md:\Projects\_Saved\Ntfy_local\Source\JSONConfig.pas (360):     jsonValue := TJSONObject.ParseJsonValue(aValue); // Parse the input string[0m
[35md:\Projects\_Saved\Ntfy_local\Source\JSONConfig.pas (361):     if Assigned(jsonValue) and (jsonValue is TJSONObject) then[0m
[35md:\Projects\_Saved\Ntfy_local\Source\JSONConfig.pas (363):       newJSONObject := jsonValue as TJSONObject; // Cast to TJSONObject[0m
[35md:\Projects\_Saved\Ntfy_local\Source\JSONConfig.pas (364):       fJSONObject.Free; // Free the old object to prevent memory leaks[0m
[35md:\Projects\_Saved\Ntfy_local\Source\JSONConfig.pas (365):       fJSONObject := newJSONObject; // Assign the new object[0m
[35md:\Projects\_Saved\Ntfy_local\Source\JSONConfig.pas (369):       // If parsing fails or the root is not a JSON object, raise an exception[0m
[35md:\Projects\_Saved\Ntfy_local\Source\JSONConfig.pas (370):       raise Exception.Create('TJSONConfig.SetValue: Invalid JSON format or not a JSON Object.');[0m
[35md:\Projects\_Saved\Ntfy_local\Source\JSONConfig.pas (373):     // Ensure JSONValue is freed only if it's not the one assigned to fJSONObject[0m
[35md:\Projects\_Saved\Ntfy_local\Source\JSONConfig.pas (374):     if Assigned(jsonValue) and (jsonValue <> fJSONObject) then jsonValue.Free;[0m
[32mFOUND: d:\Projects\_Saved\Ntfy_local\Source\Main.pas[0m
[35md:\Projects\_Saved\Ntfy_local\Source\Main.pas (7):   System.SysUtils, System.Variants, System.Classes, System.IOUtils, System.JSON, System.DateUtils,[0m
[35md:\Projects\_Saved\Ntfy_local\Source\Main.pas (12):   NtfyClient, JSONConfig, NotifierSettings;[0m
[35md:\Projects\_Saved\Ntfy_local\Source\Main.pas (61):     FConfig: TJSONConfig;[0m
[35md:\Projects\_Saved\Ntfy_local\Source\Main.pas (94):   CONFIG_FILE = 'ntfy_settings.json';[0m
[35md:\Projects\_Saved\Ntfy_local\Source\Main.pas (103):   FConfig := TJSONConfig.Create;[0m
[32mFOUND: d:\Projects\_Saved\Ntfy_local\Source\MainReceive.pas[0m
[35md:\Projects\_Saved\Ntfy_local\Source\MainReceive.pas (7):   System.SysUtils, System.Variants, System.Classes, System.IOUtils, System.JSON, System.DateUtils,[0m
[35md:\Projects\_Saved\Ntfy_local\Source\MainReceive.pas (11):   NtfyClient, JSONConfig, NotifierSettings, NtfyEmoji, MessageDisplay,[0m
[35md:\Projects\_Saved\Ntfy_local\Source\MainReceive.pas (57):     FConfig: TJSONConfig;[0m
[35md:\Projects\_Saved\Ntfy_local\Source\MainReceive.pas (87):   CONFIG_FILE = 'NtfyConfig.json';[0m
[35md:\Projects\_Saved\Ntfy_local\Source\MainReceive.pas (96):   FConfig := TJSONConfig.Create;[0m
[32mFOUND: d:\Projects\_Saved\Ntfy_local\Source\MainSend.pas[0m
[35md:\Projects\_Saved\Ntfy_local\Source\MainSend.pas (7):   System.SysUtils, System.Variants, System.Classes, System.IOUtils, System.JSON, System.DateUtils,[0m
[35md:\Projects\_Saved\Ntfy_local\Source\MainSend.pas (10):   NtfyClient, JSONConfig, NotifierSettings;[0m
[35md:\Projects\_Saved\Ntfy_local\Source\MainSend.pas (46):     FConfig: TJSONConfig;[0m
[35md:\Projects\_Saved\Ntfy_local\Source\MainSend.pas (72):   CONFIG_FILE = 'NtfyConfig.json';[0m
[35md:\Projects\_Saved\Ntfy_local\Source\MainSend.pas (81):   FConfig := TJSONConfig.Create;[0m
[32mFOUND: d:\Projects\_Saved\Ntfy_local\Source\NotifierSettings.pas[0m
[35md:\Projects\_Saved\Ntfy_local\Source\NotifierSettings.pas (7):   System.SysUtils, System.Variants, System.Classes, System.JSON, Vcl.Graphics,[0m
[35md:\Projects\_Saved\Ntfy_local\Source\NotifierSettings.pas (12):   JSONConfig, NtfyClient;[0m
[35md:\Projects\_Saved\Ntfy_local\Source\NotifierSettings.pas (53):     procedure Read(aConfig: TJSONConfig);[0m
[35md:\Projects\_Saved\Ntfy_local\Source\NotifierSettings.pas (54):     procedure Write(aConfig: TJSONConfig);[0m
[35md:\Projects\_Saved\Ntfy_local\Source\NotifierSettings.pas (100):     FConfig: TJSONConfig;[0m
[35md:\Projects\_Saved\Ntfy_local\Source\NotifierSettings.pas (224): procedure TSettings.Read(aConfig: TJSONConfig);[0m
[35md:\Projects\_Saved\Ntfy_local\Source\NotifierSettings.pas (227):   tagsArray: TJSONArray;[0m
[35md:\Projects\_Saved\Ntfy_local\Source\NotifierSettings.pas (246):   tagsArray := aConfig.GetJSONArray('TagsList');[0m
[35md:\Projects\_Saved\Ntfy_local\Source\NotifierSettings.pas (252):         if tagsArray.Items[I] is TJSONString then[0m
[35md:\Projects\_Saved\Ntfy_local\Source\NotifierSettings.pas (253):           FTagsList.Add(TJSONString(tagsArray.Items[I]).Value);[0m
[35md:\Projects\_Saved\Ntfy_local\Source\NotifierSettings.pas (261): procedure TSettings.Write(aConfig: TJSONConfig);[0m
[35md:\Projects\_Saved\Ntfy_local\Source\NotifierSettings.pas (263):   tagsArray: TJSONArray;[0m
[35md:\Projects\_Saved\Ntfy_local\Source\NotifierSettings.pas (282):   tagsArray := TJSONArray.Create;[0m
[35md:\Projects\_Saved\Ntfy_local\Source\NotifierSettings.pas (286):     aConfig.SetJSONArray('TagsList', tagsArray);[0m
[35md:\Projects\_Saved\Ntfy_local\Source\NotifierSettings.pas (297):   FConfig := TJSONConfig.Create;[0m
[32mFOUND: d:\Projects\_Saved\Ntfy_local\Source\NtfyClient.pas[0m
[35md:\Projects\_Saved\Ntfy_local\Source\NtfyClient.pas (6):   System.SysUtils, System.Classes, System.JSON,[0m
[35md:\Projects\_Saved\Ntfy_local\Source\NtfyClient.pas (125):   cJSON: TJSONValue;[0m
[35md:\Projects\_Saved\Ntfy_local\Source\NtfyClient.pas (136):     cRequest.Resource := FTopic + '/json';[0m
[35md:\Projects\_Saved\Ntfy_local\Source\NtfyClient.pas (151):           { Parse the NDJSON response by splitting it into lines }[0m
[35md:\Projects\_Saved\Ntfy_local\Source\NtfyClient.pas (160):             cJSON := TJSONObject.ParseJSONValue(cLine);[0m
[35md:\Projects\_Saved\Ntfy_local\Source\NtfyClient.pas (161):             if Assigned(cJSON) then[0m
[35md:\Projects\_Saved\Ntfy_local\Source\NtfyClient.pas (164):               if cJSON.TryGetValue<string>('event', cEvent) and (cEvent = cEventMessage) then[0m
[35md:\Projects\_Saved\Ntfy_local\Source\NtfyClient.pas (166):                 cJSON.TryGetValue<string>('id', cID);[0m
[35md:\Projects\_Saved\Ntfy_local\Source\NtfyClient.pas (167):                 cJSON.TryGetValue<string>('message', cMessage);[0m
[35md:\Projects\_Saved\Ntfy_local\Source\NtfyClient.pas (169):                 if not cJSON.TryGetValue<string>('title', cTitle) then cTitle := '';[0m
[35md:\Projects\_Saved\Ntfy_local\Source\NtfyClient.pas (171):                 { tags is a JSON array - join the items into a comma-separated string }[0m
[35md:\Projects\_Saved\Ntfy_local\Source\NtfyClient.pas (173):                 var tagsVal: TJSONValue;[0m
[35md:\Projects\_Saved\Ntfy_local\Source\NtfyClient.pas (174):                 if cJSON.TryGetValue<TJSONValue>('tags', tagsVal) and (tagsVal is TJSONArray) then[0m
[35md:\Projects\_Saved\Ntfy_local\Source\NtfyClient.pas (176):                   var tagsArr := TJSONArray(tagsVal);[0m
[35md:\Projects\_Saved\Ntfy_local\Source\NtfyClient.pas (187):                 if not cJSON.TryGetValue<Int64>('time', cTime) then cTime := 0;[0m
[35md:\Projects\_Saved\Ntfy_local\Source\NtfyClient.pas (195):               cJSON.Free;[0m
[32mFOUND: d:\Projects\_Saved\Ntfy_local\_Saved\NtfyClient-NET-method.pas[0m
[35md:\Projects\_Saved\Ntfy_local\_Saved\NtfyClient-NET-method.pas (6):   System.SysUtils, System.Classes, System.Net.HttpClient, System.Net.URLClient, System.JSON;[0m
[35md:\Projects\_Saved\Ntfy_local\_Saved\NtfyClient-NET-method.pas (128):   cJSON: TJSONValue;[0m
[35md:\Projects\_Saved\Ntfy_local\_Saved\NtfyClient-NET-method.pas (134):   cURL := FServerURL + '/' + FTopic + '/json?poll=1';[0m
[35md:\Projects\_Saved\Ntfy_local\_Saved\NtfyClient-NET-method.pas (147):         { The poll endpoint returns NDJSON (Newline Delimited JSON). [0m
[35md:\Projects\_Saved\Ntfy_local\_Saved\NtfyClient-NET-method.pas (148):           We split by line and parse each JSON object independently. }[0m
[35md:\Projects\_Saved\Ntfy_local\_Saved\NtfyClient-NET-method.pas (157):           cJSON := TJSONObject.ParseJSONValue(cLine);[0m
[35md:\Projects\_Saved\Ntfy_local\_Saved\NtfyClient-NET-method.pas (158):           if Assigned(cJSON) then[0m
[35md:\Projects\_Saved\Ntfy_local\_Saved\NtfyClient-NET-method.pas (161):             if cJSON.TryGetValue<string>('event', cEvent) and (cEvent = cEventMessage) then[0m
[35md:\Projects\_Saved\Ntfy_local\_Saved\NtfyClient-NET-method.pas (163):               cJSON.TryGetValue<string>('id', cID);[0m
[35md:\Projects\_Saved\Ntfy_local\_Saved\NtfyClient-NET-method.pas (164):               cJSON.TryGetValue<string>('message', cMessage);[0m
[35md:\Projects\_Saved\Ntfy_local\_Saved\NtfyClient-NET-method.pas (166):               if not cJSON.TryGetValue<string>('title', cTitle) then cTitle := '';[0m
[35md:\Projects\_Saved\Ntfy_local\_Saved\NtfyClient-NET-method.pas (167):               if not cJSON.TryGetValue<string>('tags', cTags) then cTags := '';[0m
[35md:\Projects\_Saved\Ntfy_local\_Saved\NtfyClient-NET-method.pas (168):               if not cJSON.TryGetValue<Int64>('time', cTime) then cTime := 0;[0m
[35md:\Projects\_Saved\Ntfy_local\_Saved\NtfyClient-NET-method.pas (177):             cJSON.Free;[0m
[36mSearch complete.[0m
